-- MySQL dump 10.13  Distrib 8.0.19, for Win64 (x86_64)
--
-- Host: 127.0.0.1    Database: rex.microservice
-- ------------------------------------------------------
-- Server version	8.0.20

/*!40101 SET @OLD_CHARACTER_SET_CLIENT=@@CHARACTER_SET_CLIENT */;
/*!40101 SET @OLD_CHARACTER_SET_RESULTS=@@CHARACTER_SET_RESULTS */;
/*!40101 SET @OLD_COLLATION_CONNECTION=@@COLLATION_CONNECTION */;
/*!50503 SET NAMES utf8mb4 */;
/*!40103 SET @OLD_TIME_ZONE=@@TIME_ZONE */;
/*!40103 SET TIME_ZONE='+00:00' */;
/*!40014 SET @OLD_UNIQUE_CHECKS=@@UNIQUE_CHECKS, UNIQUE_CHECKS=0 */;
/*!40014 SET @OLD_FOREIGN_KEY_CHECKS=@@FOREIGN_KEY_CHECKS, FOREIGN_KEY_CHECKS=0 */;
/*!40101 SET @OLD_SQL_MODE=@@SQL_MODE, SQL_MODE='NO_AUTO_VALUE_ON_ZERO' */;
/*!40111 SET @OLD_SQL_NOTES=@@SQL_NOTES, SQL_NOTES=0 */;

--
-- Table structure for table `__efmigrationshistory`
--

DROP TABLE IF EXISTS `__efmigrationshistory`;
/*!40101 SET @saved_cs_client     = @@character_set_client */;
/*!50503 SET character_set_client = utf8mb4 */;
CREATE TABLE `__efmigrationshistory` (
  `MigrationId` varchar(150) CHARACTER SET utf8mb4 COLLATE utf8mb4_0900_ai_ci NOT NULL,
  `ProductVersion` varchar(32) CHARACTER SET utf8mb4 COLLATE utf8mb4_0900_ai_ci NOT NULL,
  PRIMARY KEY (`MigrationId`)
) ENGINE=InnoDB DEFAULT CHARSET=utf8mb4 COLLATE=utf8mb4_0900_ai_ci;
/*!40101 SET character_set_client = @saved_cs_client */;

--
-- Dumping data for table `__efmigrationshistory`
--

LOCK TABLES `__efmigrationshistory` WRITE;
/*!40000 ALTER TABLE `__efmigrationshistory` DISABLE KEYS */;
INSERT INTO `__efmigrationshistory` VALUES ('20230625065251_Initial','7.0.2'),('20230625080148_Initial','7.0.2'),('20230706130707_CreateMenuManagement','7.0.2'),('20230722023331_RemoveRoleMenuRedundantField','7.0.2');
/*!40000 ALTER TABLE `__efmigrationshistory` ENABLE KEYS */;
UNLOCK TABLES;

--
-- Table structure for table `auth_applications`
--

DROP TABLE IF EXISTS `auth_applications`;
/*!40101 SET @saved_cs_client     = @@character_set_client */;
/*!50503 SET character_set_client = utf8mb4 */;
CREATE TABLE `auth_applications` (
  `Id` char(36) CHARACTER SET ascii COLLATE ascii_general_ci NOT NULL,
  `ClientId` varchar(100) CHARACTER SET utf8mb4 COLLATE utf8mb4_0900_ai_ci DEFAULT NULL,
  `ClientSecret` longtext CHARACTER SET utf8mb4 COLLATE utf8mb4_0900_ai_ci,
  `ConsentType` varchar(50) CHARACTER SET utf8mb4 COLLATE utf8mb4_0900_ai_ci DEFAULT NULL,
  `DisplayName` longtext CHARACTER SET utf8mb4 COLLATE utf8mb4_0900_ai_ci,
  `DisplayNames` longtext CHARACTER SET utf8mb4 COLLATE utf8mb4_0900_ai_ci,
  `Permissions` longtext CHARACTER SET utf8mb4 COLLATE utf8mb4_0900_ai_ci,
  `PostLogoutRedirectUris` longtext CHARACTER SET utf8mb4 COLLATE utf8mb4_0900_ai_ci,
  `Properties` longtext CHARACTER SET utf8mb4 COLLATE utf8mb4_0900_ai_ci,
  `RedirectUris` longtext CHARACTER SET utf8mb4 COLLATE utf8mb4_0900_ai_ci,
  `Requirements` longtext CHARACTER SET utf8mb4 COLLATE utf8mb4_0900_ai_ci,
  `Type` varchar(50) CHARACTER SET utf8mb4 COLLATE utf8mb4_0900_ai_ci DEFAULT NULL,
  `ClientUri` longtext CHARACTER SET utf8mb4 COLLATE utf8mb4_0900_ai_ci,
  `LogoUri` longtext CHARACTER SET utf8mb4 COLLATE utf8mb4_0900_ai_ci,
  `ExtraProperties` longtext CHARACTER SET utf8mb4 COLLATE utf8mb4_0900_ai_ci,
  `ConcurrencyStamp` varchar(40) CHARACTER SET utf8mb4 COLLATE utf8mb4_0900_ai_ci DEFAULT NULL,
  `CreationTime` datetime(6) NOT NULL,
  `CreatorId` char(36) CHARACTER SET ascii COLLATE ascii_general_ci DEFAULT NULL,
  `LastModificationTime` datetime(6) DEFAULT NULL,
  `LastModifierId` char(36) CHARACTER SET ascii COLLATE ascii_general_ci DEFAULT NULL,
  `IsDeleted` tinyint(1) NOT NULL DEFAULT '0',
  `DeleterId` char(36) CHARACTER SET ascii COLLATE ascii_general_ci DEFAULT NULL,
  `DeletionTime` datetime(6) DEFAULT NULL,
  PRIMARY KEY (`Id`),
  KEY `IX_Auth_Applications_ClientId` (`ClientId`)
) ENGINE=InnoDB DEFAULT CHARSET=utf8mb4 COLLATE=utf8mb4_0900_ai_ci;
/*!40101 SET character_set_client = @saved_cs_client */;

--
-- Dumping data for table `auth_applications`
--

LOCK TABLES `auth_applications` WRITE;
/*!40000 ALTER TABLE `auth_applications` DISABLE KEYS */;
INSERT INTO `auth_applications` VALUES ('3a0c03bf-e6df-f2cc-ab01-a19177c7e1b9','AuthServer_Web','AQAAAAEAACcQAAAAENnNzZr6gL2TLnPoXE+Lofe9/dj7Uyc1T9Amr39lyffu9ONQ4x67IgSWSyZDUlPrRA==','implicit','Web Application',NULL,'[\"rst:code id_token\",\"ept:logout\",\"gt:authorization_code\",\"rst:code\",\"ept:authorization\",\"ept:token\",\"ept:revocation\",\"ept:introspection\",\"gt:implicit\",\"rst:id_token\",\"scp:address\",\"scp:email\",\"scp:phone\",\"scp:profile\",\"scp:roles\",\"scp:AuthServer\"]','[\"https://localhost:44393/signout-callback-oidc\"]',NULL,'[\"https://localhost:44393/signin-oidc\"]',NULL,'confidential','https://localhost:44393/',NULL,'{}','05078aee9bef49f49cb56c01f2a6ded6','2023-06-25 16:02:06.764071',NULL,NULL,NULL,0,NULL,NULL),('3a0c03bf-e751-58c7-23d8-d9bbb280dd95','AuthServer_App',NULL,'implicit','Console Test / Angular Application',NULL,'[\"ept:logout\",\"gt:authorization_code\",\"rst:code\",\"ept:authorization\",\"ept:token\",\"ept:revocation\",\"ept:introspection\",\"gt:password\",\"gt:client_credentials\",\"gt:refresh_token\",\"scp:address\",\"scp:email\",\"scp:phone\",\"scp:profile\",\"scp:roles\",\"scp:AuthServer\"]','[\"http://localhost:4200\"]',NULL,'[\"http://localhost:4200\"]',NULL,'public','http://localhost:4200',NULL,'{}','c6bcd433aa8f428ba8e31ed7a2188346','2023-06-25 16:02:06.803266',NULL,NULL,NULL,0,NULL,NULL),('3a0c03bf-e75a-1683-04ff-f4628c3d35c7','AuthServer_BlazorServerTiered','AQAAAAEAACcQAAAAEGkhqILXKoVnqmPaVcjLQik9s39dJAeJYzNhzltqp/Cwobl1FUWRg5RZJkpaGBFtUw==','implicit','Blazor Server Application',NULL,'[\"rst:code id_token\",\"ept:logout\",\"gt:authorization_code\",\"rst:code\",\"ept:authorization\",\"ept:token\",\"ept:revocation\",\"ept:introspection\",\"gt:implicit\",\"rst:id_token\",\"scp:address\",\"scp:email\",\"scp:phone\",\"scp:profile\",\"scp:roles\",\"scp:AuthServer\"]','[\"https://localhost:44375/signout-callback-oidc\"]',NULL,'[\"https://localhost:44375/signin-oidc\"]',NULL,'confidential','https://localhost:44375/',NULL,'{}','a197a7f842c345208fb99d4ba7ec9ff9','2023-06-25 16:02:06.821129',NULL,NULL,NULL,0,NULL,NULL),('3a0c03bf-e769-0df2-4b4d-5588d99fa442','AuthServer_Swagger',NULL,'implicit','Swagger Application',NULL,'[\"ept:logout\",\"gt:authorization_code\",\"rst:code\",\"ept:authorization\",\"ept:token\",\"ept:revocation\",\"ept:introspection\",\"scp:address\",\"scp:email\",\"scp:phone\",\"scp:profile\",\"scp:roles\",\"scp:AuthServer\"]',NULL,NULL,'[\"https://localhost:44320/swagger/oauth2-redirect.html\"]',NULL,'public','https://localhost:44320',NULL,'{}','9fed0c7ce14449cf87efad700b1c1922','2023-06-25 16:02:06.826960',NULL,NULL,NULL,0,NULL,NULL),('3a0c29b9-4091-346e-e272-fddebb005d53','WebBmClient',NULL,'implicit','Web(Vue)后台管理',NULL,'[\"ept:token\",\"ept:logout\",\"gt:password\", \"gt:refresh_token\",\"rst:token\",\"scp:openid\",\"scp:profile\",\"scp:AuthServerScope\",\"scp:BaseServiceScope\",\"scp:WorkflowServiceScope\"]','[\"http://localhost:9999\"]',NULL,NULL,NULL,'public','http://localhost:9999','','{}','3a631b79acb8414583c1ce7b8adc5b9d','2023-07-03 01:00:25.236447','3a0c0381-2b83-5125-2df8-9f50c0e3d11a',NULL,NULL,0,NULL,NULL),('3a0c418f-d15d-2eb4-fdfe-f3443f3350bf','BaseServiceSwaggerClient','AQAAAAEAACcQAAAAELOol3LSYNjtcK0zNlhKFdbB6YmkXijNMy7m2IxPS4tg6D9wdpapmpo7lVcC5g1eoQ==','implicit','BaseServiceSwaggerClient',NULL,'[\"ept:logout\",\"gt:authorization_code\",\"rst:code\",\"ept:authorization\",\"ept:token\",\"ept:revocation\",\"ept:introspection\",\"scp:address\",\"scp:email\",\"scp:phone\",\"scp:profile\",\"scp:roles\",\"scp:BaseServiceScope\",\"scp:AuthServiceScope\"]',NULL,NULL,'[\"https://localhost:44310/swagger/oauth2-redirect.html\"]',NULL,'confidential','https://localhost:44310','','{}','072f882f8f2d4f12961fb5e1c8c5cdfa','2023-07-07 16:06:03.321752','3a0c0381-2b83-5125-2df8-9f50c0e3d11a',NULL,NULL,0,NULL,NULL),('3a0cd116-94eb-d7e5-c691-72e3fadd4432','WorkflowServiceSwaggerClient','AQAAAAEAACcQAAAAEPLjv7shZsF+WGnck+RlizEEov6lLFtdf45WG2Ib8s7lnihzIv5ugdfNLkhkuVcRNw==','implicit','WorkflowServiceSwaggerClient',NULL,'[\"ept:logout\",\"gt:authorization_code\",\"rst:code\",\"ept:authorization\",\"ept:token\",\"ept:revocation\",\"ept:introspection\",\"scp:address\",\"scp:email\",\"scp:phone\",\"scp:profile\",\"scp:roles\",\"scp:WorkflowServiceScope\",\"scp:AuthServiceScope\"]',NULL,NULL,'[\"https://localhost:44330/swagger/oauth2-redirect.html\"]',NULL,'confidential','https://localhost:44330','','{}','863a95cf3fa641cfa5abd39bf57a070b','2023-08-04 12:58:56.652337','3a0c0381-2b83-5125-2df8-9f50c0e3d11a',NULL,NULL,0,NULL,NULL);
/*!40000 ALTER TABLE `auth_applications` ENABLE KEYS */;
UNLOCK TABLES;

--
-- Table structure for table `auth_authorizations`
--

DROP TABLE IF EXISTS `auth_authorizations`;
/*!40101 SET @saved_cs_client     = @@character_set_client */;
/*!50503 SET character_set_client = utf8mb4 */;
CREATE TABLE `auth_authorizations` (
  `Id` char(36) CHARACTER SET ascii COLLATE ascii_general_ci NOT NULL,
  `ApplicationId` char(36) CHARACTER SET ascii COLLATE ascii_general_ci DEFAULT NULL,
  `CreationDate` datetime(6) DEFAULT NULL,
  `Properties` longtext CHARACTER SET utf8mb4 COLLATE utf8mb4_0900_ai_ci,
  `Scopes` longtext CHARACTER SET utf8mb4 COLLATE utf8mb4_0900_ai_ci,
  `Status` varchar(50) CHARACTER SET utf8mb4 COLLATE utf8mb4_0900_ai_ci DEFAULT NULL,
  `Subject` varchar(400) CHARACTER SET utf8mb4 COLLATE utf8mb4_0900_ai_ci DEFAULT NULL,
  `Type` varchar(50) CHARACTER SET utf8mb4 COLLATE utf8mb4_0900_ai_ci DEFAULT NULL,
  `ExtraProperties` longtext CHARACTER SET utf8mb4 COLLATE utf8mb4_0900_ai_ci,
  `ConcurrencyStamp` varchar(40) CHARACTER SET utf8mb4 COLLATE utf8mb4_0900_ai_ci DEFAULT NULL,
  `CreationTime` datetime(6) NOT NULL,
  `CreatorId` char(36) CHARACTER SET ascii COLLATE ascii_general_ci DEFAULT NULL,
  `LastModificationTime` datetime(6) DEFAULT NULL,
  `LastModifierId` char(36) CHARACTER SET ascii COLLATE ascii_general_ci DEFAULT NULL,
  `IsDeleted` tinyint(1) NOT NULL DEFAULT '0',
  `DeleterId` char(36) CHARACTER SET ascii COLLATE ascii_general_ci DEFAULT NULL,
  `DeletionTime` datetime(6) DEFAULT NULL,
  PRIMARY KEY (`Id`),
  KEY `IX_Auth_Authorizations_ApplicationId_Status_Subject_Type` (`ApplicationId`,`Status`,`Subject`,`Type`),
  CONSTRAINT `FK_Auth_Authorizations_Auth_Applications_ApplicationId` FOREIGN KEY (`ApplicationId`) REFERENCES `auth_applications` (`Id`)
) ENGINE=InnoDB DEFAULT CHARSET=utf8mb4 COLLATE=utf8mb4_0900_ai_ci;
/*!40101 SET character_set_client = @saved_cs_client */;

--
-- Dumping data for table `auth_authorizations`
--

LOCK TABLES `auth_authorizations` WRITE;
/*!40000 ALTER TABLE `auth_authorizations` DISABLE KEYS */;
INSERT INTO `auth_authorizations` VALUES ('3a0c41bc-5282-d9ca-ae76-a347f6dbed21','3a0c418f-d15d-2eb4-fdfe-f3443f3350bf','2023-07-07 08:54:39.486337',NULL,'[\"BaseServiceScope\"]','valid','3a0c0381-2b83-5125-2df8-9f50c0e3d11a','permanent','{}','1e8100d9a98940f397c03b75e59aa99e','2023-07-07 16:54:39.578024','3a0c0381-2b83-5125-2df8-9f50c0e3d11a',NULL,NULL,0,NULL,NULL),('3a0c65e3-b886-1deb-9a4e-ba39574c94cd','3a0c03bf-e769-0df2-4b4d-5588d99fa442','2023-07-14 09:24:01.283776',NULL,'[\"AuthServer\"]','valid','3a0c0381-2b83-5125-2df8-9f50c0e3d11a','permanent','{}','a77949fe4fd44c9dafbe90a90237e17d','2023-07-14 17:24:01.373418','3a0c0381-2b83-5125-2df8-9f50c0e3d11a',NULL,NULL,0,NULL,NULL),('3a0cd169-56e3-0e10-efa0-7d16f156903e','3a0cd116-94eb-d7e5-c691-72e3fadd4432','2023-08-04 06:29:20.225607',NULL,'[\"WorkflowServiceScope\"]','valid','3a0c0381-2b83-5125-2df8-9f50c0e3d11a','permanent','{}','82c21d23205a4ae79c9c2f4074b8ea63','2023-08-04 14:29:20.313402','3a0c0381-2b83-5125-2df8-9f50c0e3d11a',NULL,NULL,0,NULL,NULL);
/*!40000 ALTER TABLE `auth_authorizations` ENABLE KEYS */;
UNLOCK TABLES;

--
-- Table structure for table `auth_scopes`
--

DROP TABLE IF EXISTS `auth_scopes`;
/*!40101 SET @saved_cs_client     = @@character_set_client */;
/*!50503 SET character_set_client = utf8mb4 */;
CREATE TABLE `auth_scopes` (
  `Id` char(36) CHARACTER SET ascii COLLATE ascii_general_ci NOT NULL,
  `Description` longtext CHARACTER SET utf8mb4 COLLATE utf8mb4_0900_ai_ci,
  `Descriptions` longtext CHARACTER SET utf8mb4 COLLATE utf8mb4_0900_ai_ci,
  `DisplayName` longtext CHARACTER SET utf8mb4 COLLATE utf8mb4_0900_ai_ci,
  `DisplayNames` longtext CHARACTER SET utf8mb4 COLLATE utf8mb4_0900_ai_ci,
  `Name` varchar(200) CHARACTER SET utf8mb4 COLLATE utf8mb4_0900_ai_ci DEFAULT NULL,
  `Properties` longtext CHARACTER SET utf8mb4 COLLATE utf8mb4_0900_ai_ci,
  `Resources` longtext CHARACTER SET utf8mb4 COLLATE utf8mb4_0900_ai_ci,
  `ExtraProperties` longtext CHARACTER SET utf8mb4 COLLATE utf8mb4_0900_ai_ci,
  `ConcurrencyStamp` varchar(40) CHARACTER SET utf8mb4 COLLATE utf8mb4_0900_ai_ci DEFAULT NULL,
  `CreationTime` datetime(6) NOT NULL,
  `CreatorId` char(36) CHARACTER SET ascii COLLATE ascii_general_ci DEFAULT NULL,
  `LastModificationTime` datetime(6) DEFAULT NULL,
  `LastModifierId` char(36) CHARACTER SET ascii COLLATE ascii_general_ci DEFAULT NULL,
  `IsDeleted` tinyint(1) NOT NULL DEFAULT '0',
  `DeleterId` char(36) CHARACTER SET ascii COLLATE ascii_general_ci DEFAULT NULL,
  `DeletionTime` datetime(6) DEFAULT NULL,
  PRIMARY KEY (`Id`),
  KEY `IX_Auth_Scopes_Name` (`Name`)
) ENGINE=InnoDB DEFAULT CHARSET=utf8mb4 COLLATE=utf8mb4_0900_ai_ci;
/*!40101 SET character_set_client = @saved_cs_client */;

--
-- Dumping data for table `auth_scopes`
--

LOCK TABLES `auth_scopes` WRITE;
/*!40000 ALTER TABLE `auth_scopes` DISABLE KEYS */;
INSERT INTO `auth_scopes` VALUES ('3a0c03bf-e574-cbc0-964a-1c3ec31c81f8',NULL,NULL,'AuthServer API',NULL,'AuthServer',NULL,'[\"AuthServer\"]','{}','0d0c3db3185c45ad804dbe493f413eaa','2023-06-25 16:02:06.391175',NULL,NULL,NULL,0,NULL,NULL),('3a0c29b4-4325-e2da-ca51-3ea42fd4c165','Base服务Scope',NULL,'BaseServiceScope',NULL,'BaseServiceScope',NULL,'[\"BaseService\"]','{}','d1d87907541d4c77adc32148351b8d6a','2023-07-02 16:54:58.120479','3a0c0381-2b83-5125-2df8-9f50c0e3d11a',NULL,NULL,0,NULL,NULL),('3a0c29b4-dca1-52df-a2d7-5fdb11806d85','Auth服务Scope',NULL,'AuthServerScope',NULL,'AuthServerScope',NULL,'[\"AuthServer\"]','{}','316ec2303d5e4dd7bc9736ad6d1036bb','2023-07-02 16:55:37.378431','3a0c0381-2b83-5125-2df8-9f50c0e3d11a',NULL,NULL,0,NULL,NULL),('3a0cd114-76a8-d6f3-f6ee-2e9e1f7a84ee','工作流服务Scope',NULL,'WorkflowServiceScope',NULL,'WorkflowServiceScope',NULL,'[\"WorkflowService\"]','{}','45599a8fc9384e4cbf0d62d92b29fc52','2023-08-04 04:56:37.833642','3a0c0381-2b83-5125-2df8-9f50c0e3d11a',NULL,NULL,0,NULL,NULL);
/*!40000 ALTER TABLE `auth_scopes` ENABLE KEYS */;
UNLOCK TABLES;

--
-- Table structure for table `auth_tokens`
--

DROP TABLE IF EXISTS `auth_tokens`;
/*!40101 SET @saved_cs_client     = @@character_set_client */;
/*!50503 SET character_set_client = utf8mb4 */;
CREATE TABLE `auth_tokens` (
  `Id` char(36) CHARACTER SET ascii COLLATE ascii_general_ci NOT NULL,
  `ApplicationId` char(36) CHARACTER SET ascii COLLATE ascii_general_ci DEFAULT NULL,
  `AuthorizationId` char(36) CHARACTER SET ascii COLLATE ascii_general_ci DEFAULT NULL,
  `CreationDate` datetime(6) DEFAULT NULL,
  `ExpirationDate` datetime(6) DEFAULT NULL,
  `Payload` longtext CHARACTER SET utf8mb4 COLLATE utf8mb4_0900_ai_ci,
  `Properties` longtext CHARACTER SET utf8mb4 COLLATE utf8mb4_0900_ai_ci,
  `RedemptionDate` datetime(6) DEFAULT NULL,
  `ReferenceId` varchar(100) CHARACTER SET utf8mb4 COLLATE utf8mb4_0900_ai_ci DEFAULT NULL,
  `Status` varchar(50) CHARACTER SET utf8mb4 COLLATE utf8mb4_0900_ai_ci DEFAULT NULL,
  `Subject` varchar(400) CHARACTER SET utf8mb4 COLLATE utf8mb4_0900_ai_ci DEFAULT NULL,
  `Type` varchar(50) CHARACTER SET utf8mb4 COLLATE utf8mb4_0900_ai_ci DEFAULT NULL,
  `ExtraProperties` longtext CHARACTER SET utf8mb4 COLLATE utf8mb4_0900_ai_ci,
  `ConcurrencyStamp` varchar(40) CHARACTER SET utf8mb4 COLLATE utf8mb4_0900_ai_ci DEFAULT NULL,
  `CreationTime` datetime(6) NOT NULL,
  `CreatorId` char(36) CHARACTER SET ascii COLLATE ascii_general_ci DEFAULT NULL,
  `LastModificationTime` datetime(6) DEFAULT NULL,
  `LastModifierId` char(36) CHARACTER SET ascii COLLATE ascii_general_ci DEFAULT NULL,
  `IsDeleted` tinyint(1) NOT NULL DEFAULT '0',
  `DeleterId` char(36) CHARACTER SET ascii COLLATE ascii_general_ci DEFAULT NULL,
  `DeletionTime` datetime(6) DEFAULT NULL,
  PRIMARY KEY (`Id`),
  KEY `IX_Auth_Tokens_ApplicationId_Status_Subject_Type` (`ApplicationId`,`Status`,`Subject`,`Type`),
  KEY `IX_Auth_Tokens_AuthorizationId` (`AuthorizationId`),
  KEY `IX_Auth_Tokens_ReferenceId` (`ReferenceId`),
  CONSTRAINT `FK_Auth_Tokens_Auth_Applications_ApplicationId` FOREIGN KEY (`ApplicationId`) REFERENCES `auth_applications` (`Id`),
  CONSTRAINT `FK_Auth_Tokens_Auth_Authorizations_AuthorizationId` FOREIGN KEY (`AuthorizationId`) REFERENCES `auth_authorizations` (`Id`)
) ENGINE=InnoDB DEFAULT CHARSET=utf8mb4 COLLATE=utf8mb4_0900_ai_ci;
/*!40101 SET character_set_client = @saved_cs_client */;

--
-- Dumping data for table `auth_tokens`
--

LOCK TABLES `auth_tokens` WRITE;
/*!40000 ALTER TABLE `auth_tokens` DISABLE KEYS */;
INSERT INTO `auth_tokens` VALUES ('3a0cd0e5-c5d1-7019-ba04-64c402ac1b34','3a0c29b9-4091-346e-e272-fddebb005d53',NULL,'2023-08-04 04:05:37.000000','2023-08-05 04:05:37.000000',NULL,NULL,NULL,NULL,'valid','3a0c0381-2b83-5125-2df8-9f50c0e3d11a','access_token','{}','199fe92c35274ef0a5514a85e204dc98','2023-08-04 12:05:37.968277',NULL,NULL,NULL,0,NULL,NULL),('3a0cd112-ae90-f972-14ea-613828aea2fe','3a0c03bf-e769-0df2-4b4d-5588d99fa442','3a0c65e3-b886-1deb-9a4e-ba39574c94cd','2023-08-04 04:54:41.000000','2023-08-04 04:59:41.000000','eyJhbGciOiJSU0EtT0FFUCIsImVuYyI6IkEyNTZDQkMtSFM1MTIiLCJraWQiOiIyMEQ5ODFGMDE5NUFERTdDOTcyRjQzQUYzOTRGQkUzNkZFRkMwRDdCIiwidHlwIjoib2lfYXVjK2p3dCIsImN0eSI6IkpXVCJ9.mF9J1APOzhI3gmc3Lk_O64rLCoGwtTTS6dek9dLm_4qF3wA0V7Lq-bP3AsO9-hvnDcFJEftBeza6uDIn2AXH4FOGeweIuvX4MiDdFSGoSp8CuIIhFyZ2nM2lQtPB_QDYWmMnIsRPcYM2zWKoVNag83041I9Sn-2nfoLFA7kaEGiUwsE-zLBzQXS_pxNu_qL6Nx_wPWOypIMs7_0bvVZ2O4PpmqmgqOWEkxdZNgYIRzMtaFrLezq9N_2mHSVi5JHfqmgOtdIgjLBtGICKdrc1pjILYY6CiT9APizO7fmtpxubUwqDZRFILMzapTO-YCUuuefldRDgKc1c4yTIYCG2fQ.3924qQDldKB-vOtQdCCSSw.uZVvFFkDKI3SLsc29FAQ8jYnVlkPTPzNGEBW3cNP5kL_IY6ZpfWwwT4erQ_JIY767fzc401UZE-d827JgObdL54IsvI6alZxs0LNDRLtcp99XpLHUHeMbbj5EsGfFHRzUovgXP2_I705XJ5_j55gEbY-c0eXdwsdGVb3W7ThtntPVDFTDxUmbYvtqjCsG8Z6rXnb5GrjJweJx_LV7NS7tbw48PmhJTqwuKaxVR3RZazPDlZIW59oM_DIBg7V67ASVs-u1s_1Mr1FPBV-7XvJgv0hlN7zaib7ftSAOk4azzBjo5wbAUydl3yBBZQiLnpz9G00I-JmaXfyi2ZF2Cpz5iRUHh2_n60IT7gShPRatLqja6aBZmG57KVGbVmrLj3igaiicepGHETOZ-LCvoZ6aWlb4FTR2ABghHzKKgdQ4-axLBUdGPMYhJdtZud3tLVCAJ0Ha4hiUN1n8WyBBLH-c2jM8NvfNU_xyQIOAPSC5iLsJFgWaxwxa-bFWw0PDgnbcsSzHVlmn-TLJ4ABih7CEYQJR-08AP-S_HixI_Kdcxyd5Bt7OYpZA-d15qou99Fgc-11C-XsyK1uVL79ksjKvDKugBUrsbCX_r2zF3tNTEaJpPqcV_b4uM3gOcpUB1NcFY1-yxC071YEDqGJT-Ri6Xz30hNq2dhN3FaUpWJ7UXDQ5aW-CBwdmonx_mpT1s0rm-9A4SEKwoHDxVoNqNtRYt9rXXcokse9dOLQaEO0JngipyYfb75ulrTBud_NcFuizip4geEqZfsJSW-FNui3M-LSiajM2Awr6xeXBzoD9J1lcQwaZ01222Y34JnOk5jtFvLZ6SevhMepgSFLELN33mA1m0oSc-3nm2hHmY4BOro77cD6rqTSu0idXI6uuH9FOx_uph2VrvQkQX4Gv5NrjLlVW--to2CuPesb2kvmhvLhreLh63XT110A2cLmKmhj-hfm6vgpigWH6j7E4c_0iUT-EVgN3gPFkEx8jyJnkzVGd_9dskGnP3Gprz-o5XT8t6AKRxqI9LzA9NrZvLC2TGU4ey0CHzLn9FI23KO1ofGmcLwQwTz0Q-dhbQ8fVYI_ES1nkuq8sy5CUQkZri8lUmk3qo2N0N0BjCoBYVIBbnCIFlmfqZDFp2mmx7DZvR9wHRgYZeSxjzh326ZiHAx1Z2FiYVziNVOJr3EAgrARzpq-tzJpqx6msizbLbNSrYwZ6GtW-kMnlzYeGE-jXoH60laLlNbhAVAPwarFaG5je2Ta5iWsF1236NOKCeNAHYZkAb-6sQy5y4vxQlfhX5IPpjAmimQxmSsy1Wjtu9Jsl0lxH0OL01eV82zmgE6jpY0XJlNL3t5YCFxjGTyiTxNM3qtaiz5FBmBTRuEUNrTZZtvd24-MgnP4ABsA7sBC04RnlS3hhwUuDMYn1F1UpVDv7bWt5-ln2fyRftPwEYWzf4acvgoW7W6bpNSyh5sDEWt284BqXSKnqdBhxOitpR4wTYZSW8ZTtZ3Oxn9QdZJQ3HlV466Us_ykOC9nrlcamJzWzxqBgfr-yV6oZAbQM_EWCJu5jsMYJwaYnFEy-W6YOy81K9NNg-8KKgwOcaTSxIgBip4Q2vzG-nmcIr0NOjrHyV9wi7nCIAPzg0XYaef5ROoQm0XYKo7QTb1RNfwKjRpQ_RwXemFdhbjFnRCHVbCqeLhuyJPvsYriXgluvxhyzvhs8-7jK_CfCpkQrlErHhneHXTm_5oGNSbV-rY49_oZ3uio0Ms7oxJGdzJ7buMjbsS1AcWVpdVmzwewcD0Yg0Jv1d_xXZcBs9XaabIFag8S7hn5qPMh4mLA8VxjBM3Ue5aqp5YbG5Vg2lB4aYBqymiy3GcydWG8aAittU5ljwZKxSuOBfTXxPUZS5Cawt4qseC5e1wT3P1Zq40G65nfzbfBatpacRu9x0KzXFVgaUEHlkTeb16Rsor0G8XAGkIAYBDy0zNCgKSWRuN7Ss9jfFsURjO9rWkOvDlxCw-SS3FMrIh9LZK5PqLZoC-SzvAKpaqkpOHVNrwycTry_QAVf3OW7lU4W0vyBUtMrBIys-gtMIEEnk_YPfJhyIj-JoTiQ4v0Or2LCd0RdOq8wpYxOUYe8cOhb6PADjLQzotzNCDePO2uDfjv7Zq0ZnFN6Y0lJm1L9V3xt3Q7xsts6meN7-nNrQdEgLIYUOFNUuWIWss4ffrIrwWYiRktfopK4c3pRpSmZB76pH6H44DBaBjMILQaJnypuXcniVRir8KoDk2vELZAZ3SCo6IT3qXd_prbjcO72bf3oAZieOwnZ1-EYfyVDgb9ePNb0KGTWqzDQDKmuwxS3JycwgAh57tKfxW0l-mgmwTrE1O_CM66KGL4iG0LZIDF9hAiQXk0WY6nKQ_etUldgmpHoVrmpCYHW1rJO-1J9FXIXPwYf_K83u9uQwqMbsVYAB8OZrSEYchMqVcv5Kt-_HEcUkCsENhnlXfCznA.ij9yInASjrJFOMPmDeN-ne4QlPFyUclWDsPUfyJz81Q',NULL,'2023-08-04 04:54:41.863905','5IQtnIcZIRk0qLtSPRp0HoiMU8v+Y2wB5Spw6Jotpkk=','redeemed','3a0c0381-2b83-5125-2df8-9f50c0e3d11a','authorization_code','{}','f6531322aff74611afc24c31aef65441','2023-08-04 12:54:41.054777','3a0c0381-2b83-5125-2df8-9f50c0e3d11a','2023-08-04 12:54:41.871296','3a0c0381-2b83-5125-2df8-9f50c0e3d11a',0,NULL,NULL),('3a0cd112-b1dc-a6c6-058e-b90cfd027ee2','3a0c03bf-e769-0df2-4b4d-5588d99fa442','3a0c65e3-b886-1deb-9a4e-ba39574c94cd','2023-08-04 04:54:41.000000','2023-08-05 04:54:41.000000',NULL,NULL,NULL,NULL,'valid','3a0c0381-2b83-5125-2df8-9f50c0e3d11a','access_token','{}','1814df071dc349bfb9f156195679b7d2','2023-08-04 12:54:41.888536','3a0c0381-2b83-5125-2df8-9f50c0e3d11a',NULL,NULL,0,NULL,NULL),('3a0cd169-5875-707b-b118-2647014be253','3a0cd116-94eb-d7e5-c691-72e3fadd4432','3a0cd169-56e3-0e10-efa0-7d16f156903e','2023-08-04 06:29:20.000000','2023-08-04 06:34:20.000000','eyJhbGciOiJSU0EtT0FFUCIsImVuYyI6IkEyNTZDQkMtSFM1MTIiLCJraWQiOiIyMEQ5ODFGMDE5NUFERTdDOTcyRjQzQUYzOTRGQkUzNkZFRkMwRDdCIiwidHlwIjoib2lfYXVjK2p3dCIsImN0eSI6IkpXVCJ9.Po3n12oKWRVcpnLVHSa8VmjmjjxisjlDcz-PlJ2oovfEP3TBHm3z8kxxx6PiyH1xZhmiY1xaCgpKfgjwMDddWyC19igS8n3rovhv8BIg2Fbug8WpGHITEz3tEtZWDiS3rwBbfQDFfr1VXkY_B4e8O0iO2tk1pLz0OkzbejRcEfALANMkrgIf93TktbxtUNhsTmQ0pdgig7b82-GwCqJgjxPezSASy0EGtxplrZDj5d9esrIJlNgYpfoRl4iZIGkz-gh9xkgfZtZ_byl6JSseSNYR8_ZSGCGlIThwsUaK1_sKhV9ILyI9fJKaq5XvDB0YkT4ia0nDKWhekfxeR_Chdw.SNtid8v8dHK4KxfsWvTFjg.36fLyVgnI0OwyKZ7OoJrgBPQj7TTWY2TegD6nXjuK8cAops7PzgYD8IbMgUMN-C3w458oh2L3Gq3Y-jha4XNMaXTnglm-JHME41hhiTwglFvEhbt6dlnu7cDUNexVUHrcaljoMzdFiKWER4O6SHk4D95mzGPU6pI6wp8W0UQTJnpnfqbz6dzYhPwTtyG8kZlzuZHCmAI7tIQXmQjCVPHYT-m_BYWTt0VwjhHTiPUiU185jcAGSUvIFKyQamo_pXGnccgmFyYdbAitZRxt0lex3DgeUXfVe8u2fSmYwJnjHJUG67rsLm8vApx3b6mVn4ILnFaHyeTSmdrbEkRueEbCdJFV0p7IX1WAheil2-PEwI-6ptjb9rw6kavvN0oeiHNljcwLvPVr7zvoeirRoeVu78HGhMtOtRdYGUfq9brn9vbKWuMJngx8fRmeUnnFMaBUK8B5SngYwjSWDkSObx1Iy1TmPdGOORFJkl8buVZM_nuz9O1EDKic7-gEjPfVM4O7IY_lWrm8ZlHaLegpq38Gtgt4NCfgVQ8Pm7ReyFdxLUNJqhWiu6WLxCwSqi8lRIRDU9Xec_ve7oRWSgdrq2IuAjFHfdJnS_QGsIKD28-Mfk_diRY3vc7PUpKt6i-ziZ5iKNc8DENgvEywo0AJziDCNSE8wFNtE4i00fnoWOzIZIY0Cc1uGUSNP0J7WdQCO8QHCiwMLRte5lDytReZQK5UHJR1eVlLThYpGkHJhIV_Dxse69RJ-VkIVZ-8GzBfWR0diCRiSfFSGWGFm7maeOIVZrKiOJGwmpdBnDCSnxuywpG06kUmq1qdO6ZsqdHwTGuTArQY3RfXqxO59iAv33lBr7elUHu7zC3-k9bJWZQiCoKL-xWGMo_R4JJqWwgAEbBh4A1jFCee0te9LMH6CoYmJax17VgS-k44178YWTkNw-ik35Jld3NYjdXv_HzOEz7ci_1Vk7GFzuDAjovJTIMVIKs7g1MIp_1k0bKpBJ7IVi7IoT3Zd_HMiOq88ugZTR4xZce-Ewc95kJs08gK4KwbYD7OLjgK3MNOaGblakMFMllbHpV0M3Iy_EgC0dYnU2n7-DzVWQHh4Sn3x32zs5dBTFs2FiqZKerRHZa4TRu-wbgbwrQIUiBcZm5uzL6W-NjyBHXMT5Hox-jLl-5JQ1NCQkRCZRXw1fx0etU2MlGn1QEE0ViJW22qJcKIJN7qZamXrcHFONIw64LZXWLssbysh2JASxWWvfUGHU5j-kNKYoboeyWvHr8Sf2Ytbb8uH-JAyC_SuiYu3kOiISVUdupryLa3hgvKtKrWSlv4dz2vo65k7GUlqGsaqQAEhuJRKCJFcRcwt9nuRXB7n6p3LukYjygYS1xD8ptZBcucPRYY_OzPFEOAv7sn1Vqc750sdrosqtf_gEkSGS8kLFiC8p5QYwqcLp5FgIoNzApm-NoNvcGpBwkM3ZRMIwmmIiaXz5__KQUyJozMfxg5h_ZsyK18U-uQyBr0ibK4ffDtgT0ntRd7g0VG6Y7Yok-XaCjw9MquAnn9bXwDeEvoBqGWctEB7IV-SILlmHaBXTQX7b9Tdya7bCuaLCznO6m2KbQTxDVlLqE0R0jLtJKr8Y6VYXqCTq-Vl3BGKaQIk8bCF04i3Y2M-aLqapzPN9lWVnFDReL8yaZeuBJrEhz-KE4N3ShveN1AzdlKdoXeA7m-TOK2NqHHOSbrkFm5dryFn6aH6yUkcYm4w_P-L0K62YYk6k2iI99mCZMigbTsZay-JJdVHAay8uuMkzUFqgPaWv5iFYxEFc2uCKq13FoJRyCGQOaDRlFU8ULm5yCyALezS5ieXwnW70Dgy_TZt9-BM0l866HvJTt05ZpK46YkTB5zx-VP5GFuUtbyKl7Ii8gQFFrbNJpgzhp4xm5gUiCs8vZEBIWVldBTCSlz5rfbjOCR87X20VCYc319H6fM6kZ1WwF4AO05For7SiW8Ao-CYDVJkn0HxyK7XZ9KxOag6vtm0ku6WTuiIuqo7p0K__tbBjCqbtd2D3OWxPMOT0SJMzYnGShzoBe3q2vt8h-apm50a7z3qkWjmYpAASWFVo0rCEBDmU_se4tk6jdLgGPLwC4sT3frCqqMrSrdM4EyX30rGCFmKciH_EDvTCwe3YVS3qs5k5Erze_PnmWRlQBInCc0FaSDpRRBsEGatwuMU1whl3hsUbdB8jztWb7aRXcaE13cNyVHOXB4LbboC4v8IUUJK91LWSRVCBuxZloFs7Hq33j0AHQJ4oyDGTAtCfHVMhPf0BWaaLU-G8DfDP1mAldE0Nbr4sRddIs02p1sjq1qJUgydAC04mSfaEI3qeGhUrYl2FA_1n8h5AANfl51-VLBp0SIHdgc-BtbEtMF9sRtDyqWrFeLG0n-qxdlIhW8f19zjva9JVieUmS1avTQPaIL4vaFGzAu-TREXQ9PXdscJSJdxvNHZRvjs2zReJQ3QhdmsXP1oXXpX4dWtC3CzMeG1pjyiZFjJa6Ow1LLEZRfGOWQyVl5FW4g6dmzagdtkjKiXc.UoxYEINxyRYqHARtzVG8t9J3qJoJPVPE5kF1OblVUj0',NULL,NULL,'MAQ2Kon/wsZaQQelCwAVlWkMjGRTZ/4HQScN7GQ2xrA=','valid','3a0c0381-2b83-5125-2df8-9f50c0e3d11a','authorization_code','{}','f2775b966694478aa9b253027ca64c2d','2023-08-04 14:29:20.687389','3a0c0381-2b83-5125-2df8-9f50c0e3d11a','2023-08-04 14:29:21.327320','3a0c0381-2b83-5125-2df8-9f50c0e3d11a',0,NULL,NULL),('3a0cd16b-d196-fc49-9fc2-4171c989c02a','3a0cd116-94eb-d7e5-c691-72e3fadd4432','3a0cd169-56e3-0e10-efa0-7d16f156903e','2023-08-04 06:32:02.000000','2023-08-04 06:37:02.000000','eyJhbGciOiJSU0EtT0FFUCIsImVuYyI6IkEyNTZDQkMtSFM1MTIiLCJraWQiOiIyMEQ5ODFGMDE5NUFERTdDOTcyRjQzQUYzOTRGQkUzNkZFRkMwRDdCIiwidHlwIjoib2lfYXVjK2p3dCIsImN0eSI6IkpXVCJ9.TuCHeXrEHZeCQ20sf6mA2CbmDD_jvmN-Elal1VLYGZDvt5SEWRqrfhX65SAhzWy9e25hQCfNFUvrCvooOWccnQfZlXjBHXddZA04q4YovSiHz2QquMM5rP1lRKWobSCP4vJJatwMSc4k4rRjHJUsWGo60u57ZnHIjqn501tNWBqmDkzw5z4whz-npZ1Z8rU087qMMdJUTa-rWQDrDuzX5aUZxuvcXmAS20JdHyyd4U9N4wK1hXhwJQF9_FbWYkDBqJAK0XGo3AMPNUGj5Tm-woS2OK_P6z9NrJkpI9DrVXrhmW8T3cFglZEfxqZwsNULFzETZB-OrS3sSlTChA-3eA.VIDOkSmDaJqKRPbynXW5Xw.QTrCCkxAqpUYjzpZK2DlNZS100YzgKOLFIo2t3Rnj-s5f3u6RsYL__8xg3MEi2cm-28J93MtWHHzB8tv5JUfjrwx6sg4Rco447IemyhlgCfTYcHZNxOGthU8KmrduK3uX2P4PmyhHrOMal0j-YRbvQZAJonK_Sqlo3xuVOMs-UYwaSLtz_hIn69wNW1np54G8qNNqD9mwo4pik0NQAntsgDjCLD1vv5vVH2XBSSVFIWMc2LX-jozxQcdzLcQtbukLLiDvwclV1pGHU5FogzTwexVFxGz8JkICsIiiYSKLDArp6DGfnu9hBboENv9h000RRKxYbUFEYoa9wR-FpFv9rHJQy2AliVQW1xqvRRanI048IzxmcTLzJ3sDHh0mApgyIu9Msf6PaTmt4iahIgduFqxv8cva6IKwgHg3Uke_qxF5EJV-MtRb0J-g2gMT7FMswIpMuO6TJ6zaC8NMegyBGCfv7LhWarKHVcqdyBtmflIcfjXwgfW7hmkYLZIN_onnkErrEiS-x0b6XjVuzCLjb63ve9bo9bxWHmLcKJJoM1izGpXHFzpIZJeRe8MDkaKh-QKyfZQp2_xYkffnmtv_ZAjt6W2uIK4vUxJKHmawJxGxOunwiNfi8aUpDsNv0P6yaftk63eFjdCJPEaHiVuYRgBR4wnOP9USP2smp-NR13sdpprBntQ7Z2O1VW28ZVsksw1DrkMU_yNlrFAEVfbNYXApSXXv1fkDz40omgDTcPxaZ59HowdPRhcdaOWngJ9k2cxRBCjan5-4bnj1LvqRgzMJrtxnFSpUNYw1nf_FIzlXks7bt_vQ6Z523t1eVBocTcbbwDLpY6axUjhGxgwrBrDmCi3Q1rKRPT4JLm065Ei1AokjW0NizHn5xBwa8utAj3h_eKmASkxJl-dwy2IGa5inCPdDkT8PHpkRXCTs5jlNudsM5fIKvQtzzx9Js69MnnRcOaMu_rdZOoQjRPhGYjd_1UxEpmtKImcqr8m_PXL5KZTPjYjgO1dKIclvcE2Swok6rH6wl6CmABuDxlPWEWrFb8WXrxlVWE0EM9HpYevl11wdQVrHNWet54qwbATUvKnrPlUlmqSIzPD0X6j-g4Ui3DH4Ub9UoCunH5KhqjN6NflP57w35iZHJjnfgM3d2yD7inOxYq0FTgppOkv6-su-tU88o1q6rvqo3SqCxbYk5iaUllYVZX0JnlhNqPqqqeuCeKjp-oFHRHL2eC9hanYkcxG_-TeURITSyF4oVuRZAH0RReIvcQTWFVmXHLhcug036lCPn7TZU2TN1TOSasfuQiIxP6mKmQe-NRoqEpHEXKIqym-8QnVgCEXZ5TFSzQDu-EM_V3ds-xetfXegSEGRBigvJ6hHTOYhq9xlNRYDIikvwNxY7NwtH_tTuiPi9xjJuneKi_mplEXzAcOMLO5QlMANjrGAxUGrPa__9eY7iRlRD7c7uuo3RHdc9IXINXP3JSe6djlS6ErMMP3jSCYOLyVZuU3f0ELsG_QtwaPMfH2PNp8zabjlbzCOnb5DWu2LaKpw1W6j6msF61XmfhK8P53zg-1EDdKsGRVZvqAXdyH3E68t_RuLtF_CwfKGvRWLB_MHwq5sUvK6OprzF_-RPa9ARgYU35gSiY3WM6AUOLiy-ocbFT90roHOniAHx3Tl7PeXGfmUn0wp4l9jjLSMOTW7Eguc0ioM7Xl-7kJniUioAUD-QPndtMbWwJdAiTa14aIOCuOUpcbuQ7jNHFdKh8IO9oOAWnEKKdMiHRh0DbzEdl16K629gYQmxV9TYDFd9NpxmBzaopxG0Mi-KKjr7axh2QUcCHf_Phhzt-LlJR8MWT1BPuCAqr-iXXDxjIdgTa0Jh7Ur4ApEsdRirafWVn_PobjZ51i350tHPWscIah88DtDevAfvU0H2Di1SwlgRF4g2aABvn4LKSp4ONjzlcXmpGaWQYi-Ai411DxY_trU-rLPuh8DoMSWyzABgtmYQJ_pwXvrTeP9FumJ0yqC6A7IZtdAQdsCWzwV2q0SzxrMi1G61OOe2U_r5IN8tAqdq-GDTvVwQldqAFDxUHzg0FNVCLJnme5AsSC3QJhtupJmB0CjOa0T8J8KWbVuFaRPPvjRKs1NdiSdINsINoQKOna13wNlcnZJvCBV5PKDW0tFJb96aVAv7pxrz48xvGu7Fyw3UEaRBz3ntHU-Kew4KCpxVu90aG5sZh7F24oPAoBODp6f25rZew5s29hCRF82fmXwQAG_rYCTYQXPb-9MoxUO8OAl8WMmzlvb9CXQAX8GwjP1uS8p3VQifT4G_ksfp_bPYAecFnJxXaNeeUgxCHZchYuEDd3Fv2ESRtvV3HwyFYUxlLi2luwDMyX3EfJCXsWBmmjEAc9EQzAIrROVzkQpFhWjMEbHCmS5BP4psEHs3i1_hR-B-ArX0agxhPAY-wLjjtq3yC_KzqNzIQXQf98GuxSvVJwQ1H7plQ2nKhTFdQuzS6CX21MGyI9A_UzIefD2IQlyvCKG_Bt8XDvNXXYMR03Swx3-d_jyDA.ac5TOFIo2SqYMeaqbN4zx1eYPjBFcVSKzqqQrgwDaVY',NULL,'2023-08-04 06:32:03.793922','WzkY49WnZMsJg/cYBnMD4wq/UmrPHHNMPCTA5CdheW4=','redeemed','3a0c0381-2b83-5125-2df8-9f50c0e3d11a','authorization_code','{}','1300bfe27940489e9c509251a7fc20c3','2023-08-04 14:32:02.820317','3a0c0381-2b83-5125-2df8-9f50c0e3d11a','2023-08-04 14:32:03.803719',NULL,0,NULL,NULL),('3a0cd16b-d5ec-87e9-e39f-22d0af05b194','3a0cd116-94eb-d7e5-c691-72e3fadd4432','3a0cd169-56e3-0e10-efa0-7d16f156903e','2023-08-04 06:32:03.000000','2023-08-05 06:32:03.000000',NULL,NULL,NULL,NULL,'valid','3a0c0381-2b83-5125-2df8-9f50c0e3d11a','access_token','{}','d4bd650acc9e4362b6de3dd22aebacca','2023-08-04 14:32:03.824334',NULL,NULL,NULL,0,NULL,NULL),('3a0cd196-6803-3854-fdd5-512ff02d82d9','3a0c29b9-4091-346e-e272-fddebb005d53',NULL,'2023-08-04 07:18:33.000000','2023-08-05 07:18:33.000000',NULL,NULL,NULL,NULL,'valid','3a0c0381-2b83-5125-2df8-9f50c0e3d11a','access_token','{}','4413735989ff415d8b608533fe48d573','2023-08-04 15:18:33.831485',NULL,NULL,NULL,0,NULL,NULL),('3a0cd19c-dfab-afc3-8365-e8cdabced2f2','3a0cd116-94eb-d7e5-c691-72e3fadd4432','3a0cd169-56e3-0e10-efa0-7d16f156903e','2023-08-04 07:25:37.000000','2023-08-04 07:30:37.000000','eyJhbGciOiJSU0EtT0FFUCIsImVuYyI6IkEyNTZDQkMtSFM1MTIiLCJraWQiOiIyMEQ5ODFGMDE5NUFERTdDOTcyRjQzQUYzOTRGQkUzNkZFRkMwRDdCIiwidHlwIjoib2lfYXVjK2p3dCIsImN0eSI6IkpXVCJ9.fpjmngbTZuBbuQeji5Z8WjNSGv-E1hnUaLU5IpEZqyqis3MdQfWglHYHN5kLO1p6Qw7VXpibWT4p5HyXaYxNI3v_cqjJEa20lES_8GVoaAcXPg3htcBt-CdLWLtjJiJCTrZBrPGkRIBiLt4tm-Tj7PBWe9YvrmncbRtYte2MScoTe_UAwwu_ei7Mwn-jXnVeB2V2-h5MKB-vzTfdBJQGJIjZ7fWEVtm2u3FjmrEaqutVKgRFUZ8s-Ti8Qkxtj_LWkAUeqJWf5EZzFXRxIclqsv_s8i0pvv3HewSyLuiEqQ_lZSLIFY7wFoPdOIlkQSLBjHvQy_cyM4rdJcZfEe-OUw.lYJiTlI8hWSLvPcPwczZOw.ELdWwg1BYS6W-WVidrhE7m3raLen2QMbkfEncJOn6s36-ewH2C0LFBOZY1EDyC5FF5d70BtkYv81VU3PeEXX5aCq1gMdF-As8zAjwwnFSM6oM_X1HO7bRzc18TzXzLBXTeUCCDMGn6QvTZpm-_cn66usvkFDTR0F2kKa8NBvaHppsgw5t5LlWbd9iruiOS9Ft5kR-9cqnu42aeXYHdLW-SQppoqWJzKulYong29DnFbsgABmIQqhRxXqgjdJnIWtovrmddcXpuJKpUUGaW387KdOmj9PEfirgLbUWfMBMPBiMGQEmTkloG9IJ4VUtBKbHhkF023fk1KQaM6XbM7ag9rMEF0s6Byq-C0uW481Nhw4b-F8iSSayse3Wy877q81rhZgok3654922wfeKnDnkx4-E1B3GZ8bY3a_EdHTRVbnHh_lqtaVpUA4oaXQtr-jB0FUFn0HxSBx5XLCp3oaaG3slqPRK8Ji-t6WoCOxZRth3Xawa1VslRuyl08ZWByoLjkt0mmjCpSfRipj54ZZuHQBrlmAiUosutSLtIjAZIk0Nz5JU7RNQfLJtybjQ6A__eEIx9_tJaKgc1L9UCRzup-3wlEVujfm-7i08mQOwxJ1pL9MOl4pnSNk5iSUGZ_HTe8QJNXjWIFWmzhCw3jl5HpufiqXnHT_6pKlJZwqZp3L9WSeXHECz8c_gw0iBdHsBaBvya1C71FlMyHvT6oRVMZsqeHssb_t02ZuISkOOKRUWLoseIijMw8UAd5XZGVU7p0RUi-7XiRV9W0szNTdnl5K3yjcXJPyI6QO3q5YkEdRxu8Qdw5bpVEfJOQOP0YgjJFp_CD6PFgv8yPpDCTzCctm7n37hJKmNTRKCku7aw1kVBznixQ9XxDUic-sJIj9-PyrvMfGzvG86iEVYgNEO37g_Ln6oTnv7kive62bOkG1fG_kI26091rSh6X7PnLM_ROGmfXcbK_4HQZHDePXo-hYq0p0Cqc8SILV12fXvdu6biHgSfsiOAhAI6NKplCTECWlyB74sCn7OilqeAHfLxsmNS3kgRJQ4CS0d9zb6uxpJMZweQv10QrBal-DToFwjSr6Xg40fl6k_x7Ayo1aFw3jFvAjzfS8sPYKRQR9wJMl9QEOJ0s_gCW_OFVhXJApxC16oYttZ5uHIwD1GbXWTeY1wKeFLkV7Ep_X8cI-vnw2lfsFjOYaw-8uDMil7EtXKI3BBNRDiaBd-n6LfNMK6g9vRrSDhn2UOluNvVl4eDcfId6fSpyeqemEvN6QJNH1NnRH8Gbu7phYX6B6k-2Ec9d0-0w8PwD5tp1u4Im-RWQh668iTv1lDbQkIDYvSaciLcnG9CzZdPHTVG-KIGKYUgG1JFMTgxCUAT-T41VLtCfeBRifdvdkGhsBpJ9XQIRtDEKfwTA5z7uwRERa7P7aiJUutppSdgmlsS_pC3GOrpQpnXCzUl9c6ivI7UVIR6bAzs9YBnFJAHLjHk8LEkF68F8sHPLDromIWKa6dUy7U3re7physs6Ibh8D8iKsX3Y2D5uJyRaEog9IP7xSKxYaBs_qkehE1j1kBIjhL-ZdXlBKctLZomkWzs_bqUgp1GoR68X5XSsxMQGEvm0ooJVAeLHZP2ZDN0LqbYlVNNCvv-XMU5hS5aTTSu0Nws4PPMsCMhkpbbYhXkMgfaUKqkht3bqpHZFgMqUKvMkfM7qnbUIxuSqORd27hGaezRBTqSKN9AcWQ5VTeBG4IZUZkTjiPKg_4Y4vhgoECVjuy0Wiq0JvyaYMD2umAiUowLL1j5J88Wj3d4idZKRsxA6LSrjZCyXMvMm4Q8N9-F5z66Zt-iga1UVx-RN2IYSRhl-k0IajIT1MLXMhfMrmCPiMH67fJyYL6xZe5iROUy-Q-AAduw3T5sCjoDfBpsjBle0VDppyGZXC4yiSnz_9LkLulc9JsMJsEKkcROSrCEaqYzF7SMBVmIsHaenKfMnF5cXHzhjKxuAHbDQJ6CSOTZHbqVxReDQjq04qx_dSoxZWcY-dtEuN-DdRdy5y70ScWwoaiPBzYk8d68l6TVvQXGRB-eS-oUz_PcGGbjjOp5ZlV7bt6xq34vO3Q5XlXTXL4eGcTI6FhspjuiqTBS5_wlpMFbYuWYDs6sbTpFybLicKzEzRKIQbbUMd1Tb0KJu9jcJ1g63ZhQFQ6-o0_MaBTs_G_Qp4GZ2S-0YcU7y8kdrxDwjkZcCuXpVB35lJW5XFn8MX-6-N4RJpJDTNhm54e4rlFCwjbwcV1g-w8cmwsBMUlxCkWDIGY-cUA5WWCd3IvLXXQ0bRqpFgMlUJ2puonGwLAc6NqAmeXCDWk_Fg0ORc1wFHf7IKrplfGjlGgid0tu9lC9wE2X3-dTmmQqCha1l57SKA2JEtOVVwvtFGimbIpMBW5l7mOUABkY-SKVJBjVGP7jeNs6mCfOR9ZObwgzaoS4AFOSBJlHah0mB8u1Hcp5Sg9qY_LlgPTpP10XG4Bty1HcJz1tYA9tnuqL7rOON8cci5291HsP4hRRwsIEabMDlDpiQ.nIijmgmCww6ic8CxjnlzFiYns_Elb_CzCWLfTXNbpGI',NULL,'2023-08-04 07:25:38.304739','BQuUs3Ao4ox6bE2hDloLuwtpX0cz/EQxnpNgnCb6BU8=','redeemed','3a0c0381-2b83-5125-2df8-9f50c0e3d11a','authorization_code','{}','3dcda793ad0340418494a02d3fbbf09e','2023-08-04 15:25:37.594686','3a0c0381-2b83-5125-2df8-9f50c0e3d11a','2023-08-04 15:25:38.310412',NULL,0,NULL,NULL),('3a0cd19c-e2c2-a804-9056-6a201d90fd59','3a0cd116-94eb-d7e5-c691-72e3fadd4432','3a0cd169-56e3-0e10-efa0-7d16f156903e','2023-08-04 07:25:38.000000','2023-08-05 07:25:38.000000',NULL,NULL,NULL,NULL,'valid','3a0c0381-2b83-5125-2df8-9f50c0e3d11a','access_token','{}','5cc60f7a949c4d0b83972aaa1e1207f8','2023-08-04 15:25:38.374002',NULL,NULL,NULL,0,NULL,NULL),('3a0cd1ac-ba7f-3d10-d294-60fdecdc52a7','3a0cd116-94eb-d7e5-c691-72e3fadd4432','3a0cd169-56e3-0e10-efa0-7d16f156903e','2023-08-04 07:42:56.000000','2023-08-04 07:47:56.000000','eyJhbGciOiJSU0EtT0FFUCIsImVuYyI6IkEyNTZDQkMtSFM1MTIiLCJraWQiOiIyMEQ5ODFGMDE5NUFERTdDOTcyRjQzQUYzOTRGQkUzNkZFRkMwRDdCIiwidHlwIjoib2lfYXVjK2p3dCIsImN0eSI6IkpXVCJ9.Z8u4y_XPfC9JrO431KLEbFUTT4M4_BJGbXrZuSoK68YxLMk9jXm_5wdnqXWZgLZkVK94F3qpRJUZsvVSXYoSORn6p2EBp1leT7RWdHdVIBtWrtE3kPpQa_bdLd1Ieul0feTI4rPzh-jiAzK6uDXSCc6XMV_Ny3SOYDdwNRN8X8IGApBRX2y-0kIggCFSLnqzk-8Qhbjd38mHH23rq3oVWgib7zA0BoIXhNtspa_IC6nMfJYkVoedzmzH1xGL0mJ6Ex_95J57-KYT2UDbXxcl6_UuU5EzpRZc1gzDD5qavlfOMzMI0t7y9mKj8BrpH-OyVceiCVj2Bf69RPnpEHX87A.CpG_-wG6NZNJVo2RLu9lzw.w17P0ZNcwpUinJ9IrlqmAtZX11cMn_vSdiQ_ZdqeOs25Y27UmYqCJA_7T-Q4opkIfYHyzD8RpPtA9YDOacrzMpYtD9_tOLnHalfVCvSYIGw2WvrbtxS0KmyjtJjqGDA_TkscS_uHeUMQh-GWGemUjF0piNmAHFScWGhSk_cuNXxd4PdBJkw4eYKCTd2QSJm3TO7aWGRPoKcrRQcUR5ETQb33D6ci7glusYl4R8A6OWWkf-SwY7bkMJu8fsx8b1cQblI3KVg1wH-iPk7mP87YgODxPOQUH-IcR0aPHYIst-Wqgy2n5lTwrWI3wMmLy19TX8ENYHKePtaiaY9X68SfxmbcmIRrzY43L189vEUECyI2SHvz-4oYiDOrsV_wsSQy_zXMOwvjp7peMA-7NW5uWNUJdqg1hPUvrwlErsQqxbmWcTyzvfPA88t9HxAVMJlKERepkauM0fUppyEuBGy0Uj-HlbLiYpYonkJIw7UOoOFqzNUsTqfofKFajExZW9mBRK5dQFYa_GFHKbltyukj-4giuqktXcZunVKP_ZmeRVI43cqWUXDB2JnxfHlS0ygUAHzxfqLZSLa5CrkTkIyUUKtIecZaGpeaBo1A8Xy7uXv03fLdxuJQCm6aTvfnRx1ognt6jfMae-B-haFyhiIgsOPcj_wf2CuvERaRsF1Swv3eytOyCuKCU3vf5LYFk-FyQ380SpE-sOJNa93Y5q4JsWf3cchOWQ5UCYgpwc94KDSvUhdngxdLdty37x3Bdo91KX9xJAoDTyWCaMo0xF0amptnhorpkDp7rV6eKcADg2yL7A5X3t44knjbSXkHE5PCc2H3jGpLv0YGBWBklWeWkN_EqrsTShVn51sZ2TDUJBBm6uHQIjI6a4c1WK9XW3tmqIwNIGDJkW11mc-VDsmIGz5ZAMFezzDFnWUXInf0fl6KXpd4OGnVyT4pXkj637Rgz_a13F1VoD2TNZueMOUidFYXoPUrAnVUfQurgUL7tR_UBCJGA2eWZCM50pA5KIZlE5rwPApXEgow-B89_DKroKrqqjcvzeBM3ag3oWTivRK40x6cAzyuPsb0-quiZtvBT130Z7_J3Qb7i2NDW656nmKyTBK3lBBzcJzgpWO7iJdD6g3glC9SH7k42f3Nke-PiIw6JiDQWNX1aEuvdHhlfsLHwJb5bWVePwx7dtnD3-veM8_O9A7BhmofZBi70cxf2q9n8EorvdWacHi-7mTxXuYf7Tvh0-2MbgNW9QvpuMHGdyy61AgF9hH7O87BVzeuPvL34z0wnKHzW9Oc6s07qoDTAh3gpop6gz4wqCSh3nrVG6DYVca8FBFvgbgCOKisX9obl1V20SaM6WUAjnRg4f__YI-0M9egQSmn0_H_1-a76hfxuBRHADaJdqur16PG5HbP14FiEQnHUEaWGBGxPQI1nMPct-Esv5q01eglWi26wbKipnQytCoiPvBrfT6_2kEUE0tMpaksRIfuBXsqGDMxIzjOYyUdI_MGLsppodlK_4DUvZZylID2vpZVY3WMigkSNQP4j86S2tBzIxRTHkgbtWMP2qBmcih_9Gyzja5Jsgqki3X9E1_mYfPvVPUiNOObOhZt_YxM9_70vGlqJqnubyinrsIh52OQ16mY-vAvs819cDL_iPkBZ1UWgQVjlXJ9pmic6ppVyKs0VhIGqNWP5XzTX6OmbUlPggHMRDKmmhREDFPBM3hHe0_hLg7thlZH23pZPklVZKiFgTY8y0C_1E8I_SDCWFfWy92eVIieGYhH97wShQQpORfVlULJ3wHe21FU9gD5P5z9CmP9M1gMghUXLregLvOGdTIspe1MaBqlqmauMEysUwZywLdTOx4Zxv4hI7HHz9brZ-Jr0YoOQ-h4VZx6LMd_SaFdJ6Z110V6ef4xTEikVRo1RxHJvqvUKHh7ZuL55TPmM7LhRZDmmRlPfDLvUtI0knGL7uCGgW5mPXZVaEm2wQqsoMkXiReoehKyK70WysZCE28rlT4_jBA9kPj4IrOwYQnFqtB5a_RefnHQrjjhjcpb8XkP7lmcLAqhSL0ztSuhoAUCQT1xc2hpDSkESHW09_PM2ArITi5qg5r6z8ZthkI1Vb7SgmWc_Ou3IBBwzelsAVfPZc7gP6vX7mljdXLd8QZ7hKCevm6zUyt6hOM9zwfQo7QY_1rjk4Zcnf8doqSmjPAprWJKjojIuvc7ZO0fbUxKpxIfjUkySfa-4Cu0woqDnAkI0DSujy70R7WfklFLNg_PHFP12fWTUrzZJSDuhvBs2t7qVUiKFp0Z1s2rD0l2b4kYavsJrbFAnyloGSiZ265AZhvbzH17LPc1VLlEWnOhoAqC6ufHMHnt47Fb61P8h_6cRfFRIJBlg2tvt0gC6249wDpCu1-kbzXXThywkSMlv3Zli3xjUH8QzqmHjtzYqzAgCvIyiv66IG_12WffwpOLLXxpLLkHUJRFYVueJw2BMGRp-7jNUEZi0YgXwmOkgBLh_9fnMCLJKpWobqm05hQuqLh6oKxOlNWXw_bYpB_uBeQ.7ZBVAyzZo9Ov2c2p0kkJJ_ycAEuwuhQafwBprYB9xJY',NULL,'2023-08-04 07:42:57.286994','7mKEKWiMr/kOagsZnwOaBVpJJzZZwmOZ/8B5Q+4KjOw=','redeemed','3a0c0381-2b83-5125-2df8-9f50c0e3d11a','authorization_code','{}','44e904762ed14a858f868f81040f3fb4','2023-08-04 15:42:56.645479','3a0c0381-2b83-5125-2df8-9f50c0e3d11a','2023-08-04 15:42:57.307866',NULL,0,NULL,NULL),('3a0cd1ac-bd28-4a2f-b6af-5ddd678b6d89','3a0cd116-94eb-d7e5-c691-72e3fadd4432','3a0cd169-56e3-0e10-efa0-7d16f156903e','2023-08-04 07:42:57.000000','2023-08-05 07:42:57.000000',NULL,NULL,NULL,NULL,'valid','3a0c0381-2b83-5125-2df8-9f50c0e3d11a','access_token','{}','f23a832835f4436d9189b07e1f6573aa','2023-08-04 15:42:57.324093',NULL,NULL,NULL,0,NULL,NULL),('3a0cd1b2-fe99-9855-de4d-51b646585649','3a0c29b9-4091-346e-e272-fddebb005d53',NULL,'2023-08-04 07:49:47.000000','2023-08-05 07:49:47.000000',NULL,NULL,NULL,NULL,'valid','3a0c0381-2b83-5125-2df8-9f50c0e3d11a','access_token','{}','7d7cf0c33972428c94df4a761cc7c627','2023-08-04 15:49:47.292039',NULL,NULL,NULL,0,NULL,NULL),('3a0cd1b8-b080-a63c-1c93-c98bcf2bf945','3a0c29b9-4091-346e-e272-fddebb005d53',NULL,'2023-08-04 07:56:00.000000','2023-08-05 07:56:00.000000',NULL,NULL,NULL,NULL,'valid','3a0c0381-2b83-5125-2df8-9f50c0e3d11a','access_token','{}','65e65691d9df441ab3efed2d2c1d14ce','2023-08-04 15:56:00.618649',NULL,NULL,NULL,0,NULL,NULL),('3a0cd26a-3b59-4764-0e2a-110b5be43d1a','3a0c29b9-4091-346e-e272-fddebb005d53',NULL,'2023-08-04 11:09:55.000000','2023-08-05 11:09:55.000000',NULL,NULL,NULL,NULL,'valid','3a0c0381-2b83-5125-2df8-9f50c0e3d11a','access_token','{}','8f955d62437546568ff7f811d8bac46a','2023-08-04 19:09:55.991746',NULL,NULL,NULL,0,NULL,NULL),('3a0cd602-3bde-6088-088c-727093791c51','3a0c29b9-4091-346e-e272-fddebb005d53',NULL,'2023-08-05 03:54:48.000000','2023-08-06 03:54:48.000000',NULL,NULL,NULL,NULL,'valid','3a0c0381-2b83-5125-2df8-9f50c0e3d11a','access_token','{}','c28a4c7e728f45fe9251ba1fda0e1d69','2023-08-05 11:54:49.299649',NULL,NULL,NULL,0,NULL,NULL),('3a0cd80a-8692-18ba-87c1-0df7504ecfd1','3a0c29b9-4091-346e-e272-fddebb005d53',NULL,'2023-08-05 13:23:07.000000','2023-08-06 13:23:07.000000',NULL,NULL,NULL,NULL,'valid','3a0c0381-2b83-5125-2df8-9f50c0e3d11a','access_token','{}','67334a72a6d64cf892f279125500da31','2023-08-05 21:23:07.030389',NULL,NULL,NULL,0,NULL,NULL),('3a0cd812-de3a-f122-f757-035596cfad6e','3a0c29b9-4091-346e-e272-fddebb005d53',NULL,'2023-08-05 13:32:13.000000','2023-08-06 13:32:13.000000',NULL,NULL,NULL,NULL,'valid','3a0c0381-2b83-5125-2df8-9f50c0e3d11a','access_token','{}','6c295f4a69d8405a9c783bb2426c3860','2023-08-05 21:32:13.757218',NULL,NULL,NULL,0,NULL,NULL),('3a0cd815-61c2-12d0-c119-077c81a42ddd','3a0c29b9-4091-346e-e272-fddebb005d53',NULL,'2023-08-05 13:34:58.000000','2023-08-06 13:34:58.000000',NULL,NULL,NULL,NULL,'valid','3a0c0381-2b83-5125-2df8-9f50c0e3d11a','access_token','{}','5d3479dcf94b48588a993aa47b19255a','2023-08-05 21:34:58.500812',NULL,NULL,NULL,0,NULL,NULL),('3a0cd816-b65b-d12d-93b3-9976b9b6c904','3a0c29b9-4091-346e-e272-fddebb005d53',NULL,'2023-08-05 13:36:25.000000','2023-08-06 13:36:25.000000',NULL,NULL,NULL,NULL,'valid','3a0c0381-2b83-5125-2df8-9f50c0e3d11a','access_token','{}','77a25628fe6f4084b33b8c38e1efd99a','2023-08-05 21:36:25.693472',NULL,NULL,NULL,0,NULL,NULL),('3a0cd841-d42f-9045-4dbd-be50406452c7','3a0c29b9-4091-346e-e272-fddebb005d53',NULL,'2023-08-05 14:23:31.000000','2023-08-06 14:23:31.000000',NULL,NULL,NULL,NULL,'valid','3a0c0381-2b83-5125-2df8-9f50c0e3d11a','access_token','{}','28c0a7132ac94b0e907db05ca505ac0a','2023-08-05 22:23:31.377789',NULL,NULL,NULL,0,NULL,NULL),('3a0cd85e-6e51-d74b-02c0-e5dbd16c6d82','3a0c29b9-4091-346e-e272-fddebb005d53',NULL,'2023-08-05 14:54:45.000000','2023-08-06 14:54:45.000000',NULL,NULL,NULL,NULL,'valid','3a0c0381-2b83-5125-2df8-9f50c0e3d11a','access_token','{}','5afb9cf9b29649fb88fa959b4dcb4ef6','2023-08-05 22:54:45.843704',NULL,NULL,NULL,0,NULL,NULL),('3a0cd863-4c48-fa02-9962-5978c015e43f','3a0c29b9-4091-346e-e272-fddebb005d53',NULL,'2023-08-05 15:00:04.000000','2023-08-06 15:00:04.000000',NULL,NULL,NULL,NULL,'valid','3a0c0381-2b83-5125-2df8-9f50c0e3d11a','access_token','{}','3c5a8280ba774c88a93bde197c995a06','2023-08-05 23:00:04.811217',NULL,NULL,NULL,0,NULL,NULL),('3a0cd891-ab76-627e-99b9-956827670dcd','3a0c29b9-4091-346e-e272-fddebb005d53',NULL,'2023-08-05 15:50:43.000000','2023-08-06 15:50:43.000000',NULL,NULL,NULL,NULL,'valid','3a0c0381-2b83-5125-2df8-9f50c0e3d11a','access_token','{}','c83ecaeb40624d7e8eec74ee3d360952','2023-08-05 23:50:43.832863',NULL,NULL,NULL,0,NULL,NULL),('3a0cdb9a-5232-93c9-8d95-67c0c77a4999','3a0c29b9-4091-346e-e272-fddebb005d53',NULL,'2023-08-06 05:59:02.000000','2023-08-07 05:59:02.000000',NULL,NULL,NULL,NULL,'valid','3a0c0381-2b83-5125-2df8-9f50c0e3d11a','access_token','{}','9b1c548fadd54bada13173abca76ea11','2023-08-06 13:59:02.544127',NULL,NULL,NULL,0,NULL,NULL),('3a0cdb9d-f8ef-c28e-0b6d-1b0653fa86d1','3a0c29b9-4091-346e-e272-fddebb005d53',NULL,'2023-08-06 06:03:01.000000','2023-08-07 06:03:01.000000',NULL,NULL,NULL,NULL,'valid','3a0c0381-2b83-5125-2df8-9f50c0e3d11a','access_token','{}','101c876cd66c472aad5408fa48abc072','2023-08-06 14:03:01.747031',NULL,NULL,NULL,0,NULL,NULL),('3a0cdba3-65f3-af5a-d87b-7dddc26f5e19','3a0c29b9-4091-346e-e272-fddebb005d53',NULL,'2023-08-06 06:08:57.000000','2023-08-07 06:08:57.000000',NULL,NULL,NULL,NULL,'valid','3a0c0381-2b83-5125-2df8-9f50c0e3d11a','access_token','{}','77962af9dc67417bb2bb767a0fc6c6c6','2023-08-06 14:08:57.334074',NULL,NULL,NULL,0,NULL,NULL),('3a0cdba5-f9ca-d8e5-f650-6edaab961a5f','3a0c29b9-4091-346e-e272-fddebb005d53',NULL,'2023-08-06 06:11:46.000000','2023-08-07 06:11:46.000000',NULL,NULL,NULL,NULL,'valid','3a0c0381-2b83-5125-2df8-9f50c0e3d11a','access_token','{}','08d11ebfeebb49fb9d35cd892b84d670','2023-08-06 14:11:46.252248',NULL,NULL,NULL,0,NULL,NULL),('3a0cdbca-6bff-5e20-c8e4-bd86aea37d91','3a0c03bf-e769-0df2-4b4d-5588d99fa442','3a0c65e3-b886-1deb-9a4e-ba39574c94cd','2023-08-06 06:51:34.000000','2023-08-06 06:56:34.000000','eyJhbGciOiJSU0EtT0FFUCIsImVuYyI6IkEyNTZDQkMtSFM1MTIiLCJraWQiOiIyMEQ5ODFGMDE5NUFERTdDOTcyRjQzQUYzOTRGQkUzNkZFRkMwRDdCIiwidHlwIjoib2lfYXVjK2p3dCIsImN0eSI6IkpXVCJ9.BQuiivXFDsemUhybKn9Rx8FiZBnMBac_uoKaKtT31GlikcLyAoOVjCKwYLLMcckzgre915r8eYdBkbeiAJY-rITY7HZw7EX5R3h1dMd8fNs-vYz5SAoIvP41lHWNHq8OcxFEEFaLarxEQiDe9guJYG083VudL6ZZ60kSYvIcm9ziCiD3DY_H2_7GsamaJLbZzyCfJSqHX8rxkf1XQVt0RKWRKhhmh2COcpsdzmy8o-OIqEL_d-HoHDT-8KUceNqueQz_oxzta10YHq2mVfzwG6SZuq8EjNK6EmLp5ENblvC1FnAOD5cxoqIAiSj9hb7kRMB7VdPPzXz_cnalV9S_tA.0V3_KQxwXGV0FnelUH_HAQ.OqRL3V5K_5myK0qH6ulOdrAEAWtqr53BFF7qdGnITDCArE_OAvgf1iHo75KuXMVXjsZQrWcvOGn_k9L4fX10A9wwFnnES3XqZlvH9mj95YhX_BQsA0fekTk2Wlzd1eAGi3uCyKibJV0ruucYVQmiosLPY5NpVb_PeoaLfq61c0kd8UO0bALG7pAQujP1h1qbWS7YfN1tJGGZlJJaeT2br8l_dg6akzv-ACCw_xvJF5T7b2nNZPKuvxpj1LSRqwNm5CeJBgLgn-_herP9mixDzkhaEIOn2r6R7o-1gvEDe9Pt0XYQtIzZFnnmccyOAu1RBJYXme1iLOT5e48kIB_0W8xkw3v3KlAulcY9Ed5Ce4XKWMGHUci5_1iU0zUEo5AYl5TXoh8-r4JxpM1CCncYXGxY-RH5im6x7T_v9sDK38DZVa7MGY68MgO4IP4Hwoxew5FwEBhVrzNa8-0d1pfxptJXeNmlLDeeTTDLhNFNdnqW3C1Hg3l04U0tbZXgwL_T3byQmzhRo8P9owkX8SP5ZGD7UwEsrCQ2ek6VCueY2GhhsNVdeeyFAzhOlQE5N7xhm0NPGg0MPvSSpumjfpFa87sHRCTKqLznU0cIgS-JIt5gwqSfub8SbBjYN6VbRdgetpWOG6_6qebuYXqOW-t6DIhcxAmr7XkIouLvJ9aUW13fH4lMFzhq-Y1dKwn-g1FeM7GJ96lSfQTSqq1-dT9sWdp4pnVuSRROZLqnOavu31dIIffjoLdjOwSbuy6KphQmrP2zODhJRAKuO-r_CX4kxSKU8gzyphhubMs4n09173Jbk3kcABNSHPrOjkrsAmORUSnyX1WvrX6aWsjaWM5picc8ufI_nPIY0s6XyWoLTca96b9eemO4OwNEYZnDNWmV47GDHlw2RDozTWLHNDY9CDjWj1gMTIS417gNL79PCtWmL42KEF-jgDo5rJpJBh0dWntdFuQ6koOfE0zxou47dz3I6MFxULuTH_7TxK60iaUlGJoIoNsG7M3BFoHusGQJWWgBER8NPGe4Gqw7f53OxIdAIQDHZXc3xSQg7cZiklEJd0D-4X7-BwuM4Nf94tuJqvCci1uXCAGx9bb1dTacjovqhnDL6AFaw6UwVISQtagWmjqxkZv-0J8JG90-FrEG3C7LubMszMSSmFyxmxrlaVijL77MRmylOXm0NpM7zDczcnPmVcUpmhap3HJIg_CKxynrx_t3Oe0cqVjYB2M65GM_MIdSJ30OdtMiI5lErcbnX-9a4ZLkGozxMiH9oxdfxXcYum--BI352zK-8ub2vtdvlGyMVr_kgTsyUuHPmEWaZqkK3_G36_AdP3_dc-HJmenwSrLS90cRWT7AZp2rfmtZJFIItkVPMwg6o8Nm7t18GzPSPabdUt7b-2IXioxdosezte6fUNJx4bcAoB0MR9PNhut0fJI1GZL8cwNyzdu_bhpHw-1JsVJ0UnfoaXTGBM5EmBp6NCgWmU-0dle3PToGB2uEVI5FH-WP_TlKW83GajObbux7Sp9yFNOFDWfjJiDoaZ0JchAuIWtxSIfBYRsN_EemntBcRZtwsxjWm66QXnMDG2IdSg3KY6gRMTKv-Y_P--CwZ7RuO6XnThKKJagftS87wdi1Q9o0cXrpH9gSwTWnb5r-gSxbKPd8O1kUrCpXTvHBm2SieszW_-pxaOJUClBrimQyvNLJyq3gkQH9nx_1_zlRxCkO6URzY-j4FYUIyrYYujbp2Gx1sPOsbFuvRNAx9wXyo03i5iloDUvUAXD6Z81I_aHfG4bCG5OTd1lghIwtG1yVxQZLMgkAmzYhQ5xwEmpmm6QlvfIY9WMvKpafVKKWUXgaV8yrER0ZRX_Z7l6-8D5gyN16QVCL9NkYU9wv14DKUKkHOApZQyV-S1h57mGcOFlFqfXZdKIXRnOrX6EUxB2x437atV84Yzctqg3A5yKoQNiOH2dLWwE0GE1TDYTg37ZTZCw4R56yyrx4GE4dhzQNA-jTv3dQg7rUhRqw1QeCC6NgNIKdBSDpSsTU3oXK05XJp4PxDI8-Tvn6nUsGBeDDih5Fm8N0Lg_aZDCJYtkemdFDw1JsJcOoViZt4v_obaI37Tt17i4MuM1GUTaPRKEG7gLg7DMc1Hx_sZxnlU-W7SXdJgDuPIs6cMP82b1UR-2IS8t2iMbcaHVGyq8KCYBRs4BaiTeYSLd0nNVRcAaq1EeDB1bMmnJGgrxZkkHYzyn1guhFz6v_v9CBt2QfZzoUpLx645dRLTo92Br-TJSwnZR4jsqgrj31eW6FWwxcsHgGjonCrF68ORjm25E4-X7Iy9NuQFjLmjp9vO1TvdF_MCB0Aj1VFeB3VVgIlJTxeJpNOQWvY-WgPFq9r48krsBARy0htK2DMdIrXIF_9kpZFABaFCYXe7boLwubz9SlYB1wusBzmLtdt6Dea6pRNzFxQFiQNaC5fxZlnz7812-0rPSqCTk5UbE.HWLz0rmwGM1LwKyIjub99E_UZc9hugUfB3M30ed0gLs',NULL,'2023-08-06 06:51:35.497685','M23wGpcgDBcXv/GbbSxzkua1dv4DzUta3qhZU7LIj/s=','redeemed','3a0c0381-2b83-5125-2df8-9f50c0e3d11a','authorization_code','{}','866885e2ce644ad89f73727d5b8c1288','2023-08-06 14:51:34.812106','3a0c0381-2b83-5125-2df8-9f50c0e3d11a','2023-08-06 14:51:35.506404','3a0c0381-2b83-5125-2df8-9f50c0e3d11a',0,NULL,NULL),('3a0cdbca-6ef7-fc86-f401-a24248747056','3a0c03bf-e769-0df2-4b4d-5588d99fa442','3a0c65e3-b886-1deb-9a4e-ba39574c94cd','2023-08-06 06:51:35.000000','2023-08-07 06:51:35.000000',NULL,NULL,NULL,NULL,'valid','3a0c0381-2b83-5125-2df8-9f50c0e3d11a','access_token','{}','890b715d0d4a4bc7bf179ae1c880b21e','2023-08-06 14:51:35.545499','3a0c0381-2b83-5125-2df8-9f50c0e3d11a',NULL,NULL,0,NULL,NULL),('3a0cdbd7-d99c-2a24-985b-d65501829bcf','3a0c29b9-4091-346e-e272-fddebb005d53',NULL,'2023-08-06 07:06:14.000000','2023-08-07 07:06:14.000000',NULL,NULL,NULL,NULL,'valid','3a0c0381-2b83-5125-2df8-9f50c0e3d11a','access_token','{}','bcf3d345f0f4405788348010a8c7909c','2023-08-06 15:06:14.814477',NULL,NULL,NULL,0,NULL,NULL),('3a0cdbd9-e0c0-ba7c-1dc4-3e4c2a8f5ed3','3a0c29b9-4091-346e-e272-fddebb005d53',NULL,'2023-08-06 07:08:27.000000','2023-08-07 07:08:27.000000',NULL,NULL,NULL,NULL,'valid','3a0c0381-2b83-5125-2df8-9f50c0e3d11a','access_token','{}','14fceb1e65a54044ab48afcea8e7f11c','2023-08-06 15:08:27.718680',NULL,NULL,NULL,0,NULL,NULL),('3a0cdc07-4d99-5cbc-0083-cdc741156fb3','3a0c29b9-4091-346e-e272-fddebb005d53',NULL,'2023-08-06 07:58:04.000000','2023-08-07 07:58:04.000000',NULL,NULL,NULL,NULL,'valid','3a0c0381-2b83-5125-2df8-9f50c0e3d11a','access_token','{}','a6811cbf7be24d088a8c3f99de0ebf97','2023-08-06 15:58:04.700564',NULL,NULL,NULL,0,NULL,NULL),('3a0cdcf7-31e3-a07b-6246-b62300d8222a','3a0c29b9-4091-346e-e272-fddebb005d53',NULL,'2023-08-06 12:20:06.000000','2023-08-07 12:20:06.000000',NULL,NULL,NULL,NULL,'valid','3a0c0381-2b83-5125-2df8-9f50c0e3d11a','access_token','{}','336aa0d0c0a34ef2a68c8b1694de5bda','2023-08-06 20:20:06.245134',NULL,NULL,NULL,0,NULL,NULL),('3a0cdd84-311d-366c-f302-ad0905bc378b','3a0c29b9-4091-346e-e272-fddebb005d53',NULL,'2023-08-06 14:54:06.000000','2023-08-07 14:54:06.000000',NULL,NULL,NULL,NULL,'valid','3a0c0381-2b83-5125-2df8-9f50c0e3d11a','access_token','{}','a0d3e5d5a40243958f12bc7602376862','2023-08-06 22:54:06.688604',NULL,NULL,NULL,0,NULL,NULL),('3a0cdd86-e2ea-88aa-8ea1-47eaf044df6f','3a0c29b9-4091-346e-e272-fddebb005d53',NULL,'2023-08-06 14:57:03.000000','2023-08-07 14:57:03.000000',NULL,NULL,NULL,NULL,'valid','3a0c0381-2b83-5125-2df8-9f50c0e3d11a','access_token','{}','b1d71ddddf1d4255aee38779c414981e','2023-08-06 22:57:03.214242',NULL,NULL,NULL,0,NULL,NULL),('3a0cdd8f-6c04-171d-b34d-78107db3994a','3a0c29b9-4091-346e-e272-fddebb005d53',NULL,'2023-08-06 15:06:22.000000','2023-08-07 15:06:22.000000',NULL,NULL,NULL,NULL,'valid','3a0c0381-2b83-5125-2df8-9f50c0e3d11a','access_token','{}','a07631a49f7243fd937c4bbd8af2f66a','2023-08-06 23:06:22.598192',NULL,NULL,NULL,0,NULL,NULL),('3a0cdda3-722c-7e60-f0d6-e09d1624f474','3a0c29b9-4091-346e-e272-fddebb005d53',NULL,'2023-08-06 15:28:14.000000','2023-08-07 15:28:14.000000',NULL,NULL,NULL,NULL,'valid','3a0c0381-2b83-5125-2df8-9f50c0e3d11a','access_token','{}','a7ee79c2cc1442ada4ae97e9fb2b9a89','2023-08-06 23:28:14.894530',NULL,NULL,NULL,0,NULL,NULL),('3a0cddab-6920-ec20-e78f-cece3b337459','3a0c29b9-4091-346e-e272-fddebb005d53',NULL,'2023-08-06 15:36:56.000000','2023-08-07 15:36:56.000000',NULL,NULL,NULL,NULL,'valid','3a0c0381-2b83-5125-2df8-9f50c0e3d11a','access_token','{}','932bb5cf60194f799a424a1fc836f9a5','2023-08-06 23:36:56.867665',NULL,NULL,NULL,0,NULL,NULL),('3a0cddb7-243e-25b5-0d0d-86a23df652b6','3a0c29b9-4091-346e-e272-fddebb005d53',NULL,'2023-08-06 15:49:45.000000','2023-08-07 15:49:45.000000',NULL,NULL,NULL,NULL,'valid','3a0cdbf2-9908-a0ee-5a2c-dfb9a9f130ed','access_token','{}','d3ff6a443d7645deb74b41e24a39af27','2023-08-06 23:49:45.668254',NULL,NULL,NULL,0,NULL,NULL),('3a0cddb7-665a-48d4-9320-6f6943a0687d','3a0c29b9-4091-346e-e272-fddebb005d53',NULL,'2023-08-06 15:50:02.000000','2023-08-07 15:50:02.000000',NULL,NULL,NULL,NULL,'valid','3a0cdbf2-9908-a0ee-5a2c-dfb9a9f130ed','access_token','{}','0901045990f8438888780354712c8e18','2023-08-06 23:50:02.588423',NULL,NULL,NULL,0,NULL,NULL),('3a0cddb7-c8cf-d576-66c1-323d0d9866fd','3a0c29b9-4091-346e-e272-fddebb005d53',NULL,'2023-08-06 15:50:27.000000','2023-08-07 15:50:27.000000',NULL,NULL,NULL,NULL,'valid','3a0cdbf2-9908-a0ee-5a2c-dfb9a9f130ed','access_token','{}','dd7f0bc65bc242759a8b03b975ffdb25','2023-08-06 23:50:27.792349',NULL,NULL,NULL,0,NULL,NULL),('3a0cddb8-151a-3d52-4467-2432e4c6ef2a','3a0c29b9-4091-346e-e272-fddebb005d53',NULL,'2023-08-06 15:50:47.000000','2023-08-07 15:50:47.000000',NULL,NULL,NULL,NULL,'valid','3a0cdbf2-9908-a0ee-5a2c-dfb9a9f130ed','access_token','{}','411dd19a6a4745e5a54458032c1f92a4','2023-08-06 23:50:47.323320',NULL,NULL,NULL,0,NULL,NULL),('3a0cddb8-aacd-ad12-bc9b-444a4c05b879','3a0c29b9-4091-346e-e272-fddebb005d53',NULL,'2023-08-06 15:51:25.000000','2023-08-07 15:51:25.000000',NULL,NULL,NULL,NULL,'valid','3a0cdbf2-9908-a0ee-5a2c-dfb9a9f130ed','access_token','{}','825b3ccf14a94cfc92eef5802ba35a49','2023-08-06 23:51:25.646984',NULL,NULL,NULL,0,NULL,NULL),('3a0cddbb-a234-407e-7d6d-20e4b6a5eb5d','3a0c29b9-4091-346e-e272-fddebb005d53',NULL,'2023-08-06 15:54:40.000000','2023-08-07 15:54:40.000000',NULL,NULL,NULL,NULL,'valid','3a0cdbf2-9908-a0ee-5a2c-dfb9a9f130ed','access_token','{}','6a91f2fbf52b453f9396bf3e0663c695','2023-08-06 23:54:40.054284',NULL,NULL,NULL,0,NULL,NULL),('3a0cddbb-b2f4-6c76-995f-0b01ab953c33','3a0c29b9-4091-346e-e272-fddebb005d53',NULL,'2023-08-06 15:54:44.000000','2023-08-07 15:54:44.000000',NULL,NULL,NULL,NULL,'valid','3a0cdbf2-9908-a0ee-5a2c-dfb9a9f130ed','access_token','{}','26449c1e7dd04c2b9991d83441057cf8','2023-08-06 23:54:44.343508',NULL,NULL,NULL,0,NULL,NULL),('3a0cddbb-d6c0-3e2a-acad-542360409026','3a0c29b9-4091-346e-e272-fddebb005d53',NULL,'2023-08-06 15:54:53.000000','2023-08-07 15:54:53.000000',NULL,NULL,NULL,NULL,'valid','3a0c0381-2b83-5125-2df8-9f50c0e3d11a','access_token','{}','f25aa52a55234a74af99accfcab8a702','2023-08-06 23:54:53.507414',NULL,NULL,NULL,0,NULL,NULL),('3a0ce008-32ef-bea1-5f95-2446193a4711','3a0c29b9-4091-346e-e272-fddebb005d53',NULL,'2023-08-07 02:37:32.000000','2023-08-08 02:37:32.000000',NULL,NULL,NULL,NULL,'valid','3a0cdbf2-9908-a0ee-5a2c-dfb9a9f130ed','access_token','{}','02e25d76c9084f72bc4b275d43521a60','2023-08-07 10:37:32.364772',NULL,NULL,NULL,0,NULL,NULL),('3a0ce009-b373-44a8-e506-7f21b77b4db6','3a0c29b9-4091-346e-e272-fddebb005d53',NULL,'2023-08-07 02:39:10.000000','2023-08-08 02:39:10.000000',NULL,NULL,NULL,NULL,'valid','3a0cdbf2-9908-a0ee-5a2c-dfb9a9f130ed','access_token','{}','0c8fd659cbcd4e31b93583ac45811aa5','2023-08-07 10:39:10.710191',NULL,NULL,NULL,0,NULL,NULL),('3a0ce00c-eec5-bb4b-1c49-b505817e8e28','3a0c29b9-4091-346e-e272-fddebb005d53',NULL,'2023-08-07 02:42:42.000000','2023-08-08 02:42:42.000000',NULL,NULL,NULL,NULL,'valid','3a0cdbf2-9908-a0ee-5a2c-dfb9a9f130ed','access_token','{}','4028b8bc11b142998c371081e8f1ebf0','2023-08-07 10:42:42.504365',NULL,NULL,NULL,0,NULL,NULL),('3a0ce00d-b8bf-e430-4bcb-c50dd381846f','3a0c29b9-4091-346e-e272-fddebb005d53',NULL,'2023-08-07 02:43:34.000000','2023-08-08 02:43:34.000000',NULL,NULL,NULL,NULL,'valid','3a0cdbf2-9908-a0ee-5a2c-dfb9a9f130ed','access_token','{}','c95e4d72717e48dda0ee6ce33946783a','2023-08-07 10:43:34.209052',NULL,NULL,NULL,0,NULL,NULL),('3a0ce00e-a938-3999-9bc5-9af8c612be1c','3a0c29b9-4091-346e-e272-fddebb005d53',NULL,'2023-08-07 02:44:35.000000','2023-08-08 02:44:35.000000',NULL,NULL,NULL,NULL,'valid','3a0cdbf2-9908-a0ee-5a2c-dfb9a9f130ed','access_token','{}','abe84d789de2477c9f2a0c0f630808ab','2023-08-07 10:44:35.770988',NULL,NULL,NULL,0,NULL,NULL),('3a0ce00e-cc44-0954-8708-0d558cbbb850','3a0c29b9-4091-346e-e272-fddebb005d53',NULL,'2023-08-07 02:44:44.000000','2023-08-08 02:44:44.000000',NULL,NULL,NULL,NULL,'valid','3a0c0381-2b83-5125-2df8-9f50c0e3d11a','access_token','{}','fc3e9099fc674190b43b2a73183b2073','2023-08-07 10:44:44.742186',NULL,NULL,NULL,0,NULL,NULL),('3a0ce014-4047-9caf-f748-a6663075bfbe','3a0c29b9-4091-346e-e272-fddebb005d53',NULL,'2023-08-07 02:50:42.000000','2023-08-08 02:50:42.000000',NULL,NULL,NULL,NULL,'valid','3a0c0381-2b83-5125-2df8-9f50c0e3d11a','access_token','{}','05a4dbcbf6ca4000aca2259a0ea2055c','2023-08-07 10:50:42.121515',NULL,NULL,NULL,0,NULL,NULL),('3a0ce038-ab3e-f791-9c09-a7ee592b3ba4','3a0c29b9-4091-346e-e272-fddebb005d53',NULL,'2023-08-07 03:30:28.000000','2023-08-08 03:30:28.000000',NULL,NULL,NULL,NULL,'valid','3a0c0381-2b83-5125-2df8-9f50c0e3d11a','access_token','{}','d66906f63470446e8fd2cc0343ddc6bf','2023-08-07 11:30:28.804361',NULL,NULL,NULL,0,NULL,NULL),('3a0ce039-ab08-ce8e-ae95-35365ce723d3','3a0c29b9-4091-346e-e272-fddebb005d53',NULL,'2023-08-07 03:31:34.000000','2023-08-08 03:31:34.000000',NULL,NULL,NULL,NULL,'valid','3a0c0381-2b83-5125-2df8-9f50c0e3d11a','access_token','{}','a0ac808f68ea496386ecb545b6a2e93a','2023-08-07 11:31:34.281887',NULL,NULL,NULL,0,NULL,NULL),('3a0ce123-df9c-498c-32ad-ef7e7c8be60e','3a0c418f-d15d-2eb4-fdfe-f3443f3350bf','3a0c41bc-5282-d9ca-ae76-a347f6dbed21','2023-08-07 07:47:23.000000','2023-08-07 07:52:23.000000','eyJhbGciOiJSU0EtT0FFUCIsImVuYyI6IkEyNTZDQkMtSFM1MTIiLCJraWQiOiIyMEQ5ODFGMDE5NUFERTdDOTcyRjQzQUYzOTRGQkUzNkZFRkMwRDdCIiwidHlwIjoib2lfYXVjK2p3dCIsImN0eSI6IkpXVCJ9.rtxHkg-hqYxhXfGADf9cuv6umNXX5nUHu2P3ViKuPlYyQEsWwQA8thRCZfEfUtK0qt5rqUYvYCZymi3paznxNKozUJkNGub-XkTa8chqV3Ni61RaYX-IGAqjZbMstDKNj6BzVHRQCeOyDxddE08bJwZqU5xEwtJMcsFvOOxUNfUjSq2Tf9oQfrTTwODEbAbEbRAZSrGl311BJdiM2HMngiy1lFnZiv2gcLyGicoOmLZx6qogryMfN8vC5E0qwL-NVKWxv2VEDvMt7lLG8qHh-TFNR2d8yi1Mmeu4sZBpzwb-bZBrZWHQKjdiP_TE8MR9r4t7HIpDYnP1_DJkkMznYA.xjcminkdTG8LlEmh1V4ctg.mjdAWjDrwyTsv4AxbgkTv_pBCGdjCab7oCviCt9JQpK8Xo_5MneGlxi6JX8XG-b6C2Kh8o8pHCBEG40cv2csEoQqTAm2WGz8aI8YDTZxCUFO6Lj2UBq28tZ1LG7NTxLtqhL-Cu3T7qjEYv5CTky0QS0oGKAeN-EVGmzVpmlzlQLpKFmWHdpYLBFfP8AUK4kLFjzZfWl7ZUkumPg5YrRYTJNq42E3jNCW5OIKOaAUaZ9Y8b-fWIZZdcu4xCD9nQO-TcHoOUt4od2vKKQ0LBBPtTpVcdr4vwlFrR8-1CNhMDCruwdW_t6pdW81OOsJ0Lkce_Rew0Y1vDrabxOmdjBELPuEF_vzPK-seOwSHsW_TZ_abi6UOuK_bobbXXHgdGQdA73S4mwJ2z5Yy1G3nQwn57WNusWL9zC4vP3Nuubk7_1HWTWW1kalsiT2AfWZ36Z0rKQl8vUBzsmP9WHTnxep4DfVFBXb5s40h9uX7AjO-ZFHuGQsPliV5-mnczAaVUEyaUz2LbC2lsNZ3XqD4cOD791EOmQRS5qf0EEmXKE24E-q6bpUc-xbRGDbB7RqNfS3kHmdh40p7tnOh1j0M7uB-37UInl5kydWLmrkCFT9dYAbEvrCJorc7ket0EPWOhOqAHyTNfIAcQw0oJHO52Vrqx1EawzTf_vUe1lA8WQOGl8ruxFJaZKL_uroPlqkQFC795dCc5NqT3MOA6weVARK5R46BvpBNuagr37U3nNsTGcsyqLuSEG-q4GABhMlD_feZjrU9RoBjpkW_yZ79Kbw-L70LjTho5X3ygm-MleuPvaq0vHBAphUyeEO6MtpBwtbxbI3ZLUImqHCv0k09OxV7vYNVD1DSV0wlU5xd8o7xVrY1OzaN2Mrs99XM2qt0MnKGDofam03h7ra3rfWLcVGTiU7pENC4u8DUkSwiGdrzBMn0YYNUsfV6zZ9TFZcM9HVqflndcupJfnePLktd9EAaC_i3AjqsntedKGBYbd1Me5NeieV0dVA1TNkg10WWe47jHbgkFmGsTRyImtq5BZTUGECk4fpI5MD5ip2lXmz8EEYAXksimJVLlsi9wh7W03v-BjTFsU36D0F18lZvNpwyXrqTwi8M6WDRfnsOxWcYNaeyglNC7zk-HmyGBYHT2V_LSU1aDVzOTi2-rcN8Jm38q3c7t-5nl_1I0tWY0gM-IElEUW6RQ1733sv87jIIn4FaTu124KaaZr0zfEs_4WcRbwW2qa-AvCSrjoyNaS8J3pVggLY0tsDdRwmUlo1IICTrlxG3yyBnObdOHKF-3KnsGKG5IumRt-W2_HikzTOO1_gNCn73QD3jHfUDJS1q1vwjfPlocFAldzscugVhbzDnwbnBnbI5bEwCZXWeAogkRiQ0oPXUdiGm2HPRiI_uIkko6YP7ATIxZFp3_zJOsMNUdDZd4NzSK4GxeRvaDKrAKoes_jwBSIcSPlvXQiKjH4JiW3o1-JUSP5AEONSAMPlo4EcrEQYspLYB39z6bkbwRCn_bYKCSruelj2ruUvhIh_eQX89TYwELix94dXN2bYSDRZg60V0xNkKRjfYI3PEMqDsN4fEPT7YUJMTw_KsZraRRd4CGg95j3_lvigBT355woRuHKt6T5gHjTmNZmRWl-HR0vOVb9IKzn28IlQLu1EkUfXMH5N9NTavy0D0rI7Te-KIIrPSaogMZC2q4iJW-C4ZZ1Qz0VYSCEZ9mfEBy0vw-4NJrK6SvslmzrqshRpmQmBju68mKNwXQDuwdjEQgUVPlheTHS7vs0N4YLReFSXV31HUHlX2mIAxd3sD4yFSo-QeqCNpOh_E9m4YgQtMOxPf3ZXgCreONYeP_u5gORGIJV8jYIpEwCJNrXsmdrXiw_N3bxzc4C25u_oJer-IUPI9SzBu_gfCRtuZwZNURTlGiP5H8qRnqZxAoV0kiFWReBuri8hSHOLswSvWTyFZcShIS0yllIoquH5fLaHpNfq919QnyCsGomwn7jsGgcyaqFrdZ2fyd5tAWIVCOLMKruqdOQrY0m8TlrOBP-HaKXUlijQW2u5Vw6exwBY4CSw-HBP1Rj8QBR3p-lR4fqFXeYjiqTEnM0Ay7kTrplEGBErqOsRVkK7ic9SiVWyXxwQv_awczyoIefzsHW-wqRb3D-xE0iwMXWUNm95lfMYPEhy9F3QFff3x3HsOWHzEwdz4cR1Pv1TMF0SbR8n59mqTr_t5sTyc-nx63SviUQFQjeXDqlxxp9X6PDG_HIL2M1yc6TcKDk6rIm5pBYy_McoewOs8In1vTGU-hwXvnatwLCk3InZkZMXJniZEuPSHjrWkkojcS6otq7zY6Ei-qOONi6HQjFkbv1On_tYJRUP2R24mfWpYSCteDNq-DWgXZ-p0IDDidg0y-g9fqcdMcdsqUm7pqzdLmgas8-v7Yw5McZvb_N-giLqkbnVluyt_LfuXqjZoDp3XAKq30Z2ahu8qZU-_uc0aqntG9HngVU-2zObGNEwfycznorUCsFOfIWD7w.cQaofckqUV0A-PXMx1ZiucH3sbH2sFpzuqeZiKxyBcQ',NULL,'2023-08-07 07:47:23.859301','BO/aQSwPBT6W93u4sKSJatSakRmK+sYS1AfZs46cp3c=','redeemed','3a0c0381-2b83-5125-2df8-9f50c0e3d11a','authorization_code','{}','e62216d5ca6745b580076023157ab53b','2023-08-07 15:47:23.181308','3a0c0381-2b83-5125-2df8-9f50c0e3d11a','2023-08-07 15:47:23.865090',NULL,0,NULL,NULL),('3a0ce123-e27a-025c-5222-c3ea86da7ac5','3a0c418f-d15d-2eb4-fdfe-f3443f3350bf','3a0c41bc-5282-d9ca-ae76-a347f6dbed21','2023-08-07 07:47:23.000000','2023-08-08 07:47:23.000000',NULL,NULL,NULL,NULL,'valid','3a0c0381-2b83-5125-2df8-9f50c0e3d11a','access_token','{}','e2379a32ee174e1dacb94cb2f8c18de4','2023-08-07 15:47:23.901035',NULL,NULL,NULL,0,NULL,NULL),('3a0ce12b-b510-fbd8-ca43-9b27231eaac6','3a0c418f-d15d-2eb4-fdfe-f3443f3350bf','3a0c41bc-5282-d9ca-ae76-a347f6dbed21','2023-08-07 07:55:56.000000','2023-08-07 08:00:56.000000','eyJhbGciOiJSU0EtT0FFUCIsImVuYyI6IkEyNTZDQkMtSFM1MTIiLCJraWQiOiIyMEQ5ODFGMDE5NUFERTdDOTcyRjQzQUYzOTRGQkUzNkZFRkMwRDdCIiwidHlwIjoib2lfYXVjK2p3dCIsImN0eSI6IkpXVCJ9.RJfX7-ydX1KzhZLKv_b-yY8-k9vzDAz5gVGIyPXmHKM1zWHFGFUH0IwQNGeZBMAWqQ_ZR0lrJmFpdeURA-fsgw1JDO1zPvXgoo4Nq8DhoOeRcvhLxqt4yKL7SfM5v6sW_W6rsfOygbCIMrMfUJD0fIuUpLig8E9Ua8NBrcc_PfZuADfrL7MA5nbhX1H5bARKmuXrxUunr3JOFvUcU0LzwXygWn7EFZPE_SogTrv2ip8UfiB9DlobkFd4x2d4eWsVtC2ESsqJeWasfMGZZQ8lrBnEdreD21zDnAWm7zLbdA_yCd0zoN2u5jB3LVgPZ_hkj25c0VvUIPaEfVOCT8iQRw.acRw6jwTUaRgBAR9mYUHqw.BW80kc5tQdDg5-BcwsAnuPm8AzVOLFGyCZZGiJuSPqZBaXpNLhOgqd2_mK5DoGl1k3XlSejYlR1EqcOGnzLfJ1IE3OLjezWB5uIj1AO8fQ3BNLZgWi5sUurRsWvHq2FT_elJTWXzh1sq2b-Ugcui4Dc3UGtvgreDjuMoIOv4t4Zj3p_5dROrxlRIDg9NGj3M-NhmaIcTAG4Y2yw1I6btoWoGPzM2sB_AbXgw3nc328bbrA3JUBWV-EH2thyo7ktcoL6m7QQ8IN3gI0LiH3yDUi5mMVLKg6mEQnAALMfq5I9mbSP8vtm4f7NLPetyw2fnb9WO9t8fPyKf9WCTwe9UVtauwUCYkxWlHBHcTS7PuHpABPKDa7oN8_rrZzc0uWP3ViNbhneYDGU4GxFkjJWm9jQ-f5c4lCs01KtqjWG-MqcSJXNCs3AgzXdqCElAm7NK4Yp54rOoHsF7D--Z0n2a0mbO6aEIn08o2zJvasVLfw5tqxFBDJnSMqOZiI_qQpKmwBlkYwDEYpWPBei0kjVuxkXX4cmvyRjH_p4QjdXptFbpqN99WB7dNgbdfgXwksw9USX6mF-U3TyrjDUOabXSyqkTC54LM7gizDOSnmIHcwcfNOISJ0CxBHJndb7uLwiw6NqQfmt4czHN7MFlB-yl6VMnQqqiYoD2E3jrz7yWsoKKWRIAjGzf-FC9I7ZIHTptMGJxAssgbHFmQR5tr-hyTNFjDmOhi-8oiui7cwzjyK-mZXEPi3bPta6xHD45r6nQ1pg2bvDRtobLYvu-3lxPz_CSC51qNUSpYn1dwJsynqJWapbRfFHtZMjor0y-wSShCBPYGzHutqTg5d7_YoSqvEotkzgsgTOpmLzLSQ8u8AfY9T6NShZ99pjmH0ziMNgwf_y5Wpk0Kyj8NkGyIklP0NtSGsEMfsHeJalYMS4xvfGQKm8Z_DJUqToIJRI7sBwudRhH3X1gqnCPiHCXOYPRFN4SPBw5LpvZGJNXcSAPd-CNIzAMQFDzCDwKcBbgjjZL83VV4ilFTtU3exTCFxbPLAIIpodKOQdcWc9VSYLta7dV7ZA466M1qLKYtgOtJ2a2x4oZbr9qsJkfVdwdKg0djziBRw17BmH30DcCEE3bHwOvvlRd6XugolXOi1VwBhynaEEDPgV3WJj_ZFDCOvC7TAbsBJkvt9JOkBOY7rAxvYlSTP4Jtk9-IZGJjJ6AS-wuABBHqttFas8kvMTWImu9kOgKOE8VRB069Fe4KejOksOr2DwEQ2iIrV4Zl0IPu6X_EpYOyx4URbqKJ1v0BkZVY_BDMmLHHLEe6MeCRtoqz_XYzzni4MP6trD1FN2YJ-kGHj_2SymahSjAJ-kFQkneYnUJgiFjFzDiJvUNzmEnnTyTJQVZXE0Yd0Yr4lB0qQqq2svwQqKKMLrz-My3GBFvbzVYfPm0On_B251AZCUWhHVXciGgmVHjU-3tePNKwakcVHt_H3n5XhQgxBgqlIB_4RDtYRwtmdGM_l9lHVQv5DqU6Zn9vFPsHHPFQG9KDNA_p0srs6RW6owVqIoA_7TmdodOCrx0okZUDtXfEqWfyJ4TNOI5uubnGf3zz_qxySK0nyBt0Ix3J-dmnMwrzsPmdKAWRvIKUg-s5aJscXv2k6t9sKkFcl91jQcHWALLcLSkQsRp6WyRRFkFPsst6WqDY1vmEp6rQZDfTJ-0D3mDlVJKkWWtX4_Umu2Hc_lCt3Qe2NNJQe3RiV7HwCPQ9EioMN0Ouv8_hzf2nsRrEjZ9sctRdF5mDabwWB9A6egoHBYZDCj89ukMJJm-197uoL67hktrdicnWwgE2pwkRDEKdgb6vvbjdmc_TqbxORqdaXNi_l26ChFtNWiNCATbf99JPhrSgkVfp_e-goh0XAi4cuqbtmmXK4vMzXhQXd-cwc9pGY2CqPxplRp_IAjtmGGBjouabaXxnej2ylabpe0HwOZAOR59RLo8jPN2Nl5pZGU_PeevyxTsuYIMq0wcSA7yACL1VhYuhilBJo0zghCX8eICHGS_lTl_D9TS6lxrqc2QXFEedK2atjvDSZ9W-IApEvl8yOQsKMkgOHBqK04HHhxILsKaV9GH4yKNBwB1kep6tjSUpd1r8EjlJN5HQHS_LUbe3ll8EjSeSg-SBCHonwPsvPqmCVKlIQwEDxk1fo9SBCJF_FYMZyMl7TfwTXUTxGpTaUZLo0fjvBQcUwXuPodJ3Uu4KJs_WE3bs_9DV4xjV82RLN59vPNJwSTk92GdmEpKDAElj6GnFHYHBOy603jnQa-dH6OipznqTzF_DNAeZuR-mTARvR3pbA2_NamDQ8ESTXXzaliNNHT8hoTUJw2-CDYfCbOkp4hM98He28uy3_IrWIbRc-nd4xT5sbDWG9-PoTE3K6ZDgWvpd_sBfi-iNpj2lbiTwMzgGKgFyoSFN5XhrtjRTMriS4elItU-URkMjswjM7c0mtK-PxNcjCfPO9gFCOuUKdLIw66p_nMSGz1TnIsjnoDt3sYfKIghwg.S5YdDoXNuSKb6vSVBFNyDdpAx8AdiYm0GU1StT-AUQc',NULL,'2023-08-07 07:55:56.973706','id/27kDejZhed8D057F8y4YWnhxEl53qBnl+oMvlQbw=','redeemed','3a0c0381-2b83-5125-2df8-9f50c0e3d11a','authorization_code','{}','93cf20e3d96242059dde54f5f862589a','2023-08-07 15:55:56.564974','3a0c0381-2b83-5125-2df8-9f50c0e3d11a','2023-08-07 15:55:56.978799',NULL,0,NULL,NULL),('3a0ce12b-b6b7-1a41-d8e7-cb3e9b12efd3','3a0c418f-d15d-2eb4-fdfe-f3443f3350bf','3a0c41bc-5282-d9ca-ae76-a347f6dbed21','2023-08-07 07:55:56.000000','2023-08-08 07:55:56.000000',NULL,NULL,NULL,NULL,'valid','3a0c0381-2b83-5125-2df8-9f50c0e3d11a','access_token','{}','544f4b49ee764a4cb31fdcc862d8e89e','2023-08-07 15:55:56.985707',NULL,NULL,NULL,0,NULL,NULL),('3a0ce151-1c57-eb79-4370-87b67d15bd73','3a0c418f-d15d-2eb4-fdfe-f3443f3350bf','3a0c41bc-5282-d9ca-ae76-a347f6dbed21','2023-08-07 08:36:47.000000','2023-08-07 08:41:47.000000','eyJhbGciOiJSU0EtT0FFUCIsImVuYyI6IkEyNTZDQkMtSFM1MTIiLCJraWQiOiIyMEQ5ODFGMDE5NUFERTdDOTcyRjQzQUYzOTRGQkUzNkZFRkMwRDdCIiwidHlwIjoib2lfYXVjK2p3dCIsImN0eSI6IkpXVCJ9.seQgmbv1QnCOJk-xKEHOfDr2Wt3syy2o235RLxssv98FzVC_gaalG3iSn7QzWnraV8K9ZCICfEu-UTddOJbNJ5EzY_2E8iZqfwRMcESenVbykgCeH0N8U0DeMlRG0Ml_EH5HxDpcKMgWDIIx7MAhLvka2FDEJO36AZr_Ks9L_BAmKatZoGX_ETSbpfJwcpG_HK39bzAPUc3DF3ihqpnExAICG35dh3dH8mD9aaHd19B2beBNv_rbb2e9MjkIupGAqel8vuu8ocwLzzQ-KRVhrbJjxJAdybHWIkBGI3mjHK26tkg4st-BVJLeLwgUiH8ZarA2khpSoa_oqA4l-wcsCA.vFBE3iC7JD2GdXrLQz6ECg.1sKcjrCglFKiYAHlxhYKlxMwkK5yvk6agtOHpixtEGpf7NfxuzKm_YuBEuVBE0NYZyakzl0xRQQB7X4iqyv-FZtuQhD_1CeSZtRQMMtrAHy7lgiclaJ6P0coH6FkfZiD3NdM9Ss3TK0FAwW7ZfhdZQN0wSy1Hr6H446_EHku-ufEJGMyKeE89wUb4Ja26Z68AyEdJEtV4jErYsUW7apHNKDPoQizrqzxKkPkn0Nfbpx_nUeaXsjcW-zN0ECpl7epi8aZFz2QzCamWA5U6lIODoEFexKgAaWVaD_JRdSXAFdVhoy5C1shPv6_2SyTVq1uforMvK_B_hiXmeazCReLV5bbO0IUIIdNXvglfRSfR2KiptE53S8mHHy-qPMq2_mueQ0M6XYD5KlG5hjTUrPXtx2MxehEijE5q0eHGdBL-IQeH21gicQ3F0U_j1GisyNtyZ66GyCu5XT_N3jt0yTy1jb6vAvn9SauMC5S9DcwWw-KCSOysUI92MDV0sLsK-IXU_mt9zStd0XQq-oQZIICu7-RD7xXvOF3mWHzjLijOiU4YbrvRdHWBOPJOubexIqIxTwIvF8uTbsNv9kuG_nfITGd-u1ydnoscS8XMvDLB_qp-fsYO5FAMgtGEkVZKvBkeZuefIz4CBL48DAk4umd6rGQv2eQ-kGOKUZmNVtUL_LvjLqzMeo036b6z-wou51DOWbFKUT7Le3ptHJnNe-8jVIZJt-LctxX49a3MBThWpSQI5tXPjvmeCZKCyXllmPTtCKNsOcRIiCDhFZ68S064drld8PwGqQojxCAbsEPdYk_ZpbapQk_qyLOSBwPMXXv-4SxfMDFDi2ZMiRm1p4yST7YEjW2n3oUl2Y92178GB61mleLxhN5MtVl35-gPwhsLjRjNLLzpeCLc1p4xMUthwA_ePYn0gnMR-kYUlPcLh0p3p6Qq6X5AYPMTGEdPgoWVFHxSc8-KjKHa6-745sIYS7UA0EfIhT9S0--DY2hG7LgvEiA7kZ47rBC5H_43FRZERNJCA5Xk6Snlg3cln3MWOLzG0BMFPKRJW0_6h2kRR3Hrz1ZFVcw5uu8eUb8XVublFygoeYxMXD7ec2g_Qh2iGLmHFvCuSmggertt1jW7YqmSSexqH9d3AoEApnKjTLHI9QDn18JHS_d5xsnjjIOfwNJfm150qYddvwZDCV7YCvD4W-TDy2t-I4MLb4hslqu-yL5I_HiQcJPnQL_hBwMeS2opzC16qf8iCEyd95T19EmPvTF_ko7PQmKNC9DiApDCJJXgIszn63lfKt0vqSK2odEiU75Xyd9sr-h0ytGJjvPf9eHhcLCtvoBJOmzmO7CRreN8dPHmZi95irG4gLbnoP0rOjUw4APJgWR0VCb7RkXj9b0pzX3kpe_TuLXACHrZ9VOIjAc4beaiCUc6d60Nw39C9GcDGP1lT0DW6Y71CHZf7CXT4zzc2YgP48oENv0KYGauc_8wmavQYymJKGJudjZKvqwhnCaQ_EgxQdNYk0UlSYKPM0UKcAFHnQtBp0MgP7hfjH54mSdC3CRHpMSc99siPhDJcMwfJbmMsuVwDvA0E1fvhlYvQicIEFdP9_8v2PT7alqDi4dWk48RigYii7Ia5nq8bjhLTjQ7J2MACbJBE0J_sswliPAUAN-gi-QmvQ7GqiH_EsmShpyQj1zEJ0JGA8iTxlwSGb61d37jMNAu5xPogjmstTCUcMCnUC6QGLnrQgFkdgZ4qljfK4aB6zUDfU7TDfVDUlLmQU00f4fF5QgQqKLhXSyipki2vmEXLSgChjJuWWIhBR2sKOIorPBsf6BZYSNFNgeKpr3t7Lc_bwMbeuTXHyR7UfG6_nTPfrE_QbdPAlvC4Lr540GrZ0xkJg4TmMF8KUqrCsnL5hp8wk5hXEBMLQNJgm_8OaRODbyOWQTUIk9zRhQFtMfNzHwB__GoyGowIOAXj9ty9RN_inuF8A7I_pRPKQQqWeGag8A_huV9anN6u3q_R3jOG4b6WjWp65b5pPmAJceOD38SmNChv-s3N8RdI_1jCtLj5irUwJe4we0t_L0mbZ1Xpq_3I-stZRcJvgDEcIDrUWd1ItKN0qXs63MYlF0Bs2ExjttTKvkVt81LOzyUeJjKRG4eU0A2FGJjiQ-DXzZHBz4VZNzgA7BWiU_V5cOjouQxZJ2x_lDRx9EYJZZJTxyfjU2MO7BJArOXETVJO1BXSbs3SceEJ_0k1f1QeEFofPA086NLMabnYAtDt2ySzOdQiDivglHH9qtKUoVL0T3ro1ro9DhcOc0859rxfeaknfMrTI16FV5QgaZMfrfeCTpvOmSGdV2afqMATvcPIHegPzYFC5Xwv9k4-vJ6PWIqcfQPYv07D1Z5VR2uRavHi3SFEyZfWgYP78QrrAqkHREty5lvPelPfxZvMEOvw5Zo8mopu36bRhUxEUJOL2LBByWC2z7ngtlS0uHroM3-cHHQrm7eDDX4t1J9B1KaJee_VkE_nqPjupgqb5kNaAyxlh_AQ.Jxrk6g-BSGSiq_A8-Eb6KS3e67tP6JxKJgDjOWkhjdw',NULL,'2023-08-07 08:36:48.186238','D95cJpnOqiLMoGRFAMpQF6qqwCXh7WpxtM8DoaxlZG0=','redeemed','3a0c0381-2b83-5125-2df8-9f50c0e3d11a','authorization_code','{}','5bb20559075941c39a3d739fb48efbd4','2023-08-07 16:36:47.834749','3a0c0381-2b83-5125-2df8-9f50c0e3d11a','2023-08-07 16:36:48.191777',NULL,0,NULL,NULL),('3a0ce151-1dc6-805d-f767-683fbba1ceb6','3a0c418f-d15d-2eb4-fdfe-f3443f3350bf','3a0c41bc-5282-d9ca-ae76-a347f6dbed21','2023-08-07 08:36:48.000000','2023-08-08 08:36:48.000000',NULL,NULL,NULL,NULL,'valid','3a0c0381-2b83-5125-2df8-9f50c0e3d11a','access_token','{}','15853c648d4040e3838744f6b77693fb','2023-08-07 16:36:48.200203',NULL,NULL,NULL,0,NULL,NULL),('3a0ce158-6da3-4160-d4c0-3601f04409d2','3a0c418f-d15d-2eb4-fdfe-f3443f3350bf','3a0c41bc-5282-d9ca-ae76-a347f6dbed21','2023-08-07 08:44:47.000000','2023-08-07 08:49:47.000000','eyJhbGciOiJSU0EtT0FFUCIsImVuYyI6IkEyNTZDQkMtSFM1MTIiLCJraWQiOiIyMEQ5ODFGMDE5NUFERTdDOTcyRjQzQUYzOTRGQkUzNkZFRkMwRDdCIiwidHlwIjoib2lfYXVjK2p3dCIsImN0eSI6IkpXVCJ9.OmYcRzg34IQCFP3go24WNVxv3iYzuhJsnJ21MzuYHhnIxNsycWjeW1mtcG5JQcTTpCHbi9q_ziTD9s83hJFhlf201ivyZmx00ejnR9zkbDCvRVZGNOavGtW1vyNJyYuYPp1VmZGj9QYlPhaV9ve0lD4zXdQYia5qqGZLieGpkRUup_15f1e4iIbD6YNebBbG6pJJI9sjU9_xpY2Twd9xUv8KmcOIE7p6mkww7sbHdOVvr0Gpr5_JX-BAsxsJI89Ui3JQQpRmyPxoBtqyx49qubiGv2ZnCd1TeyPZUxd9MiZF0vnt-Cp421kkS1sNAs0VndrT-P702qTZyGdzNKF-xg.yMq80rJxojAfJJZV_qBerw.HpEPSnMbk_1Zh-_u1Lm_hcwsxt805tnHcmYOXP-yxiA1j6_N1tm7rrfKqpD6-NYpwTM5vBXAcl0L-1_suKEq8UXjn3jeWxRh-dGI1rBWdDhPEzLnyiA-a3-OXvH9_TBkXO56xgqh80Do7cxaFaWMAAUW0IoIOWSqb04_40Y0BOdjSL1kP372qPkGR5WfxrX_GueJp5PbNCL8Bmw8J5G6sHzUROiuS6JhpEG1eVgaFpAoC7qY7QCG3T_Sl8CcUwwnOsxr-BBE_0a2e1382G9VFmjpePV0WmorBQ4L3vNsQ0klOscL3zPYo9DvluMltOedOAQlVbK4zZwtFMNOp8L3WkIRB71n3PB89iZzEwi9g711_n9yQJBkSBZm0s1sLAYjf2D6JbRUmjWz8wvxAbVypBqwenlJ3bCqUmfTPGCJqkHCzNAdbg2zzsEMj839zyAPfIkywd1AP7kjJEFwvCdB8FxzPAS82aI5E9BEh7ACh2L6AkRyL0FaJcczKG2WevbQKJLhMGZn1OaHJt9SRPSZSbiZJswvstyYSsOEadDLUEruS8Yuhywzd-ffwcOFDZNgl1Pfc4UZgwO5MX6gw-XUECJfLQVoymmpr97W1ROyUH_OUSA1qfCHrFqlXU6TH2Yd5j5jL0kPbcOkGGWlxDmlyGmnboGCzfvUYAlinOidMvo9zJ-ZuyJdHt_ym_bMYEQYFyPzWsrR-ZhzPS5sqcWjmieQQbJ6ZjkNLjqx2KC6otx4LI0eUwLbUaxTKjnjvVto29Bz48rooi6Rc5JpaDi8BXHxaGFGxH0_TkAir7_iy8RY0apJu3-xXuO7lsY1Ox2H88nyCND5BP-pPd3rxPIwxom3leNXw-1kwYsE3ThfJAtjcP0horrFBH4AyK4XVeyzLqBw7zdp2YGPtFnV3v10OA2yERGxdwlAFrX-v0wwK0xJ3CAx_jm-wYxeX883uesfjJFR9TspEhhPHU_qwjUXOhs5AlzQroVngWARf3qUjfo0tICR_W4iikHqwqMGxyPlFtRTkHY25iRqMQgTFrWXPTTIAa3ykZoUeKruWrvb2qSDc1mhkejGqAE9TzB1BqWrhuRVv0ITqK6_iXts4tjMPTpAjFCqVgZUHYXwEcFOTIHN1qIBhUskVx8wL3WwDAnD5Ruom8ZPaCnEifhnfYj5896VU2oGjM-D-6i7DAG9q3RL3Q4xsI5eVX1SnBduqocowN4iIv6izlLBMJyxNCn3-keR26UkikS-LsRA1Bhv1de-V18dqglBHbEEBQcYXtXrwp0Yh59XZRMmtUsfrN_w99x1dk4FHkjPgA71c-KOpkfxzx6IvOZOYC62BsvOU2H8okTOI5rJbL5DKKvlg1-J3sJp3yvxXQk7IHN6nglbKD8CBV70LWeJ9NgHIOOCyfAhCl0z-j7UPwK4hSYqs74rmZBsQeyVW89JUzMSrAiiAVnG5Ui50ZnoFwaBX0poVow7M_vmhm7uFb8ckO7tKzOx7AcnGV4kI52pUkuabkvcV8-A68DPgrUBNb84_-WdkW3jy0-RPOrBHgknE0NwVOrStMADQpVF3f60xOS2USccLm5KTbwKMo5t0xjE9PRUmRibXt1IsblT64bO_62hsHiTnYWQ7s5eqfk0qNsFkEkYucyLH9s_g5_zWQAkrrTiovIpOULzU4X7lXA03eYbGi60IBMEnZz9en0kh5pNOf7H6AcXrhOTAUIguQIrxPsQ2-YsF77mtzb1MHJJV-_E17lp4DAWv7448m9RGF25CqdGN1sleqrHv2YKDXkG0n8kc19BAyUBvnANpfuw2aFxBMZXM4p-80wuKGlmSoJUc7z1br_ZHBw120urRoR0NVsfeF6TX2qH34Ivxl8z_aaJ1CApOfANoq43pf4SzoaVc4CSVpWGggv2UM-rQQ8smXwJC3Q16OC1wco28fI444FjtyoCzmU4cyXt51fT4s7gpc3cVhZ5FoKa4JS38zOHVLTHAvWNNLB6R0BsuQK_nT4grvP2q97Rq_noNQAezEdBhVW7sVsK9eRpfhsF4299eaAvEd_bMU13XkdQjCsylm7Y0RTPYWIPpBpcHnR5aQW5cYSTMlH59e_OhVTkLxtpYrTS-vbZHzfRgTaVPDf-CJXp1LAPrE6KxJNTsGlgR7N0Ff0R0h4Zw4ylPz2rilTJNSC5USc-_supQ6M13hPuyfHWIi5Ak92kw9Sp1BN82a6xDkJUpFRH5_d_OhlJc9pfqnrezQjy6j7_fwgZRXxubmMTh4YhPZbq8pEePpffA7pkWGJZUBsaezchfTXjsbCb6O4XEeDg5elryo-wUwm7WF-7tssMudtrY8Za4iZnLLP_zx0ZG-E-XlohNHPT2KotEKfTpfJFkC5_DKLBUa7LMWcV-fSS6yl19nNPAu1doTSCKWA3_uA9Y5okmgt7r5lROMkbzg4P8n6117q2fOcCB7eZ-xTF5IBir7zyJtT1f4DL313rILg7u7_EMtHFswjbLwN2utWuRJ_wKDRBHvwvh2pkEsWomQ.YxusS8tuQBtTpopJyfZpTKhgn9BSMHfHU7eXMegXP2Y',NULL,'2023-08-07 08:44:47.811645','YNqMisHHVTtctDhVbxpWpWhFfun/SLkPjaLGoCfPhY4=','redeemed','3a0c0381-2b83-5125-2df8-9f50c0e3d11a','authorization_code','{}','608489cf69e547318c308ce0e1bf9219','2023-08-07 16:44:47.400516','3a0c0381-2b83-5125-2df8-9f50c0e3d11a','2023-08-07 16:44:47.817609',NULL,0,NULL,NULL),('3a0ce158-6f4f-62f9-4cf7-00e5f1f5f662','3a0c418f-d15d-2eb4-fdfe-f3443f3350bf','3a0c41bc-5282-d9ca-ae76-a347f6dbed21','2023-08-07 08:44:47.000000','2023-08-08 08:44:47.000000',NULL,NULL,NULL,NULL,'valid','3a0c0381-2b83-5125-2df8-9f50c0e3d11a','access_token','{}','9272e08ca8aa446296fe02d5286a420b','2023-08-07 16:44:47.825736',NULL,NULL,NULL,0,NULL,NULL),('3a0ce15c-3bfa-0409-07e6-453d89954569','3a0c418f-d15d-2eb4-fdfe-f3443f3350bf','3a0c41bc-5282-d9ca-ae76-a347f6dbed21','2023-08-07 08:48:56.000000','2023-08-07 08:53:56.000000','eyJhbGciOiJSU0EtT0FFUCIsImVuYyI6IkEyNTZDQkMtSFM1MTIiLCJraWQiOiIyMEQ5ODFGMDE5NUFERTdDOTcyRjQzQUYzOTRGQkUzNkZFRkMwRDdCIiwidHlwIjoib2lfYXVjK2p3dCIsImN0eSI6IkpXVCJ9.ZCgXZEd898P5nttG45Rk69IJ5DUZvzJ5q0ReBZ2plBTAAtWXOoAbU_EdosbyiF8Vm6SLCW6bbxtZ8CZ7nUKteYZlCpnV9Svz66j3bnlCLwGNbOjlrrXRc6Ci6JRD9llrYUuQledI9_B23MLKNeAxjVJLEPjqzYxPDcf03-BBQjmUiwNDMceXghNaLVM7oeNs6EOh8eoCjtXPLMyUNB5ZDRMCl1eCiX9r8-xjEX1P8QO2UcMvartnH4wmpNakETck6jDLw3Zar1AbofVA4XvI0VH4yQlKliyVYubiyCBNJvQTyFgEZI4nS6iU1y33OmI0_l03Fx47DJ-NgU97Lon8mw.4IfzCUv9ZcG5WK6zy5uaHw.pubZOxc84tcnaz1l_qsKjWx-Bbjn7HvhxSDnjG1HeE8Uh3owcEQkPXn6s_a-GTgiKKFztgiarrlKWlpzfEO5XBKgqa1WnOiM42phR2QGuBH4HFH2Uqa6alrCdLUH9uGvIdQv0HoVVjCrLeRG5EeRDhdR1xQuLf-LOiVcTaLv4NyE4Bn52YIhRKpk-uN9QmK4Rj4zP5p_oJwD0-pnkAsAl32gS6abgzW_LJWd5_efKA8SQqEW7WuAatK_QrZdVFSH2iW_bznt7vYrhTJtjXS2ONIYPgLmKjG1-aZ-C9pF_LgUArwBLS71m8w4_bk2ileFToGacCs56_f7moJBOIobBT9TrapyUOvl-mxMau5K-gHJy8CoCqMvnapOit9gv-FLuni3skLPbE1ek6i5n85XxkZLT68z5SeaOzEK1iTRkVifpBpk6eWiqInZWnSRK9YEamifzJz9ebh1uOr426cCQsrEfp7sUGxfSu7kdQAaYcV2g5om767S_FXqJbtf39YrJHyOhc0rx9RDzUHe_RINYmg5SIw_qHtVKdnNZNNimVEQ1HLMnlodhbvFzCgFAOMwRdsX8K8iWHaNgQYwvZgmlGHiT74x4O--SgIQKh1EmLvIsDC8qNB5yxKhr75Wfh7q6ZrjSe8mnc0RG1OJ7-HfjOpRHIYivwZfPL07DIB5G1F4GbtaGcmn_GQNVIe3yUNpgbpFcJtRvxCgxKO6-Ams0czGYbLrj_L8ee3iXUnHK1wEivm_AXhhjeOMRtdYTOLWUis22QYFoknvBlswthTD53JY4YL159AzioItxzVV-EN52LnrDODjQxJDvRsE1D5dqCQVWW6p-nQPtzcA22S2eMXsuJphy4S2b4Z7F-2pjGjhSEo3WOM2bHiWJhN9TjgrO-9m2pr5qWGuPicDBW7ofev0FHvvx8jHAIC-pxd4Q9PjbrJ9jrADAL8YjMBLGjzfcvXDMidrDy42yroCpWffJSaPHzVRoDLZuuwpZnXmeaTepddW596PnkRX9lVXLXud1pAI9lunCm-aF-B6pjSf9rOHw7pkUFSIoKB0Djjnq9VfD7cqTN9kCm2BJrmI_YpuPKB7qOBBJPj6Nlw1Q94P7rp45Ozl4vqwR-MyKeX_sNZ_bb2KZOMQkgtb1S-U9BESoYXUWjeYKDKfR2kNtr8-cayH1Q0xa_7uOZcB0Dkh0b3hXPg-H5bF3Es05Zpy3NDoirMNUoh6DeDYYjkUIOaL2fMAS0fldUD7D1zZZV0CwqXa8hmUNdTQ-hHVVIvTRQG3vt0vyq2FfkyqYkW3IHuMibgIvT3ToqP1s2L5o3jlWk8mPzG03DSuF6hjL1TeCYuZd_tHJ9Ur3sWl2ijR3mCgUYR5Xlqu39HR8qanFkXNr3rshLAhRwjO5qKBfpmxtrYpG5TonUPBPZ0JXeHfY1oZ6sFtqY-5uD6puan3gL_ILMlwwoGWeoSzxZIjAB46omfWnGAsb3DwPKYPvDPj8AlQdixqj36GeJvqHi3PHEPsoYkzuzVEszDfueLyu674NXwqxDRkQ9AfUA9bmIjjVXFPdVeiR9uOUZcBYsGmb-O_gLep8FwbcqhdP3cSTvAAhNU5wJv2lNMljHic4wzf0Jo3hUQJ3moo7a3M9XpldCKaF9H4Y8n0v_JqmsTH9nmpbrVVI_TT66sXPioykFVDKnjYgmW6ERlGtw_bIHbWNfzbQrlxjXu302cMdkIar3CfVwXFvvKgrRZV6c42FB7Wz9jPuylP3y-kwkNq_kR8moD2pXE_K-aSxh9FsJgX1sxLRXnSrrY5WLZ9z8b72i8cW-ouJooFCXVtTpXtGBf8WWaDNANGpPH55JfbtBX-q7tHN8lQMskH_QknBOK23qxILm8CJkoPbT44fGYA9YC0TxEEExMLSJYAouCJGj794ole3vpQJI7bvyyBfRfL0yUXJpknXe_gTTF8xTCMiB_i43IHQNvpyT5Vr8MRiMUHPHM5orrebj9ZpFd5NotvDZgfKBWh5gmVzGZxLL4d4UfOLiLljUMEZ1uqoASoWO_V1Twf9sqg09UV5gXbz5C_UBNdTcxD60PHpwUNslevY3C9VPmXqVFufgGSMve5ZWoWDAhiRaHjbn09JsNvmTxUrzfOPYAf2rabmyIYOjvoZQnLD-ZaLT7T1wPl8-K7M_xAdStipeT8Me8XWpjmaBzW8EXZuHDZWIeHfKm03bkqMkdGQeKTfCtJQ438qnpdgUnRxnzcInDuM8zJ8EXuhdiXLL6tjP-_wlvhw4h5NdEt9Y_d5WmvAEQMEpZc_3i-KGxzcEQLhSM48damCxp0G6vpclJgb2c3hFRrFU7wpwuI22pa8XRREpe-W73YEUMPyRUj2Igacd5A0Hf-NXwGk6F_0fQYZerEeOZhiu4DHsgUhKjbfFtG_1P23tKATGJCISjawstY26BFHLGitrdGCEtArGqdXXPxP6dXbpdUzoa3VPo17R15bogMkZ0mZyVDFMS0FFoF0iBS08yHE_NZaPsef9nTX0KIqg.n4ZI2fO8vBvUGv4uhi5Gbt7_bL1y2FVF3ZNjQ_yWEx0',NULL,'2023-08-07 08:48:57.236802','zLQz/DNXc66ZGrcy5gXdIjR9Ix50om7mcw0jI/X3QZg=','redeemed','3a0c0381-2b83-5125-2df8-9f50c0e3d11a','authorization_code','{}','fdc12d42e421406e9cd5da24be6c51e0','2023-08-07 16:48:56.830440','3a0c0381-2b83-5125-2df8-9f50c0e3d11a','2023-08-07 16:48:57.241096',NULL,0,NULL,NULL),('3a0ce15c-3d9d-ef22-04ee-d192ed03e346','3a0c418f-d15d-2eb4-fdfe-f3443f3350bf','3a0c41bc-5282-d9ca-ae76-a347f6dbed21','2023-08-07 08:48:57.000000','2023-08-08 08:48:57.000000',NULL,NULL,NULL,NULL,'valid','3a0c0381-2b83-5125-2df8-9f50c0e3d11a','access_token','{}','40b810108a98490f8d48074b3f0f4a46','2023-08-07 16:48:57.248443',NULL,NULL,NULL,0,NULL,NULL),('3a0ce164-1860-a8bf-bd81-a54bb9589596','3a0c418f-d15d-2eb4-fdfe-f3443f3350bf','3a0c41bc-5282-d9ca-ae76-a347f6dbed21','2023-08-07 08:57:32.000000','2023-08-07 09:02:32.000000','eyJhbGciOiJSU0EtT0FFUCIsImVuYyI6IkEyNTZDQkMtSFM1MTIiLCJraWQiOiIyMEQ5ODFGMDE5NUFERTdDOTcyRjQzQUYzOTRGQkUzNkZFRkMwRDdCIiwidHlwIjoib2lfYXVjK2p3dCIsImN0eSI6IkpXVCJ9.H6-cSmCxqifEx68RIvEIaV0xIDafcxgXhToHlNqnLe3G-PMYPAOAaRy4yBqgMzHq7dVt-kiuySExEmKp8fLx63dNEKNqG8kzZughUkaiWB4MsVwKXV5RTRUgRDLFPn-W3Pqz9uDX5O7cFCowRgVwRQZVed63kfozfrSmnEsDdnNrzjLw5jFz-YNIlLFXg5ejToz-1FfL9J3J9YMEIBFpMANClg812mUkxCiz7JZ9y6gi44nFoPMFIz6M2R9rjkGzeoOqCayrb0b13EXGWvwThfiZbKexToXE-FRbSNnCulC5gKiJ9otc-_XAX0PAgBluPtai7_e1Y_SCvXEhIxaMQg.q9V0K5vlZ0fWtdQttcIGjg.xuUo4KutiOuoDNy50U3RFqYdwSbxS8TinG7CnrkDrBoEfR77X5UBSLbWX3DSHLTyypVsdg39cKMfqI5fg2iSGQv2baE5N13PU1tBCP0xAr6rsDat6PLdPu9pblYkEwKInKKKsMX66Zs9Q8e_w4u_H7CxBN_oarejPfw2Kp9tCtwrw-7XRCN6f1sjJRW7hn9Ild9mytRe-uJ5vUKTVHO7yorlmYlMnnVWEntvQkS0-wv_LNTpl4E9uJSrqj3pPIVpiS0U0npiG5JyE77houblebVbZOUgUkd5O4SCiWfwAOtzGf0SRzKlLwP7G656u0-ffmQzkBpmdz021TjTqOf34wVu3QSGfprVegxE5J9Q9RtnIfX4M0X2uJJdhlH3WoeVg02jAEW3AZh7oDsr4aSTVYa14khGk8BFud029nhpH3uJTQSYUljuXXJdJqRRbWwVcpdz4py6Vy7QClr6SRPnaZ7SdtPJPhe0YeArE4DH4eXWloMi3JhM8Nouu0lRaeOqOYWBnB0q47e07Y_VVk8GASfLO2tQF9Kd1CRykHfJljeXZPNHQeE0HyTr6c5ACWICqVLP01IA5gcJR8yaes9RBKVMuJ7nqKOu3iJfWkqIh1FtAcQK9GVLd4dQNILliOUYJS8Qc3uH3-GR6zszdhdb8NctR37HLvnj3PNQGlEI_PJXNGYTAWsDF9ENckuJyQOhGc_YKjoXbgoIKLZiJmLd2G_-Ruidizxoj8Xy69DR2QcjhBQzhQtVOUWl38zWyDrvgQY9hPwuQThc9blUQvbeYKm6gZzLwQY60hdo1eV2NC53L4Hpl40oayggn8Ti4Ae4QgFYceQyRslEHLDvUZPgF-1-YEJV1T_PFzgsX9rnZW8w3awJly9IYpUjwFZ3gAnsZJVEv8OpjI-FNtiE7D1JI6q4wXm_aemzEawzrI_qtSfCD8xBlN_JfdHUv0lfED_SLcQYMFkZN4XfOtx-n_ONoT6h1tRmzoIzstDb38cTIIcqSqxX-k51UWgjVBAedI25RYXynJORezDPRtZhMWy2jRlAIjxM-X1qbcS7PY3vb6q4HkKUvUlYD46y4m-XN1mn4OaN-fSafgCUaGennqhVc2JNd4YT6NklS24T57M4J8ThFl8CZJmWllxnykybkZmumN8OPW3JfFMYWz9mTRA99pnDdJkBIhyO_DBWaAH4PJPcGywWjZVIukmlpiW-QzligHmpM4Jy5gS0Umq1q01Xuda4eVjMWhzM8ZTlKuDrIIzoiCTNk13nJkUTSBOf_tfzEYWqTGhTx5J-B6kVzGjnd15PrnzJHAZjoVqGs-6K6T8WNjTIth_0O38ZhvpJITA4k5y9zWIlhRWaTQK4L2ZvNLwV12YaQIDAspe-5OOoKNCV3nSOHA1z3N_eMAktRxr40g_TqERybWSa5IuEI7UW90BrG-OwThaQg9PSUTG9cQGWxDKnftvjp_02LtNEH2Ii-0R_WT5OZJ34zDuvIQKOdqkVx3p7VKLN0zY0kzlriv5U3X7SnizZWus_cRNvOujvbbQPHxyPXApniYDODOXUTVr-qi-t31Fexp4-ML8m21mrCOCPEAoE5w82LWh7YAnN2qBTHFdw4VERYrmyXWPS414YBPgZI7MDgmn4aFKBsNR1cEcU4B2L-ewH82h1anPUWcO4fnvetdFDIg5cstk7WZxsJiW_P4F_i8zujAfQZUVQKCwOhpRyE0ZFfeL4u-DKBOMXBZLcDcEd45buqoL1lue7Ms1HrJajmdxp2V0ahV4CLFNZBndpZJzwN7rX_KleU7TtdZBXK8lp2Fspkh44EGGOCHzZwGd_oSgnEbMiXi8NcvMNru9vN1RnDuX5mz0gJVHSdLWQS6dZ6ZT8KvbAW_sMf94eYMSkqCvXkkfnGaZKeoVK-5yvwhgWznyYHw0N_3b2hP92McmuZOFar9SgYBfk-YC23JyWueXX-x95Ari3ilut0swRr2GHyEXoz7_9r9UJHivKWlous21fEcb3oUiqJ1YnQEn9BOy7K0ZiVeKsFa3LoRKgDsy1RPN3GxT4WtFA2kfLMUWC2KK9zWXgCiCBEk_RA4pgN3ugGY3Lwjfl4J0MbCRasUOlAqJ_D4E089lAZgb9KC0IF7v9TKwoYFvKyJM9ahLT0ezOFB4RUCEQZMcTRNufw9y7P0XsPjDhuFfDZlh7L6_IJGpJ406bJ2yGl2w9NfDET_2V5PwIKKwSCNhBM0gcIXk9wBvBSidzG6PdlCdESgIVVPeoDFUZ2SeOOGZZcg4dzQSQwAGvkG0GoDwbHOj8k-m7fzyOjbc-gw9X386-9SJAeVG-M6EZVmr-mkXSmAdTLxs010xu08MikvJjB6SuCnWUUqDnrfsGocweknZzhpZ54WfvSPlKYoxPByCdt7MbITlgpgaYq2_cdU8csTmhbvufrVnMNMKyHTgX1DJi_wOvcQyh58jwMeX_4OpOQUWB5v0-TKKpuiCrdN_Hb5bQ6urNjAG2wPRNkwhVaa0yZqSBhpqCvsZo0Q.eA_25uvMBhy6Q-FonSMHnLcHuUdKoofYm8XvrTwYmJ4',NULL,'2023-08-07 08:57:32.421266','c3nEsexll+7EYBVjFNQbkYj612O+UeOR+UAnz9JXcW0=','redeemed','3a0c0381-2b83-5125-2df8-9f50c0e3d11a','authorization_code','{}','4aef1ae481834e72a205b238951c2ea5','2023-08-07 16:57:32.004119','3a0c0381-2b83-5125-2df8-9f50c0e3d11a','2023-08-07 16:57:32.424855',NULL,0,NULL,NULL),('3a0ce164-1a0d-b6aa-b7d3-26e6770c517d','3a0c418f-d15d-2eb4-fdfe-f3443f3350bf','3a0c41bc-5282-d9ca-ae76-a347f6dbed21','2023-08-07 08:57:32.000000','2023-08-08 08:57:32.000000',NULL,NULL,NULL,NULL,'valid','3a0c0381-2b83-5125-2df8-9f50c0e3d11a','access_token','{}','95bd36cd7a3c4ea3bf37d84b7823021f','2023-08-07 16:57:32.432781',NULL,NULL,NULL,0,NULL,NULL),('3a0ce165-cd20-f7fe-3a96-296c847af9e9','3a0c418f-d15d-2eb4-fdfe-f3443f3350bf','3a0c41bc-5282-d9ca-ae76-a347f6dbed21','2023-08-07 08:59:23.000000','2023-08-07 09:04:23.000000','eyJhbGciOiJSU0EtT0FFUCIsImVuYyI6IkEyNTZDQkMtSFM1MTIiLCJraWQiOiIyMEQ5ODFGMDE5NUFERTdDOTcyRjQzQUYzOTRGQkUzNkZFRkMwRDdCIiwidHlwIjoib2lfYXVjK2p3dCIsImN0eSI6IkpXVCJ9.mX0lVmFTE5DU3ycQz9GesB12_YPf1HX8fjYuxSd7neDZF28yRCsgN9xX_aIdp5akuD7DvhffSV9FTbuuth8NyeV9w_dfOZU15wDj1bFvCY437EDjTfBREZmtXXOB13GgIBtxDOvNqoasBPd5a3AaZHRpeAJ_NHe93CPYSLse5-fqciRkLXrYki9O6xMyncZiwRXSH6TNrziKtJ-QZXJmqYmELx0VJrK-AwoW_MPOOYU6-MQRMx0rAM8rjlpIeDA94AV19pLvn1AdiVr7-0gG4AFS0KP4WRz0pvKJMcJy2TW-mumNTOZ5PnsuEsqp2eDpq6pQwdx9mcjGBd0Myog3IA.uWZxmy4g-BwM6_p0o2zAbg.ChvV8FBWkzXp4hsp4qC92TS2tBWA8TBmvyYu1tcPUrVeQdKbYK30Fl58r-TDD54GUrFdADFZ6FmED2NosmwZz72F9aXAZTokxiTyKKSo0C7cW1TENdAlZdRphFx2aIaFxcWh3zzJppAWef4-Q_zS_bR9zVZaVRCRo19a7hnq0YQDlJ2XOzoAQWqjQZZ020ZwZtPjNuwqEWsspF0xTKlCkHnZJzEYHhFZAYGIle-98eJDDcJTLWWN-cVjqHuiIfDRy5jLo949qKzb49Cmqz7FuYu-LyZfWR5WfuBgLtKxeEw41Qg-JlsyBOKAmZnusQBJyd-0vuHNLyoHs5dUDH3lwJ8ItFAv0iuLeAQjKedfPmtoaWrEefwOTaFmlTQWv08sf3DvyG5hgDmuRKWGEzSCUuQPoqFxO9vb-2cUk92zAti8mc9wZvOqWgiCq9FaTdvmJ8yKMueBi7Nthbb-nqUx5hmYL71hbl7jkJ84WiJkv3sSqWKP8uIuu9GG4ssxV2YYCX7Fvpk5xVPNNdIUSYWGcpJVd3_yZxF2sSaueWD8Tp1Cn0nZVdZdDxZR2-5WvDoVhtXY0NIy9VKEuV5Oji9JXmt7v3LldkKUt3hLUzu8nV13MRDY0iOGtthRhl3bHlYZiC70aEEhGptgXsf2IICRPEka0joYYpbWa9G2cutSYwMXub9MIGtMUuu9RjYAgse8-8NWmNxlzNuiiyc8MlYvjcvEE0mN-A3zOGy__OEG_7IysZz-yTv-Ng3nrIByXnBlUEuO58m5WFNe-b4iTADA5eAwxZDjlsc9zzcAjZN9Xg7Z2oZBqfMC7FdPgE9CaYDK14lVO1xwCl6I9kd1V_jGCL4O1EvlWZV5-wmtsKlyUhvNOqPi0-tDXaPeRvOg_E0duYyCtthAxaNL1StJLJCMynXtNjkLfGm9Qaf7I4YvtL7i13VdGMh5YRzh9ZTFyft4j8ny2mUOwHrFY8FBNExR0wosv7jmBgJlxZ_y4atE4Z0o_DDm6uyTW7tej4ZY6CHIvsXElNUxNXY-wWnQJvIW9DtB5asBuL3vzj_bd9MMVk29ksCNXjrIyG50_QYYyuygPwRJnL4WqjT_ySiAnEm60COdBUQWknJrCAisg9qHJq48MKKQ79u03la-6CoUtz18iInIXj_1_RJ7qOWeZY2hj0cBAON27jHYITagcF3MQjXo_KoayHSzi7R1W5bAj3QBWO5sHZV_4nlpOYOiZGYSqKLCIxcqLbDJTYqKUB61Xkx2KeCdpbh29WkLJAGWkkkhppZAGE89vgeGbsQD1rf6xLrNaqdT_yWA7oujE1EH21pKUqT0_YsNjcKS23tTCL0WkXecN7XQhPMmlYO8nPCtYrxCwcAQDPL5gY3fYx7Pe5P9puYzhY4R2x6TF9ptgdMQ-9SLNZwS2Opwadri3sCCkwg1ISScAS30b7BBW3GPLqQ8hG3dI0GhpIi6I3vDhJvkZGn9U82in6jpknMhPwuR2kVyesu5EUw2tP_I7v15OwEam4Q66G2hIcdVLf7W5DZ9AX27Sq9OOK82KzZHyY6lYh6_kw48L_fCpzR7RlpyRL0von_eWZH_qsSTRCyhqD2fh1QZi9A0hboz9Dw-3KIf0fnes31KFUCRlcWre09vm6ds2_N5Zcp5J9fCN88cOFZl7Ea8-y2frrYRrkpwKBhbSRrcTY5IjolgTuhcd0KxeoHbj3Rgd4FPh8dvhwm7PIHtGcV23zUJVajRmziiFnYCA7b9Ng0tTAeQlfrBIPHzvAyZOA1a-IWAtH-etKio--zdjfDtxdOjEIcjGr6NihC1R83ZivB45fnLoyb1WqfD_cipottOI2FshimjZFqScm3oyyOGl8QQC1nZUgxqIKORJFd-UsS0cXicvuCTrWfRDdkoGRvLNNl28EHL4HInfQLDWdJ_HUvZIwCtN_qjSD2LQ3jDEOJt3qowvWgwoiU41f8F660xDhPuHwo5UWlNR6An4A8TX2tRhfCDbGwcY076gcn8P17iUTbqfn-6SmWfb7vbawBXVy4lG5ehGfsxdW39a1-VOc75CBSE_byXketcoiLsm9Q70u68FT7_Tkzq081wZa_rO_N_7jkWMFhHYfVQOSmNZ863JnxPXrJ34pA7ulSO9xTCUYB2MNYGj45pcKfrhSzm-sQ_TuiwhNnmiG2ObMqzhOJZstQbaHMp3v12vD14yaFms_NqJIJfNtqijOSmdLZaIps-cVBQD-yZ479I6VR58w-kYn7yi6RW7kZ2XuwYUIsq3XrSNpsDMBAR1J7iVYiKQwIat7jg-I8USlheJhW_ynCQ-beL0XFwvSV_lC-zVCkOlUmBT-PoG7vef4l-qkhPI2CQoA-EXcPSttqYoIqsc30ANuEmyRQn0-Vo4EqJUc4VLr_z8jN19KDvIhdhAsskotvLt9II4ZFK4SnrFVCzuihdo5aLf4tsYG_nF-6x3G2l3j9ya5Gm_HmT4YnGNGQ0p9PWQVfXHqZnezSrkbby4Stq0Ssxjze7mYL-Ww.ozIOs70MWFVprnZJy05TJXoGJUql94KH1fgXWbw2QAA',NULL,'2023-08-07 08:59:24.217607','QRPANveF7o9WudFfl/NzylYRl0lgZlWayM4pADrNu8I=','redeemed','3a0c0381-2b83-5125-2df8-9f50c0e3d11a','authorization_code','{}','3b00aed70fb148aca9b3afa5c7ba040c','2023-08-07 16:59:23.811151','3a0c0381-2b83-5125-2df8-9f50c0e3d11a','2023-08-07 16:59:24.221225',NULL,0,NULL,NULL),('3a0ce165-cec2-525c-ecaf-2f0ca585acff','3a0c418f-d15d-2eb4-fdfe-f3443f3350bf','3a0c41bc-5282-d9ca-ae76-a347f6dbed21','2023-08-07 08:59:24.000000','2023-08-08 08:59:24.000000',NULL,NULL,NULL,NULL,'valid','3a0c0381-2b83-5125-2df8-9f50c0e3d11a','access_token','{}','5304f9e62d5644b491998154d788f0ae','2023-08-07 16:59:24.228583',NULL,NULL,NULL,0,NULL,NULL),('3a0ce16e-c98f-0476-8433-93c9974164cd','3a0c418f-d15d-2eb4-fdfe-f3443f3350bf','3a0c41bc-5282-d9ca-ae76-a347f6dbed21','2023-08-07 09:09:12.000000','2023-08-07 09:14:12.000000','eyJhbGciOiJSU0EtT0FFUCIsImVuYyI6IkEyNTZDQkMtSFM1MTIiLCJraWQiOiIyMEQ5ODFGMDE5NUFERTdDOTcyRjQzQUYzOTRGQkUzNkZFRkMwRDdCIiwidHlwIjoib2lfYXVjK2p3dCIsImN0eSI6IkpXVCJ9.0tDw0MhIMlgMRPEZmXMgqiSSddMmAbk3N7YmzGrz8lwyXyxoHVWRKhcEqdtl1cWB6bK0z4pizMOJbwIfhYIvdiqNd66LkV6MI1WPtggOPQi0usl8TV46mNUzUcxDRi2qziPwDEJ6ML4kYqgoURj3rFhUj7KWcDPnkTJv0iMwlB8CRP3nl9lV42yybmxHI4aB7DdqxAwGaPqzi7OKAz2wM4ThBoscMXNs7IRg5eGplnZW9pk0HtyhYG768I3wkmseM-6G1tTqjy11eqwpNi1dZWcLWL8AwL4BYp4u7_rN-oZcQVmOsPByBXD2HVOm33kH4VMsHaz1E3CsqgK-z14aiw.sxbBXIwa5lM-gejSJR_58g.aonPU5aO65ivo6bi1zqcGquuf_ckCsTSJ1FIwDsT5aUssJFPanel8KjgwIC6_RMDGQyojLf6Ob4_JgZGUNXgQDa5Blu6h7Uw7jD4Z5TUPK4O4iHeT7xLzhCtas9UGgDfXBuVlKho1yeN6ptzVF5gvAq8q16DtYsL2SfkqH_yJFiwd8RvLoYaZRu5eCAA8wOyn5509IF-OHR1QqEVi0eeVgSnv-8NRnPbWxM9PT57CYGK_OMjpzu3MBbKelJ97YZQYNG2I2_3b6RRPtu1vgQS__B7y4j9PczS7Yu77c2nSK6Igt5LbopF89mtKDCAHPJJTX5PCf01_FI6qBcVjY4IQp4KxEvQPKv6JyfnuRbfKRAwy-L-oGHFFc227QYBfBzuH6woXoLMBKOop2YewR015oOYbbdZD64pCuRPXEWVsJnhSrXKtgkbdIojGIpQKX0Z0OlXLMrcxUryivhNGoGpwDDRx22NPwffZEzj5VB6JUTtJkmjKq-XmQOHqenWYRODWR7C3yfzX9hjrrbwGZe9Z-t3wDwH0Am-HtwP_fWf4GEQp17hvVKZx4RJBfYXvW5zWN3v--vWv3Nf_eO-YZCB8ouX1AQKGthB9yhkBUl9vt1fl1-2BTpa8Ep-eAsvNmHAeE10DCoJllhbpB1OMmet_TrIEOaiEmaiP1U1Z0oUawFRbUvniYo7XGHUjoFUkX3mVF_kz22JtqRKQmq9qEpseRVlX5BAqBENRrvR3WTqb-m43LHLoKl84TfQYi3fmB1N7znij6W_K7LduEzQaevnlbI3xZ0b_VYPJ--Z7YQc1hmmpSFbbBvfugkxkHHSd8vEMq2R_TxAim5tgbtioLoHkUyUvTGjTZmtQYVDVFACvrcxG-cRkhSYeDPbv0wvaNXQwLhcTZ_RSU9REGdy3GNw5pTuGbCAqWArRrbdupTlcB3KbLgALOYaIla5PVB0an-MTa6tuyr6lAuIwTkmRGKXLhPen02Z4cvyGSa5UfWzZ8V8XsyjbwgzfrEIJHJmCy_KwAFrVa8KhgehKkUFAaF3nnRGIb3kZNu2ts6me2i5vHd4p01ZO_mN0mnSTbbSXEWk5pABJZYIT5G0hP9bZcArE8L1FUVVbIb_s6iQOVTkwBvV8-BnHt7td1rTboUxtfPFDqR25-iA6tiwsYWkE6vSvSQmQeLr4T4loooa_2a7UfYVn_vtPJzWvHRsZ0pLDlr2BjPS9fVkdagSYW8wqS8QuU-eYib-aZsa5gwV-CmdEWEQ1Mfjgx16LYU9510yiTnBxutRA5pMKZ4ssmGXDGaX53bigqSSYNsKicjc9aX67sxeZEXA_PGpDLK2ltDXoQdD2YP3o1pNXZo2YnxK0YdlCvQa1LL6KUsbN0Np6VsbjBcK9-YUqZpVkJphKkj9OSzWgeTRVvrPc38KLWe9mtmuJmRhcrdK4sJwoA1i_35Ub8h84uyFVpxT168Zugc0vJJuZS28eK_B5f8c5yPZ60FX7nmqRYV13DdNYgffs2qDejQgqXyG3bSXsCAFin9mY8m0-qayCG9cA9p4F8EMNuqOGdgTab_c7kX_ztlPO5Z6wLUJ4kmzs4uCOFnUsxKw_XypQXtrhkOeVG43wOxaCGLopS170XSRY90V2UQyXFsKiWoovbTGO-tLhtKNBx5Y8SjO0jaKpTlDM7ZcSM1CzcVqew6fsGd51dbwHTAsmkb3TSo5E13ien_q8u7edHqJ9a7qTHdHqqFm4Ty49fRsMjKHYZGJzpd0PoZOopiuuYidxM88VFrNhNSzyHcXjLqUNqQGtXMuNSDteYUokveo8YxxPI3vyZLtKhrCL55R7u37paO4QWXEVYNM0BFqBJROyzLDuZbD_P46rkyTe9ISCmJe6sENh-4211w_VdvSrSAt53zzcT0VukpkyQGZ6L9hXTh21Po6yQiBrLkQvE8v9rVAIJZ8KNMUsk9pLFCj0kiofIustapKzbM572FAMNmilgoOqhsPuZl6fXJrE1_hEq4_WSll5vdpNg2wMPihL2Yx20gcZMxnFF_Im3KfR_X0OEn799jEwmPZ58MJFABaJEL9uXW1xBqMd48xC_9D5bpa_LRU8z8V9GGK8wl2PrxXhrP4G71-KNajOJijdSwihgobhQdyyC6jBQTWWB0wu-qj3Uh8dvW1UCAcwFNi_WwxnP6aJm6J0hPA_WmFNGlhLDNjmteyX7Wr7dHqndxyuXhg0nWGLA9r4wM-NU-OTvnyMqlSws-TfvOf8TKvg9BUY6uFGkZOw9yfnXauAaUu5N2leWbrkAHPIM0T-riM3CmKeUJrUrliOSc-JbjjhxTl8RhDrk_FMONt5xHkIX6Yu8BHn7APZ-9kv8TIp08qIoq_wGlRkMFWVGv2smvGwiT7fXt-PahDKJEdF2GLX-ywLK4oab31Yuw7pEAz3cKXdRWoKH7omhP04mf518gmrGbicH6ToFL3z8vkoe_vOJYQuztQwkiuZI23cAnJPFk2_BeK5Ou9ynlgIt65pkzAsHmtb7UHeg.Al4NFkvRblpvQM24BevPFatacxpCB4Lxen90Qq60at8',NULL,'2023-08-07 09:09:13.168228','mmjuMlYOiYF1oOL76hw46JpvggAHKGZAkno7MaR0IU0=','redeemed','3a0c0381-2b83-5125-2df8-9f50c0e3d11a','authorization_code','{}','db436cbe18a14601b87c6ed601e73d83','2023-08-07 17:09:12.723589','3a0c0381-2b83-5125-2df8-9f50c0e3d11a','2023-08-07 17:09:13.172118',NULL,0,NULL,NULL),('3a0ce16e-cb58-adcd-60dc-a86244684df8','3a0c418f-d15d-2eb4-fdfe-f3443f3350bf','3a0c41bc-5282-d9ca-ae76-a347f6dbed21','2023-08-07 09:09:13.000000','2023-08-08 09:09:13.000000',NULL,NULL,NULL,NULL,'valid','3a0c0381-2b83-5125-2df8-9f50c0e3d11a','access_token','{}','fe3e8b76718841b7885f09cec0f9a869','2023-08-07 17:09:13.179138',NULL,NULL,NULL,0,NULL,NULL),('3a0ce176-ed4e-cd17-bb87-93ca0433e2d4','3a0c418f-d15d-2eb4-fdfe-f3443f3350bf','3a0c41bc-5282-d9ca-ae76-a347f6dbed21','2023-08-07 09:18:06.000000','2023-08-07 09:23:06.000000','eyJhbGciOiJSU0EtT0FFUCIsImVuYyI6IkEyNTZDQkMtSFM1MTIiLCJraWQiOiIyMEQ5ODFGMDE5NUFERTdDOTcyRjQzQUYzOTRGQkUzNkZFRkMwRDdCIiwidHlwIjoib2lfYXVjK2p3dCIsImN0eSI6IkpXVCJ9.Sfk_VHysSRInB2VCj5wcSWCEg1dBnq8ThJIzEFo5lkpEvVjmVy__GhiTJdLT_s8Iah4LfNl_5iC5M0aWaUCmChn0biPNaLcJxDR4mXiyOybv9n1PCKT2EBYvpfXd2cuDQYTcU38_r9Rrmnu5PwUzs1uA9FMs_Oupi-_rWMcUAjNMoJf_r0pR3d2kUJj6W38ubDnGUg67hgzj_no3SyduQvdRwPhbMHSjFmVfZFViKnTTmdnCZUmpvubeO50F_j2fXJBWbxnsr5p2-Y3qHcsHFwcv4aU4tm30p896Y2RLynlBgYBLuTqR9_rHPT1l-0Ajnle9ors93OS8wxN7R2owsw.jrs-kDHV-aEOzO0FpzKkHA.Xyn-ZNNvViivVPkiAUHqslhDxmfwtkkIzWgoWGeY3lEBw54k4Nk0yTgUtLcMXSm_H9m1lJnN4VTh99lw0BRe2EY-u25SpLRLzsEaoI32Pr-YHQoCdTQHCcx1WV_JIKJbCJk8tuy169zBPDHi3eTxNDCk-4IP0ZJ2Hna-YZjYsgy0jd5LHEMKklquG5a9dSPKlc-lhrAB-ZJWINKRSuPlSvqpapfo2_GqHXENMZM_9UwIU_KD_lFs1zEJ6BpZyR-RHHl5TmT07V2_kOP8-15bMz6v5mJqHMmPMx4Djm80K79aRGXg4WfV5UXtOyDR_LgyoLEgE-771qaykZz8ZSlEhRaYFx2KiFxM4owa73C_m-j69ES47udYj96lJ4v5tq7bxAZkYxhtdz7srKeESuuyvjlNGdWY9t2wtAZDC05VnJLzKkfSvFYIHVIQjqzVCcAzNpzJdi7tY4wxUm8uMhMHBITcljmO2ZrbP8lUD-uajBgdjOPh4kltweSGp1rHDNXACYlefwnmdsIBx87r95WBkiOtSZKhxB2-Kgk0Vx4-I5zZR_WZ4_bPj5q_1Kgo45rZ5eX6iT9I3xlk9r8lD4P-PDGthhqRWjd-LZnBCrgR2j-pZ_OmvBJad4imlK4iTotvzS5JxMkINenSrbnwG4i2eS6iWrjXedQTuQketl0oOgTg9xaAJz4lPr-3FP0uWfK4_GMFzmoNU3dRc3wxNvl-aFugAwmfSInUsTGcZwZ-VYY5QBRPpW9tHt5nIpXI_bR9vqVPsmuWQXcr9771rK5sVcDBRwQOL9f-9FayZizUk9Qcj_3tpyNNu5qD-GQuNzuHPpU72r5yXhSTYCGdKbElV4_d7SoPmf5QroBi11S96fiAkABwZiNhxoibponLJuoIRPwUdduFz3s2JlMZ5k9ANSxs2SGkSyYE7PCkRKx8QZT1150bL5ZARqjjMxsI8q5wJpWFQsNJgY99Aqj6MuEj2hN11IRza2fHyGCC_67A8d2NGn_70LPsMC8IC4slhgejsJyEM-RNNFbTKiu8dowzQI448yPj4joJU7YsrPxi3FhcN_Q7NudUfbPOeawaLBQQ4zDIjHjYVtvP4UDqIFbZVq5Wij8OxYPN1l_xOxj5jz66i8nw7Aw9q8DI6SulN8Z65lpODHpRND7QYNlYNMLhJ4oS8UNMM7iYIdXMTZCWDPrWnE5tOW94QKWaupvXGQ2b9trZ37-y3rewY2SKzBlf9yjQ8lsBARI1bH-t4UnLjL-VhCRS7UCaRxOURFpc6uUHYPDezbf9ZYbz8vrWVZ8UlHaBzykWbna9pVwHG9j7rJXOgNCrH6dXgMCdnGgMrmQdrUXCVjvjbU-P3Ww4Yy7n0gy3HsmeQQhok1QGYvf5uvFUxch3JSHXGktqW4colClgfQ_5540PtxEt5CJL6_UZ99jgxt3JqvbcrLCnhyqxODm5Kn1V1jLgtyvVM_aaKZ9uKwGzR3am3pKwz5Tqn2ZvtGmKkELSZw9L_UPw4v117bQ2VbBDhnZZnJha9Aob3iWBk-7riySvuL6-RbTtqPkGD_du41Q2aS91DOWUNIE4CvpHg-O8DzXBUMeaeDdns8smgyMSA6MGEn15ImeGngmu0-2HyPHo8THgdmMG1fKakCbOvaHA7AglB4Q0yQb-ULgZDglu3OX0A_rfR09fJrj_IHI55OT3DsB3gUqyB_bH8HGGCf1Tk8FxHwT5nE1kH7Cl9INYA8aKUOUDDv4cIDDfyVakI7aUkemjn33iE2leNx67oqye9oO2JQ_jF6pXED9xRgT1GgSkFrtz1e02FB8D0-eP3Et8zzhKR26kF0Nfoo4XPEttp_y7C0jTmmhHOx4JlaDA_b89YnWIIOdAi9-LzLFszxR52ulKB7i1yPoRyM7rp9jc3F6MQCofO2327tmgbuINeegPf5Ol_AK483tlpDcoJP4sjkLjSlShOdxo34jkZ-AHfWJ24avC-q8BDQOr3QUmKJ_207YdKhT5inWtoBpGThaCT3CNscLZCuzQ0L-acHN-cnYrYAE7Tc52_BV-gYswVW52V-CNpGYw-tvO5V5OuMJSHHfFZDm0trELTibyH-Ko7PUUq1TcNEx09w25W4sumVqOqkyfWpx4I0E59iPi6YlZmChX1JnQilc3XkExUUWIaDu3E-e8vcObpwT35MaiR_AxT1aAkZiZ8avYLMBj-ZqeXGn-rpTfoogUJyrzrhb_n0P4m-MGrBZ7lUjJQlydWNLJRbxwINV79Zu3pitp3hTEWrLhoiJAe83uK1WWiU0S1q9-tQaJkjPObl4a4Ir_-Whum6gcQ_UACziqxnQHITziOnQudglhhvUB579F1b5JoHDoUzcA8gtXpoG7CCBhuTAE5HYpq7dOg_Hrp76pKLP30P3s35PuFgUNOWaXAtsQz0fTgwSqD0xPrbBqxIy8hXSbz9euW8Tnt0h_jnAdvakTyJBYl6ZGCVlnyvdafFhCj8mxR0-s8asSCPD1l2bbTq2-KHNYYrU5k97OZQ.50cAggIsF5TPriO3pzq5FVoHrgPp-J73E4mnMyBsxDM',NULL,'2023-08-07 09:18:06.766951','GIVr0O7Df59YfMZ1R4T7GJVxm8Fzj7IdVUNzhBNdsrU=','redeemed','3a0c0381-2b83-5125-2df8-9f50c0e3d11a','authorization_code','{}','53043100c8614366880a4641f78b4ef7','2023-08-07 17:18:06.161984','3a0c0381-2b83-5125-2df8-9f50c0e3d11a','2023-08-07 17:18:06.772443',NULL,0,NULL,NULL),('3a0ce176-efb7-fa34-e7a0-3557595b73c0','3a0c418f-d15d-2eb4-fdfe-f3443f3350bf','3a0c41bc-5282-d9ca-ae76-a347f6dbed21','2023-08-07 09:18:06.000000','2023-08-08 09:18:06.000000',NULL,NULL,NULL,NULL,'valid','3a0c0381-2b83-5125-2df8-9f50c0e3d11a','access_token','{}','01e9eda27d2e47809b93629867c021fd','2023-08-07 17:18:06.777566',NULL,NULL,NULL,0,NULL,NULL),('3a0ce186-53e9-6202-dbee-c48f0409ce26','3a0c418f-d15d-2eb4-fdfe-f3443f3350bf','3a0c41bc-5282-d9ca-ae76-a347f6dbed21','2023-08-07 09:34:55.000000','2023-08-07 09:39:55.000000','eyJhbGciOiJSU0EtT0FFUCIsImVuYyI6IkEyNTZDQkMtSFM1MTIiLCJraWQiOiIyMEQ5ODFGMDE5NUFERTdDOTcyRjQzQUYzOTRGQkUzNkZFRkMwRDdCIiwidHlwIjoib2lfYXVjK2p3dCIsImN0eSI6IkpXVCJ9.vXUAylmKXyuj7njjB-qn9gV54y_45w3b4PiaNwj4sZx5-wSwNHjW-ahARrOa-knDI8zVBYauopZKXFn9TrKoCzB1Eoh995cEijQ64iVsV21L_qoV-rko4ak1s4q7rrCsIfIWfvOLPymwSXtVRGabh4rBOkPTtJFr03822VfdEH6CgFD21u4mdtZyUobTDgmadmk8h0kCDuAuDLxUzznBUeHWmKNaK03KLC7vYwU86sWEbed1I3Pvs3lqG3f16FviL5AHXB6me9tf6CSaNsIF8-xVkEynIDrYYNVvlT0RaZUmNASIvabcfHf-mjK370NGaBuH4dsEy8n6pY0KetuXLg.upg6E1n_Dh7G8cXxBq39EQ.Gb7t7HThN4QqMNKbiQpDS6DHMo2w1smGD-TnFnFUKsqmJelybPsb7jqaQGoZc9aUlsaTeZLyZBcMuACz8Nw6RpJdEPA4_BNi2z7QWGxshgxlLAi6fhoEAAFO7MeoEo1_cD2BA2TrlqhOTKNBUIQhSR1KdWkN815gQ8SbUaX8FnljSzY52ouiB-lBUX3gQfq0lWUCn7ztVD-hy3FsaOQBdSmAkITyAY8Tsf9oynEaxIpb1kqj1vvQlBohbMXOyMPxa_78Ftzm5aUUl-wzG4FgrxNd91IHRROHxbufoTdUJHlALIiJKoVmQRjmz9UKicnkfcek_3Z-2_Tp03B85a1BcecK2J54oWRGF-ZTgO6ODpBpNqgWGbo7bZdTY3nz_E8n6argBzSPxchEsAwBaWBqdHUg7TumwsGu_WzRNqhQ8Nob18PyFnq38T6rvq9NQ4dNt-oZ_WiWw_5qTk0TJKtlXcG0CY9swUyKdsJ0haMMrmMkLTgE6mRm7ai6ggSZWQkFQGhgWcZuRFd0gzmGWdpAmvr45SAx5HfbBT1k9-nejHFlqrg5gaeXcvM2-EsGRCUZr7qcOXrxpTUUmP6ml13kQtyDezz04-kLOwUaAvF_Z94QUtp1EYNsnWBrzahKby_vQzRTbh70Z6pSX6qZtCrKF2FOPlL60k9AZp-2q3BeE9lbdX0nWHz0ryWzVpov93tD3doM68HYDvzLHzlYvi2uQmFD0wmkY47tmTRZC8ghiHbINiDryX6SyREu-IS0aT1EjAxsyZWsYU7RM-lUAwSCfTv-CZ9EyUmwRNOLjkkOpuGHyHYLuK8fCMy0m69shjho0__LpkJo1LjodhzSbgkLwpCB16VPel4c9z-sX-lMIHnKfvMh8PhgZlthPAxcGeoto-u5gn237zqVDUVJHgrAg1qdpb8TgxbpxPngDBk9FR5zD2ypP_HrEeoGd1_ky_qwUGFFWnbSbxHtflPXB8qORTf80gHAWf1q_XM5l9ZVS80puNVIPKJPKLQxdZWa9BjYU-HSwDTLTMxXAj5qiU5qOZMrk1ofUhJ9wX6KkFQz8O_7mbqr6xuJKwqy1jLKNWnmx2Umuz4UDtnECNkCZPw0O3J8WhLEY9evMAWtodfHfNd9CSLDeyXSevDK8zM64HYdD4Jfbk1SRxaDAXJ6oRiptcycz_lja3338xmZOs5k-SFC8bVNpmlZ8LUal47jEMILSxtJ2JXbmCuL7v9v73a6iqGx1MzzOytQiOJ11RGSizQmFTgy809oxC6cBp6vajsA_CENz24YcLhigWh5mmA3s7xDjuwE9jg-3OQheK9ERoB36mVPpnn4eYC4LjlGGHvPCCLWVb9AVbN2il7HnGABaJZjM0_PDVfDd2wAUbs-F84lB8a3BzsTH9flo-mQcnQmNFGCSuCaRjXTo0UOdIxcecrM10zd069wbGRu_51pc-CIMu5PM5dplcLKxUcMebheTMRzqoFXacnYU5Yi5cp64209MzyVCjSgWQpjnxnyYP28ttadGI1tAQcHbcKxMrQtdhqypPb83gy4HPE2foeSL8Y4qAz5uwT7b9e0-2CEu07DZAarCdnfM10SqhSo_wmirkSKv36I8AtkJoLsTh31lbtrxljDSuAHs9Ccq1-JDpZbGSllkHuAWteWK0k8P8b4ajToWkmDmeROMsslKyG36mdj1gHo8KbD1DtyV0y-sD2Bm4M7-kV6h9_5n5W_XKbdx2lOKHekZRWB-4ASj6kfwQ_V2eBKvnroLPP1GkDVWRA7GIGXtJ5MjwjYAJg-GZ0b7jcMCxhoDd9mIxz1tKkjVYLjERP1oUKBMtkCmX4qB4mpDq4mJLz-pHKCk4oqsy3LEXPXveAR75rUlEXF-z3g9nV80CPUf-yREBMyRCiktQYr3ed6yGPWExKSVP4uHixRdY0EeDqDukUigQt_mNmVOe3Wj7JBFpovlyZw2HbInsinQY5gi8uEXGEU2-a15Z_jqoYD2fcSPYJ7BbiL6tLA7UPxJ5QcCMQKWi_Ks1nkGTRyglSwl5YGA8FJiZszLJcDGrsy-ssKdqvC7hNUcB1Khye6vBVxZZ7lO8TO_Sx1RZl4LXX6xN8Z-9SUvS1kbDU-Pt7DqtpzgHvLPtUZvaDqoAlkyJ7JiaBfJeagX4gjNKpHJUzklu-pyEYcvgQIlHh4O_k8SuBJM_evwpJRc2Hw2_TLIf2yNkQKGNMsRzOCuZucv2bcmOlTfwHWXgy2FtEhxliyoc10UiFS1HtX9__Lk9L5__GSS9hs5efA77SBIbZdtCin-qq5JhqsYYR0J4mJTbCrv6G4mxzh8ewVU_mSlne5f8ZjNHOrtE_EmGFqJEIWy2pEEWOtQV5kPyqcPg7Tezfq_GgCsoC-7kTjqDEsk4E24f-72NE7wk6Mxw-qWiwnuhmLC9O4xdbRivc17ypBNYgnlcJvlCtbrzc7c1tdJUWhfNjuJxO8zhVMf1H9qIzSzmUWOcFvjcyzqKJaACFH8293ZgSIGLKIEMZId3BOcA.6xS8LzKmmdHGzdljOj6DpuEtmXpp8LKZHJrU4iq_U9s',NULL,'2023-08-07 09:34:55.939395','Z11PK8S7LZIOBCBo4U4fsYWLgTfTmQeB4/Zd9wgRaBE=','redeemed','3a0c0381-2b83-5125-2df8-9f50c0e3d11a','authorization_code','{}','c2427a7ef1404c0cab5b6b92ed090b62','2023-08-07 17:34:55.467657','3a0c0381-2b83-5125-2df8-9f50c0e3d11a','2023-08-07 17:34:55.943983',NULL,0,NULL,NULL),('3a0ce186-5618-9de3-b12f-36a8655f853b','3a0c418f-d15d-2eb4-fdfe-f3443f3350bf','3a0c41bc-5282-d9ca-ae76-a347f6dbed21','2023-08-07 09:34:56.000000','2023-08-08 09:34:56.000000',NULL,NULL,NULL,NULL,'valid','3a0c0381-2b83-5125-2df8-9f50c0e3d11a','access_token','{}','0fc3fc63ce4746a8a3eb321a4a9d1d0e','2023-08-07 17:34:56.027544',NULL,NULL,NULL,0,NULL,NULL),('3a0ce1aa-c6a4-8b19-37d4-84aa2515ed49','3a0c418f-d15d-2eb4-fdfe-f3443f3350bf','3a0c41bc-5282-d9ca-ae76-a347f6dbed21','2023-08-07 10:14:44.000000','2023-08-07 10:19:44.000000','eyJhbGciOiJSU0EtT0FFUCIsImVuYyI6IkEyNTZDQkMtSFM1MTIiLCJraWQiOiIyMEQ5ODFGMDE5NUFERTdDOTcyRjQzQUYzOTRGQkUzNkZFRkMwRDdCIiwidHlwIjoib2lfYXVjK2p3dCIsImN0eSI6IkpXVCJ9.CUzM46iWV231V3VeUHjLS_wODiQrdE9eUncMeE6wxdA_13abnnRMUMS_q5gyCFB6cYzbDBV0nUWJB-_rkYEOkeXxbW06gMfItZZpzBRnNXIfDvr6i9Eeid5lxgERCRuQ3FFAe673qZLoDQhIxpHzbZG_uIOosZ-t98Sz5hzNHgGdIMzhMnwFAC-k4p5hew57_qQ00vHYUegJTeQGinfnz_1XnzelTrjQIr2G6Fo1NHpQxJkZG9426yIpVtxFOlLTpt8KdGxTywOThouLGglCKuMlUtyVJmEEDCTqSJkIXR7IQ02iHQz_DQIUNY0RFMaSNFFdxot0QFfR96AHA3TZ5w.9rF8PsPWIAfuD-_k96fMZw.AeRa1Y2gzK9OvgiT4nmot6PV2jnqFKaJhzHQYo76Y1yaIp4g7lddq8TtGvMnwIPxRTinPRG-t1aqfqnRdMkdR9YK0RQ7-B0876Vl6kD8EO5IylMDJQo7hUw88NhJI6vGVjqY42mgK8oVmr8ggZs8IJGOieAMMTqtRSIqPmIGeDo3GSgVL6v3DXG56sD8gN-mqLlN0HD_tbDi2nvX-oQ-tp27vtEqPOQ0RveN3NTHvUls60qY86Pzgc6uAaGr3sIbU6Z2PbxQp37T2052iGWyRQ2spHsrpH7CuAwMir6hTGFQyLHbgAuZawoHVTunmA9MwhjqGG5FRbah25dpzQaBOlFGRt8UgQsJXmfngIRmP6cnX7Ei8VllC0UoXlYFrgxSJVggBzrFLPvlMTr7qta6c63oNG7qxcU4M3jfK2LdxpSy8y7bNCHVEJpxTZ-MtnoGP4_6trWNvO4ItK5hBQY6AdFwueMo8BGlwnxhUJ2o9haF3MT5b5rdM9lcrsV3DeSuPuQSX7fE4zy1h2T47MaTTD3FYlc-MKkvFpNxvIIHMcjMyeyLgpTpSCuw1w-creWp6v65SKPqqTaZz3wgtgXCBGJE-ACsc6Sfd95OGc-1dLRqjvqPd4ZfWCUtBwx4dMnm5kOs2uhiAo33A4xfyUTX72l7KerHC8k07hjZTxrKn4hVuR4s6gb7r9cl508erFrAwBzOr1bOilCdsUcLTvInznA9sNIgJxYHJPGHAS-4O1YERF_PyoLmfLik1Hh4yjd4sX0Uo0klRab5ICF0CxUY-kNeX9--y_LlCaAZ_bKYYXibhanPncbpXnvBUZhSRxXQEzvBMLnipWNcrHL-EPwFhGhy8gdrkOH4gjItLXBeqc71RV8Irw5KfFMQlgPHzTkFUcenVKIEQchcA7hz-ngOzvmfBWw60NZGdIC6ViWjrvVOYVS0ImFh4IMeoTt7CCeJCfTm8QDyzsPK6hYmaudNlGIMUxBHzH5LLxBoA_lJqaP9OJIMqweY54zNZIM3Paw45hFLARC_L4P9jWw-AYWjJf8hvM-n6LnwQoDw7GlQvCMGkQcofcc4jdMu0Wjm_ulXz1rL67MYtairTNmAmTElW2y1D_eVU_GnCz6hQu0etMLnuKqKgllbN8-kUdRnc0X6T8NVKlZdAxf4mezjl1KvDiPwNKWDZnoHfnaK2SY0bcer6q2EaZqUzqy4d-XhqTX0CDgoJSszpIr_a2hChpTvgZkYd-mPvx8LzZwV2LK47gXOl7Wmawsov4KqIuxXCFAy-XxyGurddKMS3aLMqwLNfLoIvMjO553-dTLfflb473v98GOOFx-mHSEULyPmJi2n8kW1xP5hVs3G2y1cUg9CRRm49fUqdBJQvQpScEiERRcN_srQ58g1DqudYY9YgJRIDxfvrUAre7jNLS_oIsWgMdYkI4tz9GZ0Ysx3wK26GiRDMaIlqx3doYIWWO8Yq_xIPxerUIYczr6gtl1blZ4rLe64T3vJZQ3-uBIvI5kD59XpLsv1fH8Tf7QkiBIy8QmVOK1RF9JnyysfWEB3DhLTyORmoNkK00Kh_yXmvChyg3Oewy89ZZqUTZ5DHsZGn83LANG9POPnBVDyQTJ6OnaQ4D1Ht8QjYwKV3dDo9Ulg0y-uF_M_J_ePQ0E9freJ7HQkfTL3GynIphdZa393cbtmm0hoUSYNHjyH51s_JSiwwlojcfyRGYUrV3CRHD8qfXZc1DVXLAaMvVhk-bvzT9y6L203oVJp8V7LWrLWEHsxYCpt98ff7G2YKTEChdOtiqcWYoFsKXc2C-XKSZ4rd3y_DhKdPjSXD8jJClYw3Bp_h_SJHJMwJiHTuQoZFJnl940JaCep4d_b9bAoK7UFYdBRiIQw7Idbf9O7hn4VZnLpX_rTheJ-QuwbbFrSUpMqWPejaqb9nVHefAIm0o4_UYYkPtVYjljthny0svatK_0o_YsQR_PKx20WoUxQF_6c1ZSGQWlUU2Uu21qNUrLI6ZoaDnQE7PG8Dcvv8EKb3tb75Z9tkSR31If5i8N8sUChIjMEJMFQQoqsN0L5LCBMsJn5uodalxxCACIr7Jhgewq-cAXc_H7u2mLa9qYpdaLy5Th917VOnaM26LWLhiMpbIVu-fyVw0wBFjkdOedylC_INHDdQdgIIX_qYar46ArwowsbuSurdJhppxw0JpbxkFjp8QAKGnavrSujelJfnhExMYn4dBwm0qgLb39qIhTwYH7vY1UHsmUDFwySBfFuLZlhhdDIyM9-t8ocOUOI5NgEE2Yownagcy9puQ_k3hwHdLUFy1LS8PHiHq9aYbHF4Z-xZD5yzUPa4ajzi7KDQe-ZDz3rHS0FerKJCCZjgzK_gIazhXnbew51uwJrU5Cvv3-owxYFH9KxsIdYkcev7PPRbq1g60duDJhCEnVbL_JPlkYqGXgSRlyozvdP8-_A4-n9C-KdqrnbPwGil_7MStxawBVI8mb9kENo6QvximemWRtL5Xsv6ao-WbTg6sIPWg7DaQ.0vr4QY4LndVuJt-jLmUNgRSiTu2RJhpzkEU1d_G0neI',NULL,'2023-08-07 10:14:45.182556','WOu3Oq0IqPVT8YWsc5wQfLcoIZP95Wx2d/vKpSBheJo=','redeemed','3a0c0381-2b83-5125-2df8-9f50c0e3d11a','authorization_code','{}','8d18a0bcb7e746f8af9d1bd38f9497a7','2023-08-07 18:14:44.226928','3a0c0381-2b83-5125-2df8-9f50c0e3d11a','2023-08-07 18:14:45.197657',NULL,0,NULL,NULL),('3a0ce1aa-cadb-7630-850e-313465ec1942','3a0c418f-d15d-2eb4-fdfe-f3443f3350bf','3a0c41bc-5282-d9ca-ae76-a347f6dbed21','2023-08-07 10:14:45.000000','2023-08-08 10:14:45.000000',NULL,NULL,NULL,NULL,'valid','3a0c0381-2b83-5125-2df8-9f50c0e3d11a','access_token','{}','827edd76b6464b858f404ea65a39b3d7','2023-08-07 18:14:45.214863',NULL,NULL,NULL,0,NULL,NULL),('3a0ce1b3-3c14-c096-c9e9-a8d9f963287e','3a0c418f-d15d-2eb4-fdfe-f3443f3350bf','3a0c41bc-5282-d9ca-ae76-a347f6dbed21','2023-08-07 10:23:58.000000','2023-08-07 10:28:58.000000','eyJhbGciOiJSU0EtT0FFUCIsImVuYyI6IkEyNTZDQkMtSFM1MTIiLCJraWQiOiIyMEQ5ODFGMDE5NUFERTdDOTcyRjQzQUYzOTRGQkUzNkZFRkMwRDdCIiwidHlwIjoib2lfYXVjK2p3dCIsImN0eSI6IkpXVCJ9.i4cD-cTY0pWDwrubgMrDx7ATwUp-mY4ZS65qJ_bKgOYjO8Nmfj247bKhfAZwAE4jl-B3YHbi2LDiUHGTiMZUDD_g8Vzdmma9AmgLfQuJqNRKxy0aqcA8vYH-HiyaTPgHR7zr-VRT9mtxtJQPvWxdO2CNOpPXhX1FRBJioIuEhPnZEVR3Gx75i8FFx8e0wVQEGcnSQd-0hhNQ1qmGMPiygaudiQxSzCUdkuyZCXt5w0k7-2rsb37C8OZsWj0TOYqx7NerKgiq8q4RNIefdycvo02f6F6JBIvIN9gCHrmWS9eJll45T7D0sr_2463JAQYvy3qqmTRIyO77Hmwr6Mr6_w.z9wpGi0iyo86sSeBL66dEg.VppbX1Lh3jhHKjs302KWJ4RbOto89ND90m8Sa1VjiSTI0WtgKPIk0O2VdbSbqcZo3oup2QzqXOmzhyjwGc_wzFKtBQ11CJMJ90S8cXkCS2lWwWWEy_5wScX2yzNJkpY2ZsCVHDsACZHu02CLqpBxEfrH4Iu9jyy3sVt3vhWJYkNTitAA3t439KNTR4Of1kZxbWH_2GSFGoaEM32dqKaHys-37ccwQCvo3droHhDdXeVhKKuiHZoUiR4obgn-kqn8Xpguq6Pcio7ZdUPnXzFQFAz_0RbHAFkc8Axq1B7E73JJa3Aw3Qvn1wpXt3WfklgbVLmSkWHdcVkCVdo4ONroNL7DGIyEaD74ScD338K37hteNZIdegHSd-VNklv4dKX_Rs7oDj8AhdJGxMtWQPkp2EjgD2FtXxWcQVWWyyamuIFa2K-KHHOY6z_3VO-2OBSh9lvesSmiXtiPGCj_BGvpKwYcAVJwXb2pe0Xg3g849c156kbO1aEUT1boEfrRg5DRYJMRgNw4UunPhFT1MaRNwdjJkKKsv72q2I4ahoMFVItbdMb5g2jJTYynALKIn9QUs_ue7AZGa1cbvxdJwwPi9_2VdMzAlnSrFYvwY6SRLd3ORdHQQ9Ra4AvPz1cwDmMZBY_nYoEsRTQqBgLl8CVp90F1qrqcYakp6fFC5_B0IREqy8LMqVB2Yrr0pvhnuA18s-NPW8Ij4hglZVtfOdsXIWCe3GoR78DgaCac6fFX4-fqRMerwoJUmFlqX5YIg9i5MdSR03OmYRGnXZWK6DpfsPZCWo9hRVXqh8EgAbp0r1BUDuSzJzEMfuXrqwr9xEicEMqGiIRjR-jjpelHkZBf6O5ye0St5yP-XQmFdBONdGlLide6dnf2hpcJnvMOiV8hnzXhB-YOdB-Ua_XTTeXFGOSwz4Z03bKIyRolDyG1-PDUGIxyUbKmn-wTEkCSamnub0XaQAPZn9N1LuB6gOmRwsG8rrd-xIO3PC0P2zWDGjzHlMorEP91VFdM-XzvwIcxDnxD5HMrKYmnqlqj8fLWLN17hAS_Zi2s8Aaowy9D1cBr_7tuh8mipJVP-_G6XWVuw7vU8P565oXwQWO_6IVXrtNJVSeEx9ZfjR7sh1PCWunQ6hTnsB5FdL0pDHBlnKMaYLsdw9bZQAVSO9M5JCkMwQdZjb_8o_kPNrS7J1Ym3qIv2fgpMG03l9YYH0TNpwcO0Nt-rlV0uxt1fHrrG0AwOIhKGwpgt0XREx_qRbfjZX2gA84bO_Idgxz1MhCREfk_UXeRgayZP0bFKAe7PXzQS-mbM5v_95BEN0WHF8qMxuEuhHGvd_xxLW0piZslmew-Pene4YonqnfolbrdIO8-Rsesfao6rgDZ7Kbs6hYStaCzN-qo3iXibFRBeOmmsl8xxZV1OWCOIv8jKVcsHSnGmPoq8QvuFfhrumNIjrwEMqzUyzH_kDsvYKahdD4o0sPxYHIX6ypY05sEwdbwdey35t8jgdqiKOxyduhrtGQiKeyL3npb2jKOixr88WKVAIcBIkP3yrRJ0eqxKlB44acRQw6z74c8hP0FRLqoB2NibIoKy44QWcNFdCLurdRIJMAqId3TM14z7mVZnwnqXIv51njwJvtiY1yGHK5hJVhR-Q3Fgf4n5-Jd_j-e-qf2huYRUh_c7nvk_wubyzvdxNPlmh6Zags2KUMPX9SK_Q3Mr_dNug3EMs6mqkh5Npazr2lwfd2uR9lbJFSOCGPEDa4JtCyJFc97K6G-fDEWX6iMvTlgVnNgh637gWiAyix7qvZ8tT8LQpYQ0ZVwljQKcJhfumVAD0XUIm3_q2F-ttppM5ZxfJwoGgf3xU8O_6c8GVhZqTmoGKJBH3tSYCtogv7Up0p-9xCm26QEg0vts6L6dWn4S1lJghWCH1E_gCl8sFsC_as0dHxy8hQPBDbkMECqhnszgQKBp15nptSPIdPGeJVXrgaY_805HA6m0p35k2a0_RSCoxY6OFJDIacrKZbADP2OvdKcU_Kc2L_kppBC6VvCJ_4rvp7XyLQwXpGrLQlRKY0y0nRYVeNeKjdqVqP6lE2UQihMLtsebmavkeK7FoCQuimUDY2MhtkCVQMppyu6xfXG4ARcdRUKY3zQ9dFjWF-aOzOzTKwxYInsYgH0NajbOK1rJs581ZYfCYni1DRN-gRKUoPqrzvASQs4afUfmjWCXQe-4ylsOsnirE7vN5-6aSUSeCvBYXMsdGWPy4me6etRwWEBK_oFQcKRJ7Dt3CK4uPpBj3Tje_WkLg3oMYF-SkRhu9N0oXboxiCHpvxOzHTmFDpbYTCmWSM4SXGrwq9nGuz2jz1MZuFyb3KJ9eb0HdsZW9KBhlw8bML9-t7uy_7t7Lfdwftpdo5SYijznYUf_1mkKzQyrLZMAh0dlNOa6kUkL_TfjWhnof3itKZxXaKUh0SLJ41biH3NwdssnfdH4lTec9uFoRPfStX6sUhJk0HxQDIlUzhcf9qwh93cFX1fYutM-6hcKE2dFH-9YQ.48pn4_-KLmzfGN6azWTWsSqeMHNhWPXCDdQ3tsWy-QU',NULL,'2023-08-07 10:23:59.058302','S1nVlrgkaZudUcr0VJeCmvPluqutHr7PLK5epknuNEs=','redeemed','3a0c0381-2b83-5125-2df8-9f50c0e3d11a','authorization_code','{}','82ca633b19e14e55a7601ff631850de2','2023-08-07 18:23:58.490042','3a0c0381-2b83-5125-2df8-9f50c0e3d11a','2023-08-07 18:23:59.065325',NULL,0,NULL,NULL),('3a0ce1b3-3e5e-b836-f918-7b7323e85d7d','3a0c418f-d15d-2eb4-fdfe-f3443f3350bf','3a0c41bc-5282-d9ca-ae76-a347f6dbed21','2023-08-07 10:23:59.000000','2023-08-08 10:23:59.000000',NULL,NULL,NULL,NULL,'valid','3a0c0381-2b83-5125-2df8-9f50c0e3d11a','access_token','{}','04273c2e051c4450ac189f57269282d6','2023-08-07 18:23:59.073005',NULL,NULL,NULL,0,NULL,NULL),('3a0ce1ba-b4d9-a26b-d2e9-0214d28ebda9','3a0c418f-d15d-2eb4-fdfe-f3443f3350bf','3a0c41bc-5282-d9ca-ae76-a347f6dbed21','2023-08-07 10:32:08.000000','2023-08-07 10:37:08.000000','eyJhbGciOiJSU0EtT0FFUCIsImVuYyI6IkEyNTZDQkMtSFM1MTIiLCJraWQiOiIyMEQ5ODFGMDE5NUFERTdDOTcyRjQzQUYzOTRGQkUzNkZFRkMwRDdCIiwidHlwIjoib2lfYXVjK2p3dCIsImN0eSI6IkpXVCJ9.Zm77wuXAWcsTqMOweVkkdPFFN4tRF1hwkhGIKirFymaB9Id4Zp5fForAH0XjnMulvmMIHEtD5tOhU9mVsV5eGbGl5DDWMkob79jfJDY04VbLcC6WdxrncekXyz--EgPHxwcfh2Crh79GqCzoakTRDK5gVBZR9_nUKjI6zmLmeug7yWtsDXXAVgbiijp-juSVzZQkvCKj6RRowIbe27NMJmfr13uRZbBFkLqviQDZIiN7hED1W34j_s6WiRjiQVs_zOocvXi57cl4g0_eA1fZNMglwqEtfmOhM4jhBkg82r9phxe6FbBgMNmxJF1Ve9M9-uffzVypJlnxzZXGaWa0xg.H6mQdYXuF9R3wytF3qKzmQ.BrpFZzybvTVU99aNX6UPy8hmS9-HgRDpo-vC-vj_j4SRZjNtxdhV4RYUbSdI9tjb44snwfK6krilfTh0MYQdfly1oizRQUEfJsRwWGgLCJNEIkBCIrOxjowTGUcSg6CA3_XGhpK_f2kjkeCD3jsFvBaPDpru6C69WYGfOijr_VR_v2bZfO8eQOLksDrlWXh8pX03-xxQxWhg26a6lhBglCw6VE-bIkDtQ5Qttha2cFdWy2cqdAOd8cykQ0dRu1e0HBWtTFLm3YCkIM4h9VQSBDlINFjQ2rFi5OSpc5gFMkrl0UxYqh2URfI3Gj7x9r11uoTj4LkObQK5PqQMfrq0GBCy_Z5mpHDzg-FpdkTRC-1pPik3865JppeSDzrh2TxXaDQ6wcSrSFCHNmp8b9kI4T5lHn1gF8cVv8atTfp4e54b5qdeqM76_DXMUvWYOJboVUTwzxrEIm1bg4BGySiKEvJ2Me3YhDXJv_bd8xk2GXC0YhMctbBQxutcGAv2Eru9zmiVpr5y3spwx8yP-zYwGrzRj1KI6yY75vZ9gE-zMcR9zHe3U7-xWAPdGQnX0BRDtP_7CfLSMyYKtsxyvgdUnspzpUxVzKlyechemOD0Umh-QlOvacKpCpOWA82yzSFSCrrljRrKalvLqK4deyI0AfbVqGnWsVKzBdP9DhOmPpRmqnzt55OYmE4GOorzIrc76Q30hxDG6Lph-ljUnAEBBBXyZlHetTncavjo5gR2drLXQT--QQsir9fdwne0KZJHgLeDPiag9xTGcDK4umwEFtVgnqyPyoqocORIdBeMIo6gKz5SU8XguwXypR7yaFjwEKXVwE4xC6DWSK3m4SE_rFzUdc_LQMo8H2SJSAHoTZQ7g5NIDVdk22N-XYbqhJScYiYBbHAB5u-HHXAmDbJblSzxvljwNa3iballb3TA1j6B9CW4Cu-qsd5z5ZNxPYvYsk5HsmLRR28ba3BycrM-T7-HQUIMaTAeINEr4nGZnxDVeRwAnAuzA_DsUCaqf5yU5MBy4kL4ZuBrEZ6JPFy9sNmU5lXXW8Yi1mvAkmDCfx8zwXHlLd7sc1s0RjbRnhzOKG0n9PViF3ly2y_GikREup-H4qguNb5P4oBr5X-9Z44KFBnU8PcpdU7llD_V1v9IcS_vP3ZVeaZ0zcn0-zB5jOzbURYTzxptPnMY-8hqF0VBbiivYe9S-z_7BspNwdbE8-Dvkv2hhTMESNRo2qrIpbRZr_i4qsYVrjXy8CeMcMpzEV_TkC9CjvyQrnrLwEa5BLwdW9QMLH4ePQ1mNLvTqFjt0TkitTq0IkoSDyuOpoR5lkBS9WZzOcndGiz6n2EWvZxFjpCmijnaAjsxui5JgfV4YVvLeWy2nESfQw5kx-ZIjwbba5Ix2sqX6pC4tUD-BW404__UAZ5SsgHdU1Pq3cUSyfU5sYgx8VkQnABCRTjorobUCE1rdPKvTeAfAMk6GM2kpkEz7YoYM-_l-q83pDucs2Z9huYIbuHm8BKHIMDArEa2js52s0XxSz0YlTCT3VsKTfXvzBshIsZ0bVNHScVF3-WBX18H7CyT-5pooDffr3uZyMAMfTMHD6QDHVQBdteJJktuoYJByRRAp4QJ4UF-0O7d9wSWk45K90umkpSarlkIdMkhZhxlxrDYvVJq31edGteYlhaM-9RiPs0akL7btFt9euSyJyHat8wMWABZo3n9mV5Hvu3D7wuVDAUbuFbr-fWI1TGZR5ZyFCKe-thRaV6q2lNlPDkEP3T5LbM4JhJ96FaS8dZNAEIP4Jy46QJpuMh0kmIhPR6OyFz9hb8n0yix3fflStzBcA5Nll1fnLYYWsA_DHPlyvCQMRU_xYsrWCEh1UExj7Vo6LQF4PLxUzDUqGLMiaijUALmo38KjbHxVSfq0JOWOxoTNU_7JRHQV8KkuV0dWYzUdXtPRaq2G65NxwOaJPAzr2T7yGaxdqikrUoXKu_3z08iHsbSxpTo2sU1bYLoTX6N9ISJu4mRiye-R1G4Hyqiqo8lzxg2P3vpLwttnzvtsU3AzyOM7CmoHbTkIgKcgjn-iKPxzc3U1okZO3E9sfaXTwJFwailS62_nWUnypp1sWuOgfGLfdWW4o-yrrH9WzEVeHFVMYNBn_3jN5dJnTvCVpR3mKO2NCKN3sveYpIF68zKn2pnXh1zL3vwtITzv-hOi5AdE9xoQf5QmgLZD5XXSVAxcztoYB02V6NGHvMoM5h86BH-2rjqssjrDsnG2qsJLG30eiHIU1xvw51jbc-KMtkrSXZq4WmACxdwgybdksYpvR3YT8cIfrKkylBaxWq7ctUqRwB6lcrfmPDqsJIGKoDd0Vmx6Y4yYx-DFU1Sztb9Hlx58kBXBxFHchze1_JRnrEr9xZrABvty971fXFy2f-DMbNy5KPB5v54T5CbQNNkhepgLk3Bewitv5Qkr_t0Q1QKjas936dDgVbkHNFFUcwybqd_rFpmcyMEZuwvFyITLW4yBkeLDWcrn4dZIjJxjP_OHA.H_esoC89IIFGeQuoyFYWAkxNZWAxarL3GXdC5CyabT0',NULL,'2023-08-07 10:32:08.574123','hnBCUSs3t4AabzTcdk+tVWBAt0k12ai8OhHfEd/lc/E=','redeemed','3a0c0381-2b83-5125-2df8-9f50c0e3d11a','authorization_code','{}','3c25f0c5cbce43c19bfc184cb8f19c2e','2023-08-07 18:32:08.158737','3a0c0381-2b83-5125-2df8-9f50c0e3d11a','2023-08-07 18:32:08.580333',NULL,0,NULL,NULL),('3a0ce1ba-b68a-e5ad-cf1b-f303ee8fa120','3a0c418f-d15d-2eb4-fdfe-f3443f3350bf','3a0c41bc-5282-d9ca-ae76-a347f6dbed21','2023-08-07 10:32:08.000000','2023-08-08 10:32:08.000000',NULL,NULL,NULL,NULL,'valid','3a0c0381-2b83-5125-2df8-9f50c0e3d11a','access_token','{}','aa8fec7bfb2642caa7f00316ce8c5cf5','2023-08-07 18:32:08.589279',NULL,NULL,NULL,0,NULL,NULL),('3a0ce275-e570-5b46-5281-a1549357aa48','3a0c29b9-4091-346e-e272-fddebb005d53',NULL,'2023-08-07 13:56:35.000000','2023-08-08 13:56:35.000000',NULL,NULL,NULL,NULL,'valid','3a0c0381-2b83-5125-2df8-9f50c0e3d11a','access_token','{}','1f56c749ffa047ffaa8385562db88c18','2023-08-07 21:56:35.920628',NULL,NULL,NULL,0,NULL,NULL),('3a0ce276-d521-52a5-8186-6fdcda56ff7f','3a0c418f-d15d-2eb4-fdfe-f3443f3350bf','3a0c41bc-5282-d9ca-ae76-a347f6dbed21','2023-08-07 13:57:37.000000','2023-08-07 14:02:37.000000','eyJhbGciOiJSU0EtT0FFUCIsImVuYyI6IkEyNTZDQkMtSFM1MTIiLCJraWQiOiIyMEQ5ODFGMDE5NUFERTdDOTcyRjQzQUYzOTRGQkUzNkZFRkMwRDdCIiwidHlwIjoib2lfYXVjK2p3dCIsImN0eSI6IkpXVCJ9.I8tByMGhp9pYFdMnbounMqbvNte9X4EhYxRPjFcOXTZcdgJwqadtPpBG2tPYuezclB6Cyc3F61riI5HhJVvacTLW_9oyqyl47OIHOUw_GdrfiXcvGS94M0gELl1HsQpHvHK9vOSg7mXmuuxBd_nW4R4eFPzVgau9Lm51umexStcX4Cs0R-g0guK8qgS99Nj0polheOFngg_tvXLH7CRZp4znagVVL2OOfPPoOGYTs0Dpjkd-APlPAe-VyEdgpATk_Pc8WCe3vVW3BwGSr1QyEJJgrFOwHI-doyn5H9ayOsLkdlSAsB91M3GE2kFXbkwoKxo_8dWOOpJKiu0hhLB-Eg.iV6uygqpGMfBU5QyMFIXRg.pJv5vNtSkjgIgAIRCNnrn2Hys275P4Gi-5SHsEOhVEHD8PIqTpveARYRhY8T7auIf42ILRHuC6Hk-I6r3zHCV_FhvEOrcSosiV4HD10jfJ6avPhdkvL4vfNVvDmuFU8jxH_MarLGG_jRkQS2v6FCZ7CzOyIEB12vpcCTaQJG3fF6YgangbtZzTxyzGwO8FrqNstvEjX0JfCPMUEsilpns9gwRM3mkC3g96pSACeKtcgxNejx91SoLEsj5vQ0w6ol0t2yBir2yy21IFnmN2pJrh5l9mXRCODLADcz4KSIskayzo8RaRUJMaRhvyJ8JKpD_f2nV7zUMqW09mEdzOIIHJsd4e5SquSvD40dE2_lOXWFH8Y34KTqfsXy0SXzBKGMfla2vcuZWtEqPmyfRE2kGVEOqzQUKIjKF4F5eIP2311I-oNj1V_WX1f-FHgS0YT78O9c0XJ9za6y6w36F2EsfxxY4yyiTV5eXRmyXnz4XKKU-uMqJaJWN60jhCakVp4HxyrhhB-YkLKTT8hH1Susf_6cDeUN-Bz1ZcXG8Az5SWZbTNb79DLzv-5JeVL1SSKJLf8WIZEWGeC3tJperdn9yZ2tyEzdgIKoFWy-IQPwdKDj4_Kt097iT-BFPoR1fRE_ye7xBW44GM1eTzD0jrtu1dWVbEoLYCcQsPO7BHEXFChGUWhG3iPZHOLtd06NfCQfyxBj15QfdsraXrw5zwQi9mvObaMxtWBnYVFY60EsBqH25INczFPQ6hjk27OOM2qk8zt9Hi_jAr5jLDSskIaVRFfqazhdxuFZzzcx5J5y1GODsVBH_xrOuSNC8Tz_Sccc4F4NwsSHqEECJTRKCm071KXm0wGuPVoS4aUU_3lOwGf7lWHnvirlOiNaXtaegYOVbOxCwIqsF-ONbpNASmDahF8CB3mlqTqeypDtFNypxU2h-iP4FHjE8LMUnMCI0h-GXzf2G6W-kglwEaKjKFbOqNj9StEvgFmhRzIBtsdzEnzho_9IbIj62V2XaMLf6tw8fOfnzcq7rQgvP_ZZ6Sv2uuxVIuYJhxQTt5oGNbdUQSr8ARTWUd8Lr7Igl70NOkTr6dXd2xbvVXLW1RePH_fmd-w61rH3e9XpKUPZPZgBgMukbc_d2bDUV1LUJoRLV-No9KGDOt9kGB1fpw803UQnK72HJZDDL0nnZoTqAmPfCsN_hZ1bZOGAroYWaijtcuIsHR1ag6GWevyVrXPsaUqFG15PlZeFRhLkkxcAzqWveDAiCIHsHPBoNE5Z-D4sExPk5tELZe573kSNXyE_O-csChqyK0daemev_2S9njATEvYZaSONbKnaN0ch3CDCjZYpUp6UeKWlVSMLmeYqj2ZovSc0mNuSmtClfz-oyTZ-ECSAdXSepD1FyuNnLqN-iOpnrde-vBL-TWl8WwHi7j6WwfK66dRE4g4PkravHp3rzRC-gvEj1iqsmk_tGtR_2WHdRiDsLslweMbi2uNJjoFVXFdY0VGEOEz8cHBWKJV-K5qPaOegFaxwnBBAWYsJOWwWLDpBwKUvffV776G0RnCELkYCZVma_G5F6zTWxoMbgfHCFkq45YhXER7-SZlRnLWewoE1JhXewhdKXZF_5mi90lYJbwxg0k0kq4-30E_SFUNZs16cfbBA_QEfEQrDEIGb8P8n0PjXDLeOApAT0OCdxooLEWJWKMyU4EiND450iYMmbVE8h9xrKIcmSMz2pA_MJSHF0bm2oAMENiX-FiJ4BRjPdluwJb-Zf1ildIQ73HGlt_ulNdTNyWcRZFKjB1R2qO9y11TwCYnYwdF3hyxoHde7gxM4-xqtq9Hz5z5UCzIzJCJy1v04ycVIylH_jjm6lNYqcT_Jb45N4XaflXOxtMsGgvP0qkVlrcUqOSfiH1eNf-3oyiiDsIJOAwS1rYRFLKyOfug3TWWqnYo3_8-2xNqvIYYwa7cF4ilDQnyuzQTtg3oImPCBUbtYvb_JGLky9vdygiJohHNsGxaGkli6lNNQXRUJnhCNNqmNsBafL6niomNyVuyS584fg2nuUpArM50gwWado9mNXGVhf83BF9SUPuUES3Q298_tTcwmZm2g30QD-I0DR3xWpBiHlwrOq-aMT8HPuJxnw5dnacHOlXeSgZwsEU0Lj1fYrgt8rrf7de4xaEmsMVFhr0k5d4XrbyW6LY7TDcQHSmlEvEyqzLm6NlJf6-R8o764KgeXQivlH6m4Omn32ht5WQuCyz-KeSSZdwYNJN4WZUZkJKLmUBw2jOzE0W30lproWJV0s4eWRVhpBVgr-YFNi4tlAXHU_He1nZYSwFH6Rz6eKlEYWqhjJYQ9T5b8KXajywWybz78OTh5Ny3RSz70_GtxSpGlvZq9U0LlMVL_6VlLeGF8Vi13v858vXDS_vPELWGUcG_4gF4DhJ6KsQC3-HsX_THY9g5i4NkjX-h-NsSTNmSSXreum6-PFYislBmyW9jr7eO5gfZZv1YS2M7tdS8k0wkwfTK_VR_OlAIADHbnv1DO2g.SrCNGKB9KTG6hAvMmV6NKOnL53PxfXjPw1Eb5cAoT6Q',NULL,'2023-08-07 13:57:37.769292','zGbcY3K13Osd89AqK11RQbC0LSL9tyOwrqXP1c5hrt4=','redeemed','3a0c0381-2b83-5125-2df8-9f50c0e3d11a','authorization_code','{}','aaaf6271ae674344a34a5377743b9d57','2023-08-07 21:57:37.200415','3a0c0381-2b83-5125-2df8-9f50c0e3d11a','2023-08-07 21:57:37.776265',NULL,0,NULL,NULL),('3a0ce276-d792-1c84-5e84-7ca93ecc1978','3a0c418f-d15d-2eb4-fdfe-f3443f3350bf','3a0c41bc-5282-d9ca-ae76-a347f6dbed21','2023-08-07 13:57:37.000000','2023-08-08 13:57:37.000000',NULL,NULL,NULL,NULL,'valid','3a0c0381-2b83-5125-2df8-9f50c0e3d11a','access_token','{}','66a6f8ed1b9e4cd6bedc34fa80d433e0','2023-08-07 21:57:37.812283',NULL,NULL,NULL,0,NULL,NULL),('3a0ce2ad-0ca6-2818-85aa-148617b33cb0','3a0c418f-d15d-2eb4-fdfe-f3443f3350bf','3a0c41bc-5282-d9ca-ae76-a347f6dbed21','2023-08-07 14:56:50.000000','2023-08-07 15:01:50.000000','eyJhbGciOiJSU0EtT0FFUCIsImVuYyI6IkEyNTZDQkMtSFM1MTIiLCJraWQiOiIyMEQ5ODFGMDE5NUFERTdDOTcyRjQzQUYzOTRGQkUzNkZFRkMwRDdCIiwidHlwIjoib2lfYXVjK2p3dCIsImN0eSI6IkpXVCJ9.oNQfTQm1GeoM5ROSl30216M204FR9bj10wcw_5lqzzmG_L4_QEfJGEUinZRrMS7pNRNFCFLl-hcsSHVDIzoID4u3JYZlsnJ1aqG9zSQe54gQ7vQerki27MXDQfpeQn0oegWOHkPrpsLvcLVCFBVZjq157HyzK-uEIIsWkqLsg6imMS0mECv7Dbwdw7_upV3xeMSWFJoPJJ6o3XPDqhIUIofMfhNhbDXN8X0CZwKCFcZmeVpgwzOSIIZQVDy_uZ7i-hw6-gUrOsto2RUnNeMn487ST5ZSQ5mxAsiCt2HbrrVSIe758i6q1aQibim0wxpNazKGHNPjdeZ9WjHcsGazKA.y-6-TvIxog1pdNbgRzpbNg.kmkuLaXifSwGayAXNk-3ZXLfUnfE8yGJEi7-7vWAY9dxN8M2FOyXdVm6dC2WnUaW9arN8j6zFhDb1JNbWXMDVYR-a1ZK4AYl3_XmAXHWqivRyHWIBWO9eE5OgwTYccf0QPAk18Wj2GnkisYNbX_nEVIIsmt-kFwAL3z1Be_qx-jIFCF5UO663kvWeQKIFIzNpV4w9Z-6Hry7Uy3W6oB-yMhrX2BW010YZJgQjFjKRp6XoGdjcJNkfyL22jYSypau8ydP9EfFHeWJXIxNlraeWoMg6h2IEApc2iDsw9OwyN9THOofjDm5hxCuhQRwtpAEziwTEC8b67Y1Zg8pXJmNpEJezihxg88Q3ChpJHQuoMhGR9UtoSMNAm4YYMHf4Skswq6H2nDj78lUZup2t0TZeGQlTmHHG_Ph1a9kAwc3IMDa3lQp9Y1PlmUWelZz314rT2csc4Zrrj-ok0yMMErATN1Ctco0ZaJ5sDQ-jnLNAOcpZFVXMOWg-mEhS2BM7n0ctOx6FlgVaxF-Bce3-x0-x5YNRsin4DUzU1pqXPVEyvglMku3hya-DdslTzNcEcJP62hWtooup6_y9rTMFaY5rF10xhogUfd_H2KxeWkObfEfDMjLCZTtmvZ4vdahZaqZsehKBGs_2O81jKDvDcGbdo6GCCMFefpgaz59yy70Pd5keRvZmiZPNy9hDfDfXVoDEjN2cn7ONz2gUkkEN-cIvwMGRMLOuvPIJvIJM0vKmfo0Z4AT-QKWa4mCkQ8hswwo6Txd4ZmI-nlybQPjOmAuJje437eweWn_-njd4SusqXGAxZJ4IBZYWoNBlcghqyuXMjfUWVGXS9Ys9L8LiMeEgUhUPugKeQ_NDglHDtvkD2H1VaAdmyaI34sb-OCii6Eu0S3XaGhBDeLHp-4te0bIaJKmvbSpnmt19nTGB5DXM6prwW0DdNWaQEcXfLonV-oLMgyq6Qhh9DK3EIJHvQYppdNDPTNJpHJvomOk3ZxM-Sj-XXilBRaB2K7sLJc9Ui4n3Py5lagiXeXyZ9AIwjs3tJCfQOdpPjX4iafF2EaMZs9sik8T6tK7lxUQyUkSvoAib9_Tc1P1Yw37XS4s2DiamaDQgzvWkf6FXGH404F3Mp-cyE_XLzrwC6IUkWB-Hx-ZJhzNxMdf00vf6iHnek9XnUHTd3gXydnQhcKRpfuWrFBWdrA2z7vmI7fJEHnXgUMbqQzW3Jnqat7igHzyRRzN_rfITWAbeTOQ_dM2gd00Td-EPiq7lt5KH9_7r3_royVQffTyqJmiVcpjdI47wTRs0Qdoeiu00ORQ1fTe5SQ-mL_HGTEfjo3M8B6snI7poJsH3qQ3ScHmeEkYe7uPiitcjXNMF-ofYhrcWve8lTUruboiSMMYlW-zIMayYhqATSSBQQ1u6IsgmKWXuER_V-pzWNi0c0ieYDEF5DpvhaMiVdWfy2EhnSr4vfCHl-Mg_CppQjj9JVNHE2ptm1BYZ4nrL3WhsLzibqIPjpmTi_IpZWS4G-xwsKRWsk6yFgiNC8qQl4AQ1FSdb2GF_lDjkc7n4i75lGrAUx5bLmKy4FXgWnrKMs-f_7LDrY7eqr1g1-ztzlaJDos2ZxkwY4bzs5Wf0Hi905m9UMkt6_I5cIOOcCUHHaVbHdfN4VTkiTIN1DgFu4XuVzXGfKya4bjb-FnxLXaXEJ3mc8Ade0rnR765z7PxKJ5DI_7cTh98o_K_4KgcwevfRGhfcrLu1uenM82IBqcDe9idvO1QvwlhRO99dqJx1mKUDJ5SSWmbmR7GvgEPLa4onL5Z4Y4p_XVVGntsqp3w-d8qM1kUh4USUnQ3EVtxHpffbVJlarVtRYy9fTxX0QPjaugKvZLeAxXkuZzmQoDyPynlHHklAECAd5BORBXzmU1tbqV_JzHv5PPpubw6dVmM6IiVMJfSeOi7iLDZ58HCotfHnAm2VsFj3asWY3HHbWn5WgVBGJZdzhT8xm3yXb1BStl0Fxr6e3dl9uo-jWGdT8hlNtCTFaeo2AjTlKcSVn8V1AtWDiJE8NioohkTlMPT-_SAqyBgDLcmx5p8uuFkN8kpJ_UEJfaGRzTFDkcmN8rWap3I_zJ7p1osgEFoYtouzPozjSjWdyFGUD8i3kNMf-cTjG4zSNTa24t2pa7kc3uCOGAMMsemF0Fy-EZch3XXvYqPi9FyS2OJAbW9nMJUVz_cGxqx60kLuLyf-csA2Et7zo2ns4MN57drR9R-WKK5ydaG46hz4Aak8dyo0H9tjuDCEngdqKqFnPCfJ9AK_cuADFCm5zryCcO6DwOtrWbjAvpQcJOVWxtyueG7CPhH2ysA0iw8OTqS9KG1iyUVfNJZVvYzkR5hv5nIzDv1VQQhXVT1SIwNXoo_luC9v-wu0Ka--DG5vu1r2At7KTM1IhySzIurrHyfXJBJ2AQTcfbpxlzdnt1-77RaNAseVMmnnGXKCwBqtRi3eiAEcYWW_SNdgDe6BRDGKqSlp7Evoe1DD1MyND_HejsLo2JPcQ.dOXSPVoZePofm56B-3GHY2rLea-l83JFCb_ex-YrSOY',NULL,'2023-08-07 14:56:51.442441','fPT0o4+2Gk6U2u85GNZT7WGOEicOtL8huOIqtoM5qNU=','redeemed','3a0c0381-2b83-5125-2df8-9f50c0e3d11a','authorization_code','{}','58c3a627815e4065952e34f0644ed3e1','2023-08-07 22:56:50.349429','3a0c0381-2b83-5125-2df8-9f50c0e3d11a','2023-08-07 22:56:51.452218',NULL,0,NULL,NULL),('3a0ce2ad-1108-53dc-a1d1-e4ace390ab72','3a0c418f-d15d-2eb4-fdfe-f3443f3350bf','3a0c41bc-5282-d9ca-ae76-a347f6dbed21','2023-08-07 14:56:51.000000','2023-08-08 14:56:51.000000',NULL,NULL,NULL,NULL,'valid','3a0c0381-2b83-5125-2df8-9f50c0e3d11a','access_token','{}','1f55e1fa38ae4a778fff5fa795e8fe87','2023-08-07 22:56:51.468512',NULL,NULL,NULL,0,NULL,NULL),('3a0ce2ba-10e7-fa7d-5c51-9338713a940c','3a0c418f-d15d-2eb4-fdfe-f3443f3350bf','3a0c41bc-5282-d9ca-ae76-a347f6dbed21','2023-08-07 15:11:03.000000','2023-08-07 15:16:03.000000','eyJhbGciOiJSU0EtT0FFUCIsImVuYyI6IkEyNTZDQkMtSFM1MTIiLCJraWQiOiIyMEQ5ODFGMDE5NUFERTdDOTcyRjQzQUYzOTRGQkUzNkZFRkMwRDdCIiwidHlwIjoib2lfYXVjK2p3dCIsImN0eSI6IkpXVCJ9.agVZckQ2c9pmnS5OfaaTyDu8ajbRMfNrQGFPTBH8GXGzLsFMp2UxkmZ_UAUJGGk5LKGY1Ot5fQeOE_V2HdiLCn_dTG4WT6-1Z7cWvzPC0iniUr_qUN7XaWJn7vWjDRUlld9B1ia9NZqXSie131vrtvhxH9Oo93Kf4Vb94Zv0ORz5FBB0A-UEM17dR8OL9mPhZdk3-skTXdbOhHsl42mWGivbYasqr_a8bdZx95GidiTdXV29LdR7yEYlqIjqBpTk9CVrLydsluh4LRwvpXverADg2Jqi8IOCupaRb8B6ysDIY6jq7ejXN3mY4zziSZ6BQ_e0OZRzGklxK0Yn_z8ogA.ZQy_TkE71MDZpVfEDV3GGw.4zRfVcom3mOmxRLg-QduPzayMpquiCbk0wXnWMim-doJFFJVpEYtL4D1SIKx-MU6hsXMcscZjjd7dGjBVcRLwDGlfrERCS3EuAXS4T5Mqlf9Iz3y9Pe0xwWtN_sIHxFVyMuXjGN9K4HyRicCDA4OAsoc3kdyTo_gahDjNMLFd7SI11CH25O-hJOyMahDB9NfjnO_x2ibsJiRs4mrD9rYUhUi2p9qytpqGWmT2XAw8c3_jNtTECD1XrCQadb--DJrUr9Zxkk_9gijcut0CiVNHj_4AskE0Zs-uYk8sCjliopeVIzAmjAYckuZs4Bm_P8u75PwKwd5OKqvjdr0v8DzZH3m_-I18V7V-cridxLE4iDjb8nWoUDVojZKjba3VHhFgNATmMrAI0VhWEIWSW7Ly_rnOUyDyvbKr_brcU3OWpouqX2bw7jadIixx6lke4_6KwCLbtGn6--z1a-7P9In3k71RiduU9tsby9Pysg_oQtKOIB5Lbu77MYWJmWH5mlx5Mgx0FyZJb5kGxJq2icbdhZOPBbnEY08jDtiZaR9bx1SoCkeX4Q_veJ04CYTRBqfU1i-fNMJufSvucip2bQug27y1OLHKd9bXOlG_X3KBH4B5dNcnFc-UYIXD19hmM6MYDewUF8jff8fGym59TwrrVTm5T82cTwIz-W6F7VzRtYgr7NtZfpLF9q_Z4CNM7WhhpjG--4nGWyFEz5zRnCWHzniQw83SRlHWXS59SQeEREMxmOeqLDRj8DiktddnfiUyI4CRDEMUSlXlRXp-wqN1PXZ_7Avwm6QCpOxntxQVw6mFRpUIqItQ2JN3d2LHqR5HQ1coW1hbKRABoCJnwZO6eXwbmt_XartbU_1klclfXhW7fkFoKegWbODX_u2pkR5d0cfM8sEQaVMLomA3Vp682HOC1ydBc8Uz028UO2SeMP1R_O_lt9z1TlEFZYk4HuCEgGei12ofGOR2wKaQK5gWCZ8bx8EdY7vQUR4kfIkUPCGKVulBUNUouZ_VtA5tOl-8QZPYYYKPf-3zqhKllXdMNG0iyu67AkxWGNJbB4BScxWZs4rsVBXptNr1-CkVUAz5B48qovfl5jStkJmgnbwpra3HItQ5uh3RyfaJhZ0uXY6-LO3Ute4zkETfxHE6uXKYilPEPoV04VS3y8qvMJsQQyHgUiz91GuetbclUkoCAoOGuV32OtrnVYqBwVT-otxm8sHK1F_Jx-5ayETbRMndYqEHgs0qRt-nDuWD3IcBSpM1_JUfmzkvoESA4RWcplKtY2DqqU-qcDGCuI27aB0QWEa_X9E1HLG2ZJUPRyUiclbYOCIhjPfuxaiMvFsCSP9QNvsklasejIZaEXKVVRYWLFH5egtXlW18sMVX-TFsN_lXt7hcsK0BPpwO9y8ufIQ161Y8K5nhPsykH1_w0hjvGjLBoUlEpy10s0y0iP9-rU-km4ZZVNU1epllTrWLwrUHHBQJ4vv9TUk5d8GEYyzn4-kpoqOblzegu2a_BXaE8zwVDTi19UdaT81QZgbtnwy63zH-s81H_NsoS1agXIpLVOuhIXVhi8JZTbTH066kfyVxOZot1yuYimYx6cCKWaE3zhj9rNeg7m4GESUz4GNhybMsuAhQ7MY-11jbki6N1Q5m4e2pG2ldq8Tw7Uihjp7mOGQHJ0Cp9V2VCjEa4DT0mn6DAlXFcCAa8Y484_1Bgy6Vg45XcvJpXI7n984Le8r4Yrz-dW8FGkh0rls00fsxciLRe8PcerBdbun-sfGJGCIWG9WvJ6XqojOGByMlrQPdFJZRi9rOGD8K1PKYQvczoMH4yOLfq-nM_xK4n1yU-1Yy6U5lhrbfY814bBKs0MVy9SPzmj4ig9FrZlJPQw9uO5oZzFzjguIL779kyD1wDxYsE_HruerPpCizyIrYrgiNmiF9cmVurG6qco7dYkgPts_A1HnV24z69eYjyr6eB25uFMA8_I4cc8DJT0Z0MjwndcqXK46b8G77w2CPtZVAXzi_4hUEyr2_6iCr1lCGLDzUil-KCqYsWUh1QE1eXXhXHt15DaMWxcnM1wtmmQDRtxGj4vdhow2MrpEjWo0NCX45mtvqOjEekiyCwzy7bnqJFQUFvKtZV0YdNN-bczkpvSfQfmKikNCQKosi5aVZ24w-ODBpEufRrRCtbtOXy-AMfSJyONOGIWWZUYbnXQbGVJ11AKgXhwAflZH-4vR7hFXphkEeo9Nv6aw8YKAxupYJbhoayzYYGVu7HZOwcV5vNZJ3JZxYZ__Omb6I5SC3JzbSsrLHU_1l-okgNBZgrq9C2RDlnqlW0MLxXfdC5HhkUcuLUim0GxJn6EQFAkfHLuu_6Ic0IFB46r2RMA89GAMhl7QseoCffDLURZvRRaEmiqI4fRkTg67zPeekgJRtwOSf9FpiPVTXnRyAmXjGsgsSW-hcBOIW7uE25YSC2dGEG6v3ds6x65Ek1m2nVJ555zK1SetmPsTO53-rccaP3I-2kd2MpmwnXwcoAkzofSkZw.ePJsm5UFXr9KIjv4pXPDGfgesVgqyzl7D1cAdvq645k',NULL,'2023-08-07 15:11:03.943008','VImfzaki0nhi5ki+y3Ux1hjL9Q7pxrr0l+92gGEGfXU=','redeemed','3a0c0381-2b83-5125-2df8-9f50c0e3d11a','authorization_code','{}','32b6fa07f69f49df91f843425a6fb9b8','2023-08-07 23:11:03.405805','3a0c0381-2b83-5125-2df8-9f50c0e3d11a','2023-08-07 23:11:03.946526',NULL,0,NULL,NULL),('3a0ce2ba-13bc-118c-2465-ec9745454f8c','3a0c418f-d15d-2eb4-fdfe-f3443f3350bf','3a0c41bc-5282-d9ca-ae76-a347f6dbed21','2023-08-07 15:11:04.000000','2023-08-08 15:11:04.000000',NULL,NULL,NULL,NULL,'valid','3a0c0381-2b83-5125-2df8-9f50c0e3d11a','access_token','{}','18d14bfcfe7d4861bcfd9a59cbd4e33b','2023-08-07 23:11:04.127206',NULL,NULL,NULL,0,NULL,NULL),('3a0ce2c0-3fc4-ac48-caf0-7844b2274b99','3a0c418f-d15d-2eb4-fdfe-f3443f3350bf','3a0c41bc-5282-d9ca-ae76-a347f6dbed21','2023-08-07 15:17:48.000000','2023-08-07 15:22:48.000000','eyJhbGciOiJSU0EtT0FFUCIsImVuYyI6IkEyNTZDQkMtSFM1MTIiLCJraWQiOiIyMEQ5ODFGMDE5NUFERTdDOTcyRjQzQUYzOTRGQkUzNkZFRkMwRDdCIiwidHlwIjoib2lfYXVjK2p3dCIsImN0eSI6IkpXVCJ9.wnxolsp5LUHN2GEqQYMCWN6llnhTk6lJQcRmQ-8XwTFBNTWtyeMQFmP1glIUB35GgXYagZHB182Kiv74gdQnm9TulNHUOenZ_9st-TOSGVIlz1CJtrJhVGTiL6ZesFPak_9p55dH5S7V5yWVw9ISYyIGuDVQGtwOE7qMKDY_zG5oWDNgRq1qav5Z_J0t_Lr4VYThdDBjc8YmLSkYrvDfcibEinLDXseaoLJ_m3BZkTgRc4NtrwEQslN5Nn6Ilrmam86pUSWlDwKLJzj-Umf9lT98BGQgwgTHkMu5u3QZ7qw9asjp6vWZ8EadzCPjd1iv9yc0TG9nHyfz7gtIBPfs5Q.IOB4NF0F-B6D-68vhoPCoQ.wzO9SI5TPxgE7W1Ucaycr7IQ0YN983UFjT_lJgHREeHU6yNjFhukgepDw4NoK1MOBsQDBvnEq-Pq5jB1opIiqY9IV88qlOHJjXn7Ns8v4eL2byTTTphnJqprIgWmljp0Om3G3OgLTRc0In3W4bRmrqI_FDsyztBAtY_7Rgn6Vt91rhCLK4vX_7QhUY0OJCd1StekfqsgTxmhfmhSg4sTa18WX1t6FTr0L_EvOC56KZM-ZnO4dtCCvtjId-5STlzywCAufdFwghT6StoGNYUYL1avO1mOqodpaPTeU-_MD7Hizb0HSoEkHD9Kf2-14_t-LSl4L5Wa8aiAT3ZXDwfKihWWHZcuWdaiX6n09Yi-GU065X2iCcOU2cbCESJTAWwen_ofGAJV5X1YXQffnw0SS-9QOG0f5kYxNquHxtd0UuWOaXarLx4XE1EvFH0lu_YYT4FhNve4WqlDsX2J5p1i9nZayiihwbWK6CDLErqBBAhdO7XGVhS6XV-W18ffcduLaKJ-Jv0q-ewKA9Om8eQ0hcTzmB9E-SPDQ2exLmR9FR7IauXCFb9i3EA6nQ6NlJCxBU3ARlc8RLCWkC7G2Mo6A2YIEhPKBOIWoU0SDB3sP-vbwiG2-dZ3W4AE3VTxumyFDcXeMNky_MVT4vvhvEJCUrvA9HutWmYjbPne1cqq8vY1geRMU-EAjSVPcKnpyraPJev2o2jZcKflcwuuRjW5QBYdx1AIBxOBnm2otn7b3wkPV3XScEQZicuuV9qzTehqfPzHgfyuqihtx22qY9VHLJuTfH-30Q1F-zzK-JZlsZVj7PRwTXFr0yKZ6gE0VWQkllHX3rKS9IKAYMKVyhssXTI1_EFc5QkJHO7yNcEi9th3vOm524RBw9yzUaS0TEPDd6z8_4F8kNbmrb1CN8fnfIlThssy7I1AHF-SKf9upVqv81B2fYHO0BWLElgTbGt5RuMFlKSAbe6NzF9NOAam1WPVMYQtcPjAuEnANelVUbfn4hvQdijelcsrOFIElhEyOsB11A_pN0Jc2FDDxED21mTzkuP32j-wySICW5rknZSb7yhl6q95f9hPGSh5RLW5s6Lp1UejllvZk2eyvXBEw420-iRZbC8AO-IxBnMn7QmJKARDzp2svx02z_MTdJs3I1I929tHDY8SnaJXKg3QGKOcXDceLHTx2C7fqr5yL6JWp6YLczcUTRKMmaiteUESmh-TaHCIwPwCxBd1Qh6q6Dw590tzQ0YnifWCJsV6TdNePf9klSEKLuu7RZc8-frhnvqXvAHZxvjP2j2y14knmcaE6XT82NnjX8xxNB9a2iWnGx2QWTQqIjAO6jaFG_EYU1FJgicGJJv8PXt-cEUzrcBhtVtt6T8Nm-RLEpHQFwaffZbjuJ6ttpVhjO0jUwSE2cgQeaZwmmDND7OeStAZSfPXLKxJuMAYCCnXjdjJN63wpRzvxTRl3wEy4zI9dZ7jaDGXBqGBLGSgdzqLTfztq13gbMA-A87zT0qsb1bb3ZSddxw2frMfqo69_CXvLDoboa0QBAVzimFeMq0Hiw2OA4h3ZnhIGnF3lmRtoyl4MYwcQ0TdHP3Rxy20_a2BrpppQ_roC1hsa-ibeQM01m7I0E0Y9tzI7XMoAQ7b-QxBPjD2gOpc4uqvP7_uQSdjgEqh_7K0XGxSl3Qu4-OCoxgeqH8tfNhKaGPDUjnyM6TFN9OeaEJ4S6GX03e7VdLUyWSgXlazyU_uPbIQFSRRdQB7eFaoRZBqirFrAibjoBLroslVv7UnZ-a-0onB-u4kJixkG2FxIRtqjgd8MIc8CvHg4SrpdolNy-JpGAP0CPwtUIzaEgaLbsRye6kEw2BTkes-oMOTM8Y4Lu-d-KK07_5XsfyPSptUd54Cc6WocOQNekG5hn33ikRsjHPHl63qIpZ8EAkzLsacWn4oBeuvb7Sl7PoAy5AjzegQAHJnDSrnH0w2kIjyJwD8-sJ5BwQnv7QMZ3IGho7t-3KxF8h9fHqhPLUDTrO0UrLUzBhMEMrut5q4eVjuOZdl4Ynnjf0cvkWkQOF_oaOhrYjwBkif4mu7_7aHcIPu0Oo3T2HqnIntJ-1gaMaRgouNMAzTxQD8MWUmhlo6zL0d3qb1C8CSQF1Y3klVSZphCebki7vyRNvTBt-9Bnt04xMkgcXsvDMqLQZugpXCFyM8-DFUlDQVTqppDvkxOjspkNJsI_IwMEo0AAUBjPDnc-KlvJ82QED11aLG_cGdL71I71Sqqs9DKp4ARMngNtxNPXCwx1Zn7ojOUy1i00MtAlqEBuH7L3HkTAjmK14PJ0FNfgn-d9ssoza58TFw14MVoE7_T5aOGhzOdnkoqyLHdPERwAQN-QsXGzjXqN33rjE9Jbll9Nir3Z9DS_aACjnkEhAFpHC8ECyk_zhfxtSnJXOGs-avWQWsjXdXbwSexoHHGlRJugLKPXJwluWxUEWxc4vdMzrSPGbkLHimwtpubhnBIs-fickcQSwINPtS1ytlZH4L7qOACsbdpg.NIXmPRpy5JqPj59lW1GpdserZYGvTmjbaW28Kj0JODo',NULL,'2023-08-07 15:17:49.081160','WU8EKTrdJoAi7SSXcHs7B77tOj4Y3koJwUC8tapYOGg=','redeemed','3a0c0381-2b83-5125-2df8-9f50c0e3d11a','authorization_code','{}','556dabccb3df49de8dc10b0cb28edbcd','2023-08-07 23:17:48.616544','3a0c0381-2b83-5125-2df8-9f50c0e3d11a','2023-08-07 23:17:49.087540',NULL,0,NULL,NULL),('3a0ce2c0-41cc-5984-9227-fa7218bc828d','3a0c418f-d15d-2eb4-fdfe-f3443f3350bf','3a0c41bc-5282-d9ca-ae76-a347f6dbed21','2023-08-07 15:17:49.000000','2023-08-08 15:17:49.000000',NULL,NULL,NULL,NULL,'valid','3a0c0381-2b83-5125-2df8-9f50c0e3d11a','access_token','{}','11e8ccf6e18e413099245995b4e23737','2023-08-07 23:17:49.134887',NULL,NULL,NULL,0,NULL,NULL),('3a0ce2e4-41a7-c4d6-0c9c-52c2b6b0f5f5','3a0c418f-d15d-2eb4-fdfe-f3443f3350bf','3a0c41bc-5282-d9ca-ae76-a347f6dbed21','2023-08-07 15:57:08.000000','2023-08-07 16:02:08.000000','eyJhbGciOiJSU0EtT0FFUCIsImVuYyI6IkEyNTZDQkMtSFM1MTIiLCJraWQiOiIyMEQ5ODFGMDE5NUFERTdDOTcyRjQzQUYzOTRGQkUzNkZFRkMwRDdCIiwidHlwIjoib2lfYXVjK2p3dCIsImN0eSI6IkpXVCJ9.fXoZyqqNQTtf1rsGu2eFfdGGaEif05d37uGmuSLluJWbUxTq7TyKoVl7WMgA_w2pGR1bhNpDo5fbFYsYY56HtDNHekSaBZkqO-beJHQ1g7bHkFo84DgqzCCIiIbN1Aau-vA1cD4X-sR3jqI7WKwNiYhgfpkPPBdx5XpmNQkce6Ide_elWvtNM6O6MIGTxkzX2mL3gvtcGM8xhOx0iEdAIiE5sKfvTVuP9v4Xphan-GC9Kr8C9ZydF-Ip4zA1VaKZkWy3htyb_TxQiOag6B-jW8TOH8xiku23dZ51hC3fWtJFKq1NMfzZTAFPIvIoewCXXr8unsxS4VbybctQBtJx-A.sorZN0H6d98gj6sjKkeOHw.7pU4HJeKjxT8N4n9f7rzpEMmhphXWNopYZ8TgyWuViOPnG7zBlQ0cRhg-dCP5kSPSWFNSSfZhDJFexec5kS644OOPaH3x1fwpi_coOVpcSYz3zw2CCG-bZRwrsDa8hsE661lzc0u_6u84942sewJ-0eV0VavAlDjPS8fmzRktbeF9XplIQ_PgpqlQIIM1ZFywF-ZzSwXa3FkFj79xiG8Et_vN6DR99FgxUyo9M99I_JXbUsNEMAuNp6ItiLRkVAXNxXva5Y8p9F_Ypa5KuErAgYh_OeLzoJ6-a-S-saVbQdIg1H1O-3ESplfBAP3GPKZRzjvaIOuZxJM7mMLlutB8Urrs97dZnWNe4y9YwXxUhsKzwK6Qrb5oZk8AKsNWwErAWX3EbAuDZbOVAqn-axng0j8ODpDrplpQG1F3HIk-O_cGn-V0K0412zfgS2OEOKfZ3BSbMSdnw90rIfBy55rJegCONLOofwKTxJFaUbrgmAe-hBxuOhaW4Q826_p8yKcuDOU6EjGgeZs5VMTiCDPhVKuciPl4i-U3LLqm1XymmS783mQ043Emietxsf49c0V8G7Ii28hrBdQ8wyDVdlOmA_1So3g4eGmRoioA7YtPfvj6-kSg7ZkcSX0jCW7lAGrMRU37QpbR-ASQ3Wo6gPKsmhUp_YEYrWEs_C-Pd-kiRmu_6D9pa7qh2yObS5gWcohWHoTHMDOps0WJPoXoF9iznCnoF25JodBrKdo2xakFIMxY0AhdH8wCrNRapZ2x1j9mzASK206hqd2ifdgk-Exv77ykSZSGJFef9cK2UMYJtao-1TGVAFpuQQfoHaF80zD4-zTRdLbzVmepc6-_5vxrpc2V1EFikGkZK2LVtcrGrOtYR4olxyzkjSN85p_mfa63R4CV0Krgxl9R1paU0a4hWVEC8TCYPZALhwvlX1ypJozHar0Xg8tUM6nxkFpkwce_25lZC6V0Zqyq-ZSqK4grxSYlz_fmfax3OwmErgztPlYLod6An3zEv2rIrTRiLMMc9CoUr9_um32p8P4KRxht9obX3C-SeqmGfhe44EzhmeSIneFAYW00g6ORlA6LngDpsDxaqfq0V9SGR7qWAmQhhU4HSbVczhjKH1nf2aVhlqfsDo7EH8eKXZRmHJA7QJH2D1iQeWg2RWlGFbe54JDNmoJMmXjGAxVVJxExL_R44DjBJJUYOY1w0qjF9XQnE6WArIhxhPWmxKrUIb6aZUMKKNxU2ORgEyUA4ikijvVSUujs2VgIbgsb_6JudtH8UO2U1Y6J5fN7lGaCTwS_XgdfuvaHtxtTVAA2f9hdu6tpcZfBumUP0vL2VT1dC5lRO5hk587qjWLRsidsvjPTx9IYkXJaFAppEERcEdKfkHRjkJATaOawds80Z1cbwEFDpPmol37DjrN71dcVfjLnkXuQcagRQWH5sUoc7rWYc5X2C_1ghLMbqWdzwjl_P3kgkMRcImj3E2bKHemLtdQBDovRCnjq_CbWSmbvDZ7oqM3W0PVoNeoh42yqLhdM_HCWdfrXPXuKNMLRqbxZWRZLcSbLZ7Mics05VJqGeSYMYm3CKlIClUBEdcZUvK3AzuPPLzAnduZrVD8CH7nLLqxDvngVieqnIL5lIxuhQlNUi4cbV04fD8BnnZ9-FqLsgrtxw0TjzKrpdj1FiJCGGn4HOJMtknhPuuIBPfjx8Dr9ZDBQpd6KVJgAb9kQYz_OYfVkUTO9Tn-fzyfHHjAOeMEnaTku8wR3SGVFz9Rb07pJUmrydwEkucyfLAb_n7DxjRQWCeDoeY9cVKbuQfJl5kUtYWt2REebo_shsLHpsoRjafTBV6pS_GXzPXpmoG-r5tl2q4nsGOimG8YwnEqIfnJ5CqH0WHkDlsB_hXqailgHqc4ytFeBciedyuZCLEh9XkGiHLmQoDF0ixBR1K0XOgN7NbeWV1IUOKp2N4uVAjB-W5TCT-Xk62SUQpElVZV2GqHs9Oi8u60TfEi-YjE4hBnW9V60g2pUkXSQCeibk3UvWWr3rhTa7aAmqpIwsrpUXtHi58htXovbu-Gx6Xa_x4QoPIOo6thOVPT4st_dB7zlVwbLI2dAAtSuMJ_sW78IH4W6giVkNL_OEsrvxBsFZpUaQY10hGJsw8L0dbn-e2bHetdIKYurO1P6JKsz1rKlo3flW0UzNBuJyeJbpoAyb6BWPNaJe3LAsK9982bORE1IZnecV_-pk6JwaddMolSAzIQQmeSfcSz85qpDRp_5muLxD9F46xTVXJfSc8hcA4VsbtnwXNINkXny9mMUWZC-OY7JETfWvtBwwQs9LMJTa4p_UX3jYJjfPMBDq6CZGPlFi1MmGxLNKHbrIdiiXGgW62gpOIcML69XM5P2R_IetIQOyrFLp-viXfPmBIITKTJ1c8OP06b3jIL0t7cEm-jZQizbEkJo41SuB7fRXR7b6YUQtDLjoxIvg-NiO7JKlLE9GlDssrEx_tiDPP3MkyOkhW-2eY1_AVQ9BSL_VsZhXJJGnAEug.H1A1zQLX2ewnXxuO24mDDccU6AisJu3GnVGKG1Utj9k',NULL,'2023-08-07 15:57:09.064193','87fQ+gW4o1f1G6q1Il8HTiscZDNyknuonyJI5hBHPQQ=','redeemed','3a0c0381-2b83-5125-2df8-9f50c0e3d11a','authorization_code','{}','50070c4a01ef4b05995d210a3b090d20','2023-08-07 23:57:08.395673','3a0c0381-2b83-5125-2df8-9f50c0e3d11a','2023-08-07 23:57:09.072726',NULL,0,NULL,NULL),('3a0ce2e4-4574-5b0c-45fa-e43e887ef2f8','3a0c418f-d15d-2eb4-fdfe-f3443f3350bf','3a0c41bc-5282-d9ca-ae76-a347f6dbed21','2023-08-07 15:57:09.000000','2023-08-08 15:57:09.000000',NULL,NULL,NULL,NULL,'valid','3a0c0381-2b83-5125-2df8-9f50c0e3d11a','access_token','{}','6584db64065b4817b6d3151cd0176f50','2023-08-07 23:57:09.367285',NULL,NULL,NULL,0,NULL,NULL),('3a0ce2ef-5e07-aee3-e243-5869bbd394ff','3a0c29b9-4091-346e-e272-fddebb005d53',NULL,'2023-08-07 16:09:16.000000','2023-08-08 16:09:16.000000',NULL,NULL,NULL,NULL,'valid','3a0c0381-2b83-5125-2df8-9f50c0e3d11a','access_token','{}','c33199f75a3048f39bb658c598b58c6e','2023-08-08 00:09:16.724257',NULL,NULL,NULL,0,NULL,NULL),('3a0ce2f4-95ed-65c8-6324-a502dc884712','3a0c29b9-4091-346e-e272-fddebb005d53',NULL,'2023-08-07 16:14:58.000000','2023-08-08 16:14:58.000000',NULL,NULL,NULL,NULL,'valid','3a0ce2f1-2e54-5957-9ca7-ef4273b610f4','access_token','{}','faf3c154c0c341fcb489bcc51a639489','2023-08-08 00:14:58.544631',NULL,NULL,NULL,0,NULL,NULL),('3a0ce2fe-6f62-bf7c-aaf4-23c5efb5843b','3a0c29b9-4091-346e-e272-fddebb005d53',NULL,'2023-08-07 16:25:44.000000','2023-08-08 16:25:44.000000',NULL,NULL,NULL,NULL,'valid','3a0c0381-2b83-5125-2df8-9f50c0e3d11a','access_token','{}','13ac62b44a1c48f78ebdefcbdfc83542','2023-08-08 00:25:44.035695',NULL,NULL,NULL,0,NULL,NULL),('3a0ce303-2f27-05bf-2723-27778e36447f','3a0c29b9-4091-346e-e272-fddebb005d53',NULL,'2023-08-07 16:30:55.000000','2023-08-08 16:30:55.000000',NULL,NULL,NULL,NULL,'valid','3a0c0381-2b83-5125-2df8-9f50c0e3d11a','access_token','{}','287ceb5602784bcbadf5cf5af697d684','2023-08-08 00:30:55.273328',NULL,NULL,NULL,0,NULL,NULL),('3a0ce305-cae9-e95c-301d-96830b34a573','3a0c29b9-4091-346e-e272-fddebb005d53',NULL,'2023-08-07 16:33:46.000000','2023-08-08 16:33:46.000000',NULL,NULL,NULL,NULL,'valid','3a0ce303-ae12-1192-16ad-fbd02b430dcc','access_token','{}','a671716f0ff249f990f183a6a16ad6be','2023-08-08 00:33:46.218862',NULL,NULL,NULL,0,NULL,NULL),('3a0ce30b-d1cd-00d7-5459-3c1af2a59d1f','3a0c29b9-4091-346e-e272-fddebb005d53',NULL,'2023-08-07 16:40:21.000000','2023-08-08 16:40:21.000000',NULL,NULL,NULL,NULL,'valid','3a0c0381-2b83-5125-2df8-9f50c0e3d11a','access_token','{}','6a860fbe3be144d0a8b8e1358823b232','2023-08-08 00:40:21.199620',NULL,NULL,NULL,0,NULL,NULL),('3a0ce30c-9de6-1d7d-c9fe-0ad8567211ed','3a0c29b9-4091-346e-e272-fddebb005d53',NULL,'2023-08-07 16:41:13.000000','2023-08-08 16:41:13.000000',NULL,NULL,NULL,NULL,'valid','3a0ce30c-2fb5-b847-8888-e87eafba8828','access_token','{}','1d7d906a71e04b53b531e092d5a819d6','2023-08-08 00:41:13.448126',NULL,NULL,NULL,0,NULL,NULL),('3a0ce310-5beb-3dd4-1457-f2128c5505e1','3a0c29b9-4091-346e-e272-fddebb005d53',NULL,'2023-08-07 16:45:18.000000','2023-08-08 16:45:18.000000',NULL,NULL,NULL,NULL,'valid','3a0c0381-2b83-5125-2df8-9f50c0e3d11a','access_token','{}','85ee1f9b8be3410c8893f0d1cfa3f2d1','2023-08-08 00:45:18.701577',NULL,NULL,NULL,0,NULL,NULL),('3a0ce324-5dcb-fe52-6e02-a81b7c92bc4a','3a0c29b9-4091-346e-e272-fddebb005d53',NULL,'2023-08-07 17:07:09.000000','2023-08-08 17:07:09.000000',NULL,NULL,NULL,NULL,'valid','3a0c0381-2b83-5125-2df8-9f50c0e3d11a','access_token','{}','73d4470154ab4bcba83c0d955e62d906','2023-08-08 01:07:09.901558',NULL,NULL,NULL,0,NULL,NULL),('3a0ce517-59fd-4562-f7e7-c720293c07f0','3a0c29b9-4091-346e-e272-fddebb005d53',NULL,'2023-08-08 02:12:11.000000','2023-08-09 02:12:11.000000',NULL,NULL,NULL,NULL,'valid','3a0c0381-2b83-5125-2df8-9f50c0e3d11a','access_token','{}','ae4d75bee900480fad55c3c6c9e0a6a6','2023-08-08 10:12:11.471977',NULL,NULL,NULL,0,NULL,NULL),('3a0ce560-b90f-d03a-e3ed-c22b9ec7f542','3a0c29b9-4091-346e-e272-fddebb005d53',NULL,'2023-08-08 03:32:19.000000','2023-08-09 03:32:19.000000',NULL,NULL,NULL,NULL,'valid','3a0c0381-2b83-5125-2df8-9f50c0e3d11a','access_token','{}','de5df0e2cf644a619f95c1337555b608','2023-08-08 11:32:19.861203',NULL,NULL,NULL,0,NULL,NULL),('3a0ce589-bc32-182d-5bf8-099ada770d1e','3a0c29b9-4091-346e-e272-fddebb005d53',NULL,'2023-08-08 04:17:07.000000','2023-08-09 04:17:07.000000',NULL,NULL,NULL,NULL,'valid','3a0ce30c-2fb5-b847-8888-e87eafba8828','access_token','{}','a3da6a8329774617bdd8b6a1f86a93c2','2023-08-08 12:17:07.636671',NULL,NULL,NULL,0,NULL,NULL),('3a0ce592-d8bb-6bb6-54cc-081a08314703','3a0c29b9-4091-346e-e272-fddebb005d53',NULL,'2023-08-08 04:27:04.000000','2023-08-09 04:27:04.000000',NULL,NULL,NULL,NULL,'valid','3a0c0381-2b83-5125-2df8-9f50c0e3d11a','access_token','{}','95b692ca08ba47b39c6d4cee8a169707','2023-08-08 12:27:04.767288',NULL,NULL,NULL,0,NULL,NULL),('3a0ce5c2-a5ea-d5d9-d0c4-af52baec4989','3a0c29b9-4091-346e-e272-fddebb005d53',NULL,'2023-08-08 05:19:17.000000','2023-08-09 05:19:17.000000',NULL,NULL,NULL,NULL,'valid','3a0ce5b5-d730-4445-2267-aa2826e54ecc','access_token','{}','f51c456f1cf643cfb05001a3fc1973b7','2023-08-08 13:19:17.486324',NULL,NULL,NULL,0,NULL,NULL),('3a0ce5c3-13f6-78f5-ce2c-8e7c293ff87e','3a0c29b9-4091-346e-e272-fddebb005d53',NULL,'2023-08-08 05:19:45.000000','2023-08-09 05:19:45.000000',NULL,NULL,NULL,NULL,'valid','3a0ce30c-2fb5-b847-8888-e87eafba8828','access_token','{}','0b6ff84d0d9247a8ab8f384c36294763','2023-08-08 13:19:45.656339',NULL,NULL,NULL,0,NULL,NULL),('3a0ce5c4-07b2-7d64-af7b-bc5de4a9ba52','3a0c29b9-4091-346e-e272-fddebb005d53',NULL,'2023-08-08 05:20:48.000000','2023-08-09 05:20:48.000000',NULL,NULL,NULL,NULL,'valid','3a0ce5b5-d730-4445-2267-aa2826e54ecc','access_token','{}','92f41d51067f4ddc8e664dffd0f13df4','2023-08-08 13:20:48.053578',NULL,NULL,NULL,0,NULL,NULL),('3a0ce5d6-14b9-b3bd-2911-7cea3ef20ac3','3a0c29b9-4091-346e-e272-fddebb005d53',NULL,'2023-08-08 05:40:31.000000','2023-08-09 05:40:31.000000',NULL,NULL,NULL,NULL,'valid','3a0ce30c-2fb5-b847-8888-e87eafba8828','access_token','{}','af10580f706b40eba75c443fe2b3348d','2023-08-08 13:40:31.121276',NULL,NULL,NULL,0,NULL,NULL),('3a0ce5f7-dba6-4fae-53c4-a1843ff195ab','3a0c29b9-4091-346e-e272-fddebb005d53',NULL,'2023-08-08 06:17:24.000000','2023-08-09 06:17:24.000000',NULL,NULL,NULL,NULL,'valid','3a0c0381-2b83-5125-2df8-9f50c0e3d11a','access_token','{}','42a233497bfa4f41abe7f462dfd6596b','2023-08-08 14:17:24.845708',NULL,NULL,NULL,0,NULL,NULL),('3a0ce625-5631-6d83-0e9c-be194e05290c','3a0c29b9-4091-346e-e272-fddebb005d53',NULL,'2023-08-08 07:07:05.000000','2023-08-09 07:07:05.000000',NULL,NULL,NULL,NULL,'valid','3a0c0381-2b83-5125-2df8-9f50c0e3d11a','access_token','{}','9cf83ae3ed07465d87c10c5b7b918f0c','2023-08-08 15:07:05.143029',NULL,NULL,NULL,0,NULL,NULL),('3a0ce628-bbee-e557-e934-6781fad803d2','3a0c29b9-4091-346e-e272-fddebb005d53',NULL,'2023-08-08 07:10:47.000000','2023-08-09 07:10:47.000000',NULL,NULL,NULL,NULL,'valid','3a0c0381-2b83-5125-2df8-9f50c0e3d11a','access_token','{}','4ef374b6386647d6942e63ec79d6db29','2023-08-08 15:10:47.794057',NULL,NULL,NULL,0,NULL,NULL),('3a0ce633-47a2-bf8a-4d29-de7d1ae220f2','3a0c29b9-4091-346e-e272-fddebb005d53',NULL,'2023-08-08 07:22:18.000000','2023-08-09 07:22:18.000000',NULL,NULL,NULL,NULL,'valid','3a0c0381-2b83-5125-2df8-9f50c0e3d11a','access_token','{}','206b75a94f37469da9cd147ab4fcc3bf','2023-08-08 15:22:18.920944',NULL,NULL,NULL,0,NULL,NULL),('3a0ce651-4382-9850-3eb9-e4c44a8e0883','3a0c29b9-4091-346e-e272-fddebb005d53',NULL,'2023-08-08 07:55:03.000000','2023-08-09 07:55:03.000000',NULL,NULL,NULL,NULL,'valid','3a0c0381-2b83-5125-2df8-9f50c0e3d11a','access_token','{}','a477c37ae77549e593d1b843bb304048','2023-08-08 15:55:03.940552',NULL,NULL,NULL,0,NULL,NULL),('3a0ce652-a378-223a-e188-ec9a0de3bc66','3a0c29b9-4091-346e-e272-fddebb005d53',NULL,'2023-08-08 07:56:34.000000','2023-08-09 07:56:34.000000',NULL,NULL,NULL,NULL,'valid','3a0c0381-2b83-5125-2df8-9f50c0e3d11a','access_token','{}','ec77d2a344694561910bf262975bb1cb','2023-08-08 15:56:34.137201',NULL,NULL,NULL,0,NULL,NULL),('3a0ce750-ec5d-50a8-7716-6eae8205355a','3a0c29b9-4091-346e-e272-fddebb005d53',NULL,'2023-08-08 12:34:18.000000','2023-08-09 12:34:18.000000',NULL,NULL,NULL,NULL,'valid','3a0c0381-2b83-5125-2df8-9f50c0e3d11a','access_token','{}','7e4d0103ac53444cba165e0e5671f500','2023-08-08 20:34:18.850238',NULL,NULL,NULL,0,NULL,NULL),('3a0ce820-8234-7e01-ce45-a948cd2a14a3','3a0c29b9-4091-346e-e272-fddebb005d53',NULL,'2023-08-08 16:21:03.000000','2023-08-09 16:21:03.000000',NULL,NULL,NULL,NULL,'valid','3a0c0381-2b83-5125-2df8-9f50c0e3d11a','access_token','{}','97c0e0ee17294c09999c8a4b6233ae8b','2023-08-09 00:21:03.240284',NULL,NULL,NULL,0,NULL,NULL),('3a0ceb4c-4fa6-ea40-5450-e0b42a6448a5','3a0c29b9-4091-346e-e272-fddebb005d53',NULL,'2023-08-09 07:07:45.000000','2023-08-10 07:07:45.000000',NULL,NULL,NULL,NULL,'valid','3a0c0381-2b83-5125-2df8-9f50c0e3d11a','access_token','{}','311d169a3deb414f9f4564b8082e23f5','2023-08-09 15:07:45.552795',NULL,NULL,NULL,0,NULL,NULL),('3a0ceb50-4a52-10c8-a878-86162b44df95','3a0c29b9-4091-346e-e272-fddebb005d53',NULL,'2023-08-09 07:12:06.000000','2023-08-10 07:12:06.000000',NULL,NULL,NULL,NULL,'valid','3a0ceb4f-47d5-a1fa-3b1b-73f8432152f8','access_token','{}','bca7b1a8e4034377bdc932dbb07835c6','2023-08-09 15:12:06.229869',NULL,NULL,NULL,0,NULL,NULL),('3a0ceb52-308a-eec5-ac79-c45836a6fe8d','3a0c29b9-4091-346e-e272-fddebb005d53',NULL,'2023-08-09 07:14:10.000000','2023-08-10 07:14:10.000000',NULL,NULL,NULL,NULL,'valid','3a0ceb4f-47d5-a1fa-3b1b-73f8432152f8','access_token','{}','7fdf5c5cd1cd415890af9dd25ab70326','2023-08-09 15:14:10.700763',NULL,NULL,NULL,0,NULL,NULL),('3a0ceb54-9293-f353-9f0e-c531609272a6','3a0c29b9-4091-346e-e272-fddebb005d53',NULL,'2023-08-09 07:16:46.000000','2023-08-10 07:16:46.000000',NULL,NULL,NULL,NULL,'valid','3a0ceb4f-47d5-a1fa-3b1b-73f8432152f8','access_token','{}','35156d903ddf47e1a776228104f452e1','2023-08-09 15:16:46.869067',NULL,NULL,NULL,0,NULL,NULL),('3a0ceb56-8101-8197-d653-af914ced98d5','3a0c29b9-4091-346e-e272-fddebb005d53',NULL,'2023-08-09 07:18:53.000000','2023-08-10 07:18:53.000000',NULL,NULL,NULL,NULL,'valid','3a0ceb4f-47d5-a1fa-3b1b-73f8432152f8','access_token','{}','bba2ab12fc62465f8684e1b5e0401330','2023-08-09 15:18:53.443657',NULL,NULL,NULL,0,NULL,NULL),('3a0ceb68-74ab-c535-580d-bdada636e362','3a0c29b9-4091-346e-e272-fddebb005d53',NULL,'2023-08-09 07:38:29.000000','2023-08-10 07:38:29.000000',NULL,NULL,NULL,NULL,'valid','3a0ceb4f-47d5-a1fa-3b1b-73f8432152f8','access_token','{}','a4cde2b745b2494c90c63c70e9a5561d','2023-08-09 15:38:29.933997',NULL,NULL,NULL,0,NULL,NULL),('3a0d10b9-6e86-1af1-248f-f089c6e6f239','3a0c29b9-4091-346e-e272-fddebb005d53',NULL,'2023-08-16 13:32:53.000000','2023-08-17 13:32:53.000000',NULL,NULL,NULL,NULL,'valid','3a0c0381-2b83-5125-2df8-9f50c0e3d11a','access_token','{}','caaabdb1ed7d419980da829590753eb5','2023-08-16 21:32:53.872600',NULL,NULL,NULL,0,NULL,NULL),('3a0d10c0-29bd-0f4f-a534-67f1198f33f8','3a0c29b9-4091-346e-e272-fddebb005d53',NULL,'2023-08-16 13:40:14.000000','2023-08-17 13:40:14.000000',NULL,NULL,NULL,NULL,'valid','3a0c0381-2b83-5125-2df8-9f50c0e3d11a','access_token','{}','75d05ee705644cb08ee68e2e42b66d70','2023-08-16 21:40:14.916178',NULL,NULL,NULL,0,NULL,NULL),('3a0d1640-b087-40f1-9be6-00623cdd14ac','3a0c29b9-4091-346e-e272-fddebb005d53',NULL,'2023-08-17 15:18:44.000000','2023-08-18 15:18:44.000000',NULL,NULL,NULL,NULL,'valid','3a0c0381-2b83-5125-2df8-9f50c0e3d11a','access_token','{}','ac0eafd3d7e54f54938b860ca519a1e8','2023-08-17 23:18:44.206280',NULL,NULL,NULL,0,NULL,NULL),('3a0d1658-5da4-627e-d236-08b926df2eec','3a0c29b9-4091-346e-e272-fddebb005d53',NULL,'2023-08-17 15:44:35.000000','2023-08-18 15:44:35.000000',NULL,NULL,NULL,NULL,'valid','3a0c0381-2b83-5125-2df8-9f50c0e3d11a','access_token','{}','43f9e2c639be403592e3136086f3c124','2023-08-17 23:44:35.754670',NULL,NULL,NULL,0,NULL,NULL);
/*!40000 ALTER TABLE `auth_tokens` ENABLE KEYS */;
UNLOCK TABLES;

--
-- Table structure for table `base_menus`
--

DROP TABLE IF EXISTS `base_menus`;
/*!40101 SET @saved_cs_client     = @@character_set_client */;
/*!50503 SET character_set_client = utf8mb4 */;
CREATE TABLE `base_menus` (
  `Id` char(36) CHARACTER SET ascii COLLATE ascii_general_ci NOT NULL,
  `TenantId` char(36) CHARACTER SET ascii COLLATE ascii_general_ci DEFAULT NULL,
  `PId` char(36) CHARACTER SET ascii COLLATE ascii_general_ci DEFAULT NULL,
  `MenuType` int DEFAULT NULL,
  `Name` longtext CHARACTER SET utf8mb4 COLLATE utf8mb4_0900_ai_ci NOT NULL,
  `Component` longtext CHARACTER SET utf8mb4 COLLATE utf8mb4_0900_ai_ci NOT NULL,
  `ComponentAlias` longtext CHARACTER SET utf8mb4 COLLATE utf8mb4_0900_ai_ci NOT NULL,
  `IsLink` tinyint(1) NOT NULL,
  `MenuSort` int NOT NULL,
  `Path` longtext CHARACTER SET utf8mb4 COLLATE utf8mb4_0900_ai_ci NOT NULL,
  `Redirect` longtext CHARACTER SET utf8mb4 COLLATE utf8mb4_0900_ai_ci NOT NULL,
  `PermissionIdentifying` longtext CHARACTER SET utf8mb4 COLLATE utf8mb4_0900_ai_ci NOT NULL,
  `MetaInfo` longtext CHARACTER SET utf8mb4 COLLATE utf8mb4_0900_ai_ci NOT NULL,
  `ExtraProperties` longtext CHARACTER SET utf8mb4 COLLATE utf8mb4_0900_ai_ci,
  `ConcurrencyStamp` varchar(40) CHARACTER SET utf8mb4 COLLATE utf8mb4_0900_ai_ci DEFAULT NULL,
  `CreationTime` datetime(6) NOT NULL,
  `CreatorId` char(36) CHARACTER SET ascii COLLATE ascii_general_ci DEFAULT NULL,
  `LastModificationTime` datetime(6) DEFAULT NULL,
  `LastModifierId` char(36) CHARACTER SET ascii COLLATE ascii_general_ci DEFAULT NULL,
  `IsDeleted` tinyint(1) NOT NULL DEFAULT '0',
  `DeleterId` char(36) CHARACTER SET ascii COLLATE ascii_general_ci DEFAULT NULL,
  `DeletionTime` datetime(6) DEFAULT NULL,
  PRIMARY KEY (`Id`)
) ENGINE=InnoDB DEFAULT CHARSET=utf8mb4 COLLATE=utf8mb4_0900_ai_ci;
/*!40101 SET character_set_client = @saved_cs_client */;

--
-- Dumping data for table `base_menus`
--

LOCK TABLES `base_menus` WRITE;
/*!40000 ALTER TABLE `base_menus` DISABLE KEYS */;
INSERT INTO `base_menus` VALUES ('3a0c421b-e2db-0819-2cee-ee3429285f4f',NULL,'3fa85f64-5717-4562-b3fc-2c963f66afa6',1,'systemMenu','system/menu/index','',0,4,'/system/menu','','','{\"Title\":\"message.router.systemMenu\",\"Icon\":\"iconfont icon-caidan\",\"IsHide\":false,\"IsKeepAlive\":true,\"IsAffix\":false,\"Link\":\"\",\"IsIframe\":false}','{}','88bdd8dd12144fdfbcb44536a2fb87ce','2023-07-07 18:39:02.388441','3a0c0381-2b83-5125-2df8-9f50c0e3d11a','2023-08-03 22:44:09.362054','3a0c0381-2b83-5125-2df8-9f50c0e3d11a',0,NULL,NULL),('3a0c421c-60a9-a76f-16f9-f3c6e4fa3661',NULL,'3fa85f64-5717-4562-b3fc-2c963f66afa6',1,'systemUser','system/user/index','',0,2,'/system/user','','','{\"Title\":\"message.router.systemUser\",\"Icon\":\"iconfont icon-icon-\",\"IsHide\":false,\"IsKeepAlive\":true,\"IsAffix\":false,\"Link\":\"\",\"IsIframe\":false}','{}','e45a61ac5c3f4770b964ce47d3196773','2023-07-07 18:39:34.585787','3a0c0381-2b83-5125-2df8-9f50c0e3d11a','2023-08-02 17:17:01.605630','3a0c0381-2b83-5125-2df8-9f50c0e3d11a',0,NULL,NULL),('3a0c47a8-c51e-b9a6-11b4-1c6d2d529865',NULL,NULL,1,'home','home/index','',0,0,'/home','','BaseService.Homes','{\"Title\":\"message.router.home\",\"Icon\":\"ele-House\",\"IsHide\":false,\"IsKeepAlive\":true,\"IsAffix\":true,\"Link\":\"\",\"IsIframe\":false}','{}','081d34bd4689440480c6a727739da044','2023-07-08 20:31:01.434879','3a0c0381-2b83-5125-2df8-9f50c0e3d11a','2023-08-06 15:58:46.968923','3a0c0381-2b83-5125-2df8-9f50c0e3d11a',0,NULL,NULL),('3a0c887c-daff-ffae-bc60-babce28a20a5',NULL,'3fa85f64-5717-4562-b3fc-2c963f66afa6',1,'systemRole','system/role/index','',0,3,'/system/role','','','{\"Title\":\"message.router.systemRole\",\"Icon\":\"iconfont icon-quanxian\",\"IsHide\":false,\"IsKeepAlive\":true,\"IsAffix\":false,\"Link\":\"\",\"IsIframe\":false}','{}','64180371ddc241749301a9e8190041ed','2023-07-21 10:38:22.496927','3a0c0381-2b83-5125-2df8-9f50c0e3d11a','2023-07-30 15:30:15.291099','3a0c0381-2b83-5125-2df8-9f50c0e3d11a',0,NULL,NULL),('3a0c8ad3-a02e-4f05-10b7-e6ce623c9034',NULL,'3a0c421b-e2db-0819-2cee-ee3429285f4f',2,'','','',0,1,'','','BaseService.Menus.Create','{\"Title\":\"message.router.systemCreate\",\"Icon\":\"\",\"IsHide\":false,\"IsKeepAlive\":true,\"IsAffix\":false,\"Link\":\"\",\"IsIframe\":false}','{}','dcc3ac710a344f768ecc3e4450d45064','2023-07-21 21:32:23.497471','3a0c0381-2b83-5125-2df8-9f50c0e3d11a','2023-07-22 11:04:57.620496','3a0c0381-2b83-5125-2df8-9f50c0e3d11a',0,NULL,NULL),('3a0c8adf-5cf2-bf58-1407-bb458c8cb244',NULL,'3a0c421b-e2db-0819-2cee-ee3429285f4f',2,'','','',0,2,'','','BaseService.Menus.Update','{\"Title\":\"message.router.systemUpdate\",\"Icon\":\"\",\"IsHide\":false,\"IsKeepAlive\":true,\"IsAffix\":false,\"Link\":\"\",\"IsIframe\":false}','{}','f6f7760c0e704bad83d36d5a3decd8c3','2023-07-21 21:45:12.703266','3a0c0381-2b83-5125-2df8-9f50c0e3d11a','2023-07-22 11:04:49.597077','3a0c0381-2b83-5125-2df8-9f50c0e3d11a',0,NULL,NULL),('3a0c8ae0-0757-2788-f99c-d17368e7bb08',NULL,'3a0c421b-e2db-0819-2cee-ee3429285f4f',2,'','','',0,3,'','','BaseService.Menus.Delete','{\"Title\":\"message.router.systemDelete\",\"Icon\":\"\",\"IsHide\":false,\"IsKeepAlive\":true,\"IsAffix\":false,\"Link\":\"\",\"IsIframe\":false}','{}','0e1f4a415cff4bc28e4fb2d828a09736','2023-07-21 21:45:56.327663','3a0c0381-2b83-5125-2df8-9f50c0e3d11a','2023-07-22 11:04:53.438628','3a0c0381-2b83-5125-2df8-9f50c0e3d11a',0,NULL,NULL),('3a0c8ae5-6d66-b37a-1d74-26e051f263a0',NULL,'3a0c421c-60a9-a76f-16f9-f3c6e4fa3661',2,'','','',0,0,'','','AbpIdentity.Users.ManagePermissions','{\"Title\":\"message.router.systemManagePermissions\",\"Icon\":\"\",\"IsHide\":false,\"IsKeepAlive\":true,\"IsAffix\":false,\"Link\":\"\",\"IsIframe\":false}','{}','c3e96c7bee56474faef0a7b72a238b24','2023-07-21 21:51:50.126113','3a0c0381-2b83-5125-2df8-9f50c0e3d11a','2023-07-22 09:42:04.198357','3a0c0381-2b83-5125-2df8-9f50c0e3d11a',0,NULL,NULL),('3a0c8ae6-0ea6-f0b8-86b2-d4a62847bef5',NULL,'3a0c421c-60a9-a76f-16f9-f3c6e4fa3661',2,'','','',0,3,'','','AbpIdentity.Users.Update','{\"Title\":\"message.router.systemUpdate\",\"Icon\":\"\",\"IsHide\":false,\"IsKeepAlive\":true,\"IsAffix\":false,\"Link\":\"\",\"IsIframe\":false}','{}','9623035a8c1f47b3b19804f18e724183','2023-07-21 21:52:31.413496','3a0c0381-2b83-5125-2df8-9f50c0e3d11a','2023-07-22 11:05:54.596734','3a0c0381-2b83-5125-2df8-9f50c0e3d11a',0,NULL,NULL),('3a0c8ae6-c836-9aae-3384-03df68ad8bde',NULL,'3a0c421c-60a9-a76f-16f9-f3c6e4fa3661',2,'','','',0,4,'','','AbpIdentity.Users.Delete','{\"Title\":\"message.router.systemDelete\",\"Icon\":\"\",\"IsHide\":false,\"IsKeepAlive\":true,\"IsAffix\":false,\"Link\":\"\",\"IsIframe\":false}','{}','2b1a0c70686341b5998c5336b339b117','2023-07-21 21:53:18.913157','3a0c0381-2b83-5125-2df8-9f50c0e3d11a','2023-07-22 11:05:59.403063','3a0c0381-2b83-5125-2df8-9f50c0e3d11a',0,NULL,NULL),('3a0c8ae7-86dd-8e3c-3919-c6a42647ceea',NULL,'3a0c887c-daff-ffae-bc60-babce28a20a5',2,'','','',0,2,'','','AbpIdentity.Roles.Create','{\"Title\":\"message.router.systemCreate\",\"Icon\":\"\",\"IsHide\":false,\"IsKeepAlive\":true,\"IsAffix\":false,\"Link\":\"\",\"IsIframe\":false}','{}','4ede19a33ef343619eef75d5a926ea38','2023-07-21 21:54:07.729263','3a0c0381-2b83-5125-2df8-9f50c0e3d11a','2023-07-22 11:07:18.197675','3a0c0381-2b83-5125-2df8-9f50c0e3d11a',0,NULL,NULL),('3a0c8ae8-b7cc-04c1-2d78-6793eaf631b5',NULL,'3a0c887c-daff-ffae-bc60-babce28a20a5',2,'','','',0,3,'','','AbpIdentity.Roles.Update','{\"Title\":\"message.router.systemUpdate\",\"Icon\":\"\",\"IsHide\":false,\"IsKeepAlive\":true,\"IsAffix\":false,\"Link\":\"\",\"IsIframe\":false}','{}','422bdf9856654856840164c3d3ab442a','2023-07-21 21:55:25.787701','3a0c0381-2b83-5125-2df8-9f50c0e3d11a','2023-07-22 11:07:23.406816','3a0c0381-2b83-5125-2df8-9f50c0e3d11a',0,NULL,NULL),('3a0c8ae9-8a9a-1171-41a7-27bd80527fbe',NULL,'3a0c887c-daff-ffae-bc60-babce28a20a5',2,'','','',0,4,'','','AbpIdentity.Roles.Delete','{\"Title\":\"message.router.systemDelete\",\"Icon\":\"\",\"IsHide\":false,\"IsKeepAlive\":true,\"IsAffix\":false,\"Link\":\"\",\"IsIframe\":false}','{}','e3197ee3610b4a96b1787ca048c01fec','2023-07-21 21:56:19.750917','3a0c0381-2b83-5125-2df8-9f50c0e3d11a','2023-07-22 11:07:27.653419','3a0c0381-2b83-5125-2df8-9f50c0e3d11a',0,NULL,NULL),('3a0c8d70-ba54-d956-fdf5-24cd9ac3872f',NULL,'3a0c421c-60a9-a76f-16f9-f3c6e4fa3661',2,'','','',0,2,'','','AbpIdentity.Users.Create','{\"Title\":\"message.router.systemCreate\",\"Icon\":\"\",\"IsHide\":false,\"IsKeepAlive\":true,\"IsAffix\":false,\"Link\":\"\",\"IsIframe\":false}','{}','c8fca08a9bcd44309b1f3126525a7dc3','2023-07-22 09:43:13.760968','3a0c0381-2b83-5125-2df8-9f50c0e3d11a','2023-07-22 11:05:48.778751','3a0c0381-2b83-5125-2df8-9f50c0e3d11a',0,NULL,NULL),('3a0c8d83-867f-e855-78b5-3126a7a47a4b',NULL,'3a0c887c-daff-ffae-bc60-babce28a20a5',2,'','','',0,0,'','','AbpIdentity.Roles.ManagePermissions','{\"Title\":\"message.router.systemManagePermissions\",\"Icon\":\"\",\"IsHide\":false,\"IsKeepAlive\":true,\"IsAffix\":false,\"Link\":\"\",\"IsIframe\":false}','{}','0e71eacfb1e64c86999b11418b807e63','2023-07-22 10:03:45.672015','3a0c0381-2b83-5125-2df8-9f50c0e3d11a',NULL,NULL,0,NULL,NULL),('3a0c8dbb-4f12-9d3e-7726-a6c5bf19a144',NULL,'3a0c421b-e2db-0819-2cee-ee3429285f4f',2,'','','',0,0,'','','BaseService.Menus','{\"Title\":\"message.router.systemSelect\",\"Icon\":\"\",\"IsHide\":false,\"IsKeepAlive\":true,\"IsAffix\":false,\"Link\":\"\",\"IsIframe\":false}','{}','5c5398facb02415091f671426eb41740','2023-07-22 11:04:41.508339','3a0c0381-2b83-5125-2df8-9f50c0e3d11a',NULL,NULL,0,NULL,NULL),('3a0c8dbd-2260-24fc-5d82-909fa4c960ed',NULL,'3a0c421c-60a9-a76f-16f9-f3c6e4fa3661',2,'','','',0,1,'','','AbpIdentity.Users','{\"Title\":\"message.router.systemSelect\",\"Icon\":\"\",\"IsHide\":false,\"IsKeepAlive\":true,\"IsAffix\":false,\"Link\":\"\",\"IsIframe\":false}','{}','6f0ccefbb6754bfe86811df109362e3d','2023-07-22 11:06:41.128796','3a0c0381-2b83-5125-2df8-9f50c0e3d11a',NULL,NULL,0,NULL,NULL),('3a0c8dbe-c751-346c-5d62-aef59661964d',NULL,'3a0c887c-daff-ffae-bc60-babce28a20a5',2,'','','',0,1,'','','AbpIdentity.Roles','{\"Title\":\"message.router.systemSelect\",\"Icon\":\"\",\"IsHide\":false,\"IsKeepAlive\":true,\"IsAffix\":false,\"Link\":\"\",\"IsIframe\":false}','{}','f6d47ee77ac34c6c9706be114b8bd298','2023-07-22 11:08:28.892610','3a0c0381-2b83-5125-2df8-9f50c0e3d11a',NULL,NULL,0,NULL,NULL),('3a0cb7e8-b1f2-50d0-20c8-81746d2799c8',NULL,'3fa85f64-5717-4562-b3fc-2c963f66afa6',1,'systemOrganizationUnit','system/organization-unit/index','',0,1,'/system/organizationUnit','','','{\"Title\":\"message.router.systemOrganizationUnit\",\"Icon\":\"iconfont icon-shuxingtu\",\"IsHide\":false,\"IsKeepAlive\":true,\"IsAffix\":false,\"Link\":\"\",\"IsIframe\":false}','{}','4f5cbb34c6354de183560a15ce68fe80','2023-07-30 15:38:19.044997','3a0c0381-2b83-5125-2df8-9f50c0e3d11a','2023-08-03 22:44:15.901225','3a0c0381-2b83-5125-2df8-9f50c0e3d11a',0,NULL,NULL),('3a0cb7ef-3a02-d126-4672-fd6977b739c5',NULL,'3a0cb7e8-b1f2-50d0-20c8-81746d2799c8',2,'','','',0,6,'','','BaseService.OrganizationUnits.ManagingRole','{\"Title\":\"message.router.systemOrganizationUnitManagingRole\",\"Icon\":\"\",\"IsHide\":false,\"IsKeepAlive\":true,\"IsAffix\":false,\"Link\":\"\",\"IsIframe\":false}','{}','e7a82bdbc78e415283f4348c82bf8367','2023-07-30 15:45:27.049378','3a0c0381-2b83-5125-2df8-9f50c0e3d11a','2023-07-31 14:19:38.284026','3a0c0381-2b83-5125-2df8-9f50c0e3d11a',0,NULL,NULL),('3a0cb7f3-be28-b6bd-be6f-4d2a2cea69ba',NULL,'3a0cb7e8-b1f2-50d0-20c8-81746d2799c8',2,'','','',0,5,'','','BaseService.OrganizationUnits.ManagingUser','{\"Title\":\"message.router.systemOrganizationUnitManagingUser\",\"Icon\":\"\",\"IsHide\":false,\"IsKeepAlive\":true,\"IsAffix\":false,\"Link\":\"\",\"IsIframe\":false}','{}','764d1dab6b1541039ef68c849e51d847','2023-07-30 15:50:23.022539','3a0c0381-2b83-5125-2df8-9f50c0e3d11a','2023-07-31 14:19:49.675959','3a0c0381-2b83-5125-2df8-9f50c0e3d11a',0,NULL,NULL),('3a0cb7f5-f34d-f43f-4afb-9697e2c62b1e',NULL,'3a0cb7e8-b1f2-50d0-20c8-81746d2799c8',2,'','','',0,1,'','','BaseService.OrganizationUnits','{\"Title\":\"message.router.systemSelect\",\"Icon\":\"\",\"IsHide\":false,\"IsKeepAlive\":true,\"IsAffix\":false,\"Link\":\"\",\"IsIframe\":false}','{}','10b613e7b4ed4b72a92c5fb5c61c58da','2023-07-30 15:52:47.698022','3a0c0381-2b83-5125-2df8-9f50c0e3d11a',NULL,NULL,0,NULL,NULL),('3a0cb946-fc3c-6fff-1fbf-177d2b2f0d42',NULL,'3a0cb7e8-b1f2-50d0-20c8-81746d2799c8',2,'','','',0,2,'','','BaseService.OrganizationUnits.Create','{\"Title\":\"message.router.systemCreate\",\"Icon\":\"\",\"IsHide\":false,\"IsKeepAlive\":true,\"IsAffix\":false,\"Link\":\"\",\"IsIframe\":false}','{}','96becf7caea045feb9a6a987c721bd3e','2023-07-30 22:00:55.645039','3a0c0381-2b83-5125-2df8-9f50c0e3d11a',NULL,NULL,0,NULL,NULL),('3a0cb947-d038-2411-26df-486f3c978c68',NULL,'3a0cb7e8-b1f2-50d0-20c8-81746d2799c8',2,'','','',0,3,'','','BaseService.OrganizationUnits.Update','{\"Title\":\"message.router.systemUpdate\",\"Icon\":\"\",\"IsHide\":false,\"IsKeepAlive\":true,\"IsAffix\":false,\"Link\":\"\",\"IsIframe\":false}','{}','4b508c838ad647388a4ce49ba3429e38','2023-07-30 22:01:49.891959','3a0c0381-2b83-5125-2df8-9f50c0e3d11a',NULL,NULL,0,NULL,NULL),('3a0cb948-ba53-eea4-1f44-82de1e55a47b',NULL,'3a0cb7e8-b1f2-50d0-20c8-81746d2799c8',2,'','','',0,4,'','','BaseService.OrganizationUnits.Delete','{\"Title\":\"message.router.systemDelete\",\"Icon\":\"\",\"IsHide\":false,\"IsKeepAlive\":true,\"IsAffix\":false,\"Link\":\"\",\"IsIframe\":false}','{}','a21eb75167254af8955b76bbdad6ef37','2023-07-30 22:02:49.819845','3a0c0381-2b83-5125-2df8-9f50c0e3d11a',NULL,NULL,0,NULL,NULL),('3a0ccdbd-2996-1929-b966-8053b44e90e6',NULL,NULL,1,'workFlow','layout/routerView/parent','',0,4,'/workflow','/workflow/form','','{\"Title\":\"message.router.workflow\",\"Icon\":\"ele-Odometer\",\"IsHide\":false,\"IsKeepAlive\":true,\"IsAffix\":false,\"Link\":\"\",\"IsIframe\":false}','{}','51e9c0b9ce01470490034288c23f7687','2023-08-03 21:22:24.872137','3a0c0381-2b83-5125-2df8-9f50c0e3d11a','2023-08-17 23:25:13.107143','3a0c0381-2b83-5125-2df8-9f50c0e3d11a',0,NULL,NULL),('3a0ccdc2-d86d-6f15-fea3-e4d08c368770',NULL,'3a0ccdbd-2996-1929-b966-8053b44e90e6',1,'workflowForm','workflow/form/index','',0,1,'/workflow/form','','','{\"Title\":\"message.router.workflowForm\",\"Icon\":\"ele-Tickets\",\"IsHide\":false,\"IsKeepAlive\":true,\"IsAffix\":false,\"Link\":\"\",\"IsIframe\":false}','{}','706fa518adfb4c4589c99e3f1c8ebca5','2023-08-03 21:28:37.232536','3a0c0381-2b83-5125-2df8-9f50c0e3d11a','2023-08-03 22:08:53.789349','3a0c0381-2b83-5125-2df8-9f50c0e3d11a',0,NULL,NULL),('3a0ccdcb-0b8e-6b3f-4a48-0a396b1a614c',NULL,'3a0ccdc2-d86d-6f15-fea3-e4d08c368770',2,'','','',0,1,'','','FormManagement.Form','{\"Title\":\"message.router.systemSelect\",\"Icon\":\"ele-Search\",\"IsHide\":false,\"IsKeepAlive\":true,\"IsAffix\":false,\"Link\":\"\",\"IsIframe\":false}','{}','ec1bbfe0c2f14436b7030cb297443cb8','2023-08-03 21:37:34.608620','3a0c0381-2b83-5125-2df8-9f50c0e3d11a','2023-08-04 17:21:45.128225','3a0c0381-2b83-5125-2df8-9f50c0e3d11a',0,NULL,NULL),('3a0ccdcc-34af-e1c2-6e69-fdb2887d9236',NULL,'3a0ccdc2-d86d-6f15-fea3-e4d08c368770',1,'formCreate','workflow/form/create','',0,2,'/workflow/form/create','','FormManagement.Form.Create','{\"Title\":\"message.router.workflowFormAdd\",\"Icon\":\"ele-Plus\",\"IsHide\":true,\"IsKeepAlive\":true,\"IsAffix\":false,\"Link\":\"\",\"IsIframe\":false}','{}','651ffca650134aa08cd491f45f7b6ee5','2023-08-03 21:38:50.673960','3a0c0381-2b83-5125-2df8-9f50c0e3d11a','2023-08-04 17:27:43.951207','3a0c0381-2b83-5125-2df8-9f50c0e3d11a',0,NULL,NULL),('3a0ccdcd-1040-c3ae-5aaa-2d680922824a',NULL,'3a0ccdc2-d86d-6f15-fea3-e4d08c368770',2,'','','',0,3,'','','FormManagement.Form.Update','{\"Title\":\"message.router.systemUpdate\",\"Icon\":\"\",\"IsHide\":false,\"IsKeepAlive\":true,\"IsAffix\":false,\"Link\":\"\",\"IsIframe\":false}','{}','cc992aae0cf7467d826453dd628ecb50','2023-08-03 21:39:46.882938','3a0c0381-2b83-5125-2df8-9f50c0e3d11a','2023-08-04 15:17:26.762951','3a0c0381-2b83-5125-2df8-9f50c0e3d11a',0,NULL,NULL),('3a0ccdcd-91f7-9b4e-8d0d-500701a68241',NULL,'3a0ccdc2-d86d-6f15-fea3-e4d08c368770',2,'','','',0,4,'','','FormManagement.Form.Delete','{\"Title\":\"message.router.systemDelete\",\"Icon\":\"\",\"IsHide\":false,\"IsKeepAlive\":true,\"IsAffix\":false,\"Link\":\"\",\"IsIframe\":false}','{}','b33ad6c7c0714ac8a3e17a85011ce8fc','2023-08-03 21:40:20.089782','3a0c0381-2b83-5125-2df8-9f50c0e3d11a','2023-08-04 15:17:09.432876','3a0c0381-2b83-5125-2df8-9f50c0e3d11a',0,NULL,NULL),('3a0cdbb8-bce4-a5e1-77eb-bc0713b09b75',NULL,NULL,1,'tenant','tenant/index','',0,1,'/tenant','','','{\"Title\":\"message.router.tenantManage\",\"Icon\":\"ele-Shop\",\"IsHide\":false,\"IsKeepAlive\":true,\"IsAffix\":false,\"Link\":\"\",\"IsIframe\":false}','{}','37914bc07cf84d2b942a854533198551','2023-08-06 14:32:15.863756','3a0c0381-2b83-5125-2df8-9f50c0e3d11a','2023-08-07 22:12:39.883029','3a0c0381-2b83-5125-2df8-9f50c0e3d11a',0,NULL,NULL),('3a0cdbbb-578e-49d0-b841-11bbc2146c83',NULL,'3a0cdbb8-bce4-a5e1-77eb-bc0713b09b75',2,'','','',0,1,'','','AbpTenantManagement.Tenants.Create','{\"Title\":\"message.router.systemCreate\",\"Icon\":\"\",\"IsHide\":false,\"IsKeepAlive\":true,\"IsAffix\":false,\"Link\":\"\",\"IsIframe\":false}','{}','f92528df7dc34dc8bcbf123fc15ac13b','2023-08-06 14:35:06.514934','3a0c0381-2b83-5125-2df8-9f50c0e3d11a',NULL,NULL,0,NULL,NULL),('3a0cdbbc-1d9d-14a4-77e7-90f6727b0263',NULL,'3a0cdbb8-bce4-a5e1-77eb-bc0713b09b75',2,'','','',0,2,'','','AbpTenantManagement.Tenants.Update','{\"Title\":\"message.router.systemUpdate\",\"Icon\":\"\",\"IsHide\":false,\"IsKeepAlive\":true,\"IsAffix\":false,\"Link\":\"\",\"IsIframe\":false}','{}','597d177a547c4f9ea32342d39f01ff00','2023-08-06 14:35:57.215593','3a0c0381-2b83-5125-2df8-9f50c0e3d11a',NULL,NULL,0,NULL,NULL),('3a0cdbbc-d49d-234a-38c3-fb2210a103de',NULL,'3a0cdbb8-bce4-a5e1-77eb-bc0713b09b75',2,'','','',0,3,'','','AbpTenantManagement.Tenants.Delete','{\"Title\":\"message.router.systemDelete\",\"Icon\":\"\",\"IsHide\":false,\"IsKeepAlive\":true,\"IsAffix\":false,\"Link\":\"\",\"IsIframe\":false}','{}','c4a26afefa1d4cc3877bf06ba5b7748c','2023-08-06 14:36:44.063608','3a0c0381-2b83-5125-2df8-9f50c0e3d11a',NULL,NULL,0,NULL,NULL),('3a0cdbc0-5072-0646-78ab-cf63fef2801b',NULL,'3a0cdbb8-bce4-a5e1-77eb-bc0713b09b75',2,'','','',0,4,'','','AbpTenantManagement.Tenants.ManageFeatures','{\"Title\":\"message.router.tenantManageFeatures\",\"Icon\":\"\",\"IsHide\":false,\"IsKeepAlive\":true,\"IsAffix\":false,\"Link\":\"\",\"IsIframe\":false}','{}','bb88df58b7a8413488f8245b3bc44068','2023-08-06 14:40:32.372539','3a0c0381-2b83-5125-2df8-9f50c0e3d11a',NULL,NULL,0,NULL,NULL),('3a0cdbc0-d5ee-139f-1ee7-46ac37e99e25',NULL,'3a0cdbb8-bce4-a5e1-77eb-bc0713b09b75',2,'','','',0,5,'','','AbpTenantManagement.Tenants.ManageConnectionStrings','{\"Title\":\"message.router.tenantManageConnectionStrings\",\"Icon\":\"\",\"IsHide\":false,\"IsKeepAlive\":true,\"IsAffix\":false,\"Link\":\"\",\"IsIframe\":false}','{}','fa3f8f72cb6a4983a3ad0bae1d6b7e0c','2023-08-06 14:41:06.544546','3a0c0381-2b83-5125-2df8-9f50c0e3d11a',NULL,NULL,0,NULL,NULL),('3a0cdbd8-ea08-507b-371e-5d39ec530d9e',NULL,'3a0cdbb8-bce4-a5e1-77eb-bc0713b09b75',2,'','','',0,0,'','','AbpTenantManagement.Tenants','{\"Title\":\"message.router.systemSelect\",\"Icon\":\"\",\"IsHide\":false,\"IsKeepAlive\":true,\"IsAffix\":false,\"Link\":\"\",\"IsIframe\":false}','{}','1690f1159e234139ab868ad99c63e713','2023-08-06 15:07:24.555120','3a0c0381-2b83-5125-2df8-9f50c0e3d11a',NULL,NULL,0,NULL,NULL),('3a0ce32e-179b-04d5-abc6-0f70c7cd7be0','3a0ce30c-2fa1-eb65-6c0e-29bf1daadab4',NULL,1,'home','home/index','',0,0,'/home','','BaseService.Homes','{\"Title\":\"message.router.home\",\"Icon\":\"ele-House\",\"IsHide\":false,\"IsKeepAlive\":true,\"IsAffix\":true,\"Link\":\"\",\"IsIframe\":false}','{}','081d34bd4689440480c6a727739da044','2023-08-08 01:17:48.286901',NULL,NULL,NULL,0,NULL,NULL),('3a0ce32e-179b-18f4-0039-e9302eff037f','3a0ce30c-2fa1-eb65-6c0e-29bf1daadab4','3a0ce32e-179c-18ec-22e6-c218356bd07f',1,'systemOrganizationUnit','system/organization-unit/index','',0,1,'/system/organizationUnit','','','{\"Title\":\"message.router.systemOrganizationUnit\",\"Icon\":\"iconfont icon-shuxingtu\",\"IsHide\":false,\"IsKeepAlive\":true,\"IsAffix\":false,\"Link\":\"\",\"IsIframe\":false}','{}','4f5cbb34c6354de183560a15ce68fe80','2023-08-08 01:17:48.287786',NULL,NULL,NULL,0,NULL,NULL),('3a0ce32e-179b-1a8f-a89d-f16be913b3bd','3a0ce30c-2fa1-eb65-6c0e-29bf1daadab4','3a0ce32e-179b-fad0-5f1c-a060b450786c',2,'','','',0,3,'','','AbpIdentity.Roles.Update','{\"Title\":\"message.router.systemUpdate\",\"Icon\":\"\",\"IsHide\":false,\"IsKeepAlive\":true,\"IsAffix\":false,\"Link\":\"\",\"IsIframe\":false}','{}','422bdf9856654856840164c3d3ab442a','2023-08-08 01:17:48.287418',NULL,NULL,NULL,0,NULL,NULL),('3a0ce32e-179b-1fd3-ab43-f5ee2dc888d8','3a0ce30c-2fa1-eb65-6c0e-29bf1daadab4','3a0ce32e-179b-18f4-0039-e9302eff037f',2,'','','',0,2,'','','BaseService.OrganizationUnits.Create','{\"Title\":\"message.router.systemCreate\",\"Icon\":\"\",\"IsHide\":false,\"IsKeepAlive\":true,\"IsAffix\":false,\"Link\":\"\",\"IsIframe\":false}','{}','96becf7caea045feb9a6a987c721bd3e','2023-08-08 01:17:48.287974',NULL,NULL,NULL,0,NULL,NULL),('3a0ce32e-179b-2de9-f38e-73dec603810f','3a0ce30c-2fa1-eb65-6c0e-29bf1daadab4','3a0ce32e-179b-fad0-5f1c-a060b450786c',2,'','','',0,4,'','','AbpIdentity.Roles.Delete','{\"Title\":\"message.router.systemDelete\",\"Icon\":\"\",\"IsHide\":false,\"IsKeepAlive\":true,\"IsAffix\":false,\"Link\":\"\",\"IsIframe\":false}','{}','e3197ee3610b4a96b1787ca048c01fec','2023-08-08 01:17:48.287492',NULL,NULL,NULL,0,NULL,NULL),('3a0ce32e-179b-4892-0c6c-e92667aa2a0b','3a0ce30c-2fa1-eb65-6c0e-29bf1daadab4','3a0ce32e-179b-a557-44c2-bf3380d99174',2,'','','',0,1,'','','AbpIdentity.Users','{\"Title\":\"message.router.systemSelect\",\"Icon\":\"\",\"IsHide\":false,\"IsKeepAlive\":true,\"IsAffix\":false,\"Link\":\"\",\"IsIframe\":false}','{}','6f0ccefbb6754bfe86811df109362e3d','2023-08-08 01:17:48.287708',NULL,NULL,NULL,0,NULL,NULL),('3a0ce32e-179b-5366-e9d1-7820bb1b939f','3a0ce30c-2fa1-eb65-6c0e-29bf1daadab4','3a0ce32e-179b-18f4-0039-e9302eff037f',2,'','','',0,5,'','','BaseService.OrganizationUnits.ManagingUser','{\"Title\":\"message.router.systemOrganizationUnitManagingUser\",\"Icon\":\"\",\"IsHide\":false,\"IsKeepAlive\":true,\"IsAffix\":false,\"Link\":\"\",\"IsIframe\":false}','{}','764d1dab6b1541039ef68c849e51d847','2023-08-08 01:17:48.287870',NULL,NULL,NULL,0,NULL,NULL),('3a0ce32e-179b-5c30-95e3-2d1c8319d895','3a0ce30c-2fa1-eb65-6c0e-29bf1daadab4','3a0ce32e-179b-a557-44c2-bf3380d99174',2,'','','',0,0,'','','AbpIdentity.Users.ManagePermissions','{\"Title\":\"message.router.systemManagePermissions\",\"Icon\":\"\",\"IsHide\":false,\"IsKeepAlive\":true,\"IsAffix\":false,\"Link\":\"\",\"IsIframe\":false}','{}','c3e96c7bee56474faef0a7b72a238b24','2023-08-08 01:17:48.287093',NULL,NULL,NULL,0,NULL,NULL),('3a0ce32e-179b-5d72-97e9-eb6e79680741','3a0ce30c-2fa1-eb65-6c0e-29bf1daadab4','3a0ce32e-179b-18f4-0039-e9302eff037f',2,'','','',0,3,'','','BaseService.OrganizationUnits.Update','{\"Title\":\"message.router.systemUpdate\",\"Icon\":\"\",\"IsHide\":false,\"IsKeepAlive\":true,\"IsAffix\":false,\"Link\":\"\",\"IsIframe\":false}','{}','4b508c838ad647388a4ce49ba3429e38','2023-08-08 01:17:48.288079',NULL,NULL,NULL,0,NULL,NULL),('3a0ce32e-179b-6910-b0f4-ab38d1bca694','3a0ce30c-2fa1-eb65-6c0e-29bf1daadab4',NULL,1,'workFlow','layout/routerView/parent','',0,3,'/workflow','/workflow/form','','{\"Title\":\"message.router.workflow\",\"Icon\":\"ele-Odometer\",\"IsHide\":false,\"IsKeepAlive\":true,\"IsAffix\":false,\"Link\":\"\",\"IsIframe\":false}','{}','2e02b3c0e3334215a89fc5fbb5677a50','2023-08-08 01:17:48.288229',NULL,NULL,NULL,0,NULL,NULL),('3a0ce32e-179b-7b13-14a9-0dec0a0077f6','3a0ce30c-2fa1-eb65-6c0e-29bf1daadab4','3a0ce32e-179b-aabe-0790-e6ce5df72ef3',2,'','','',0,1,'','','FormManagement.Form','{\"Title\":\"message.router.systemSelect\",\"Icon\":\"ele-Search\",\"IsHide\":false,\"IsKeepAlive\":true,\"IsAffix\":false,\"Link\":\"\",\"IsIframe\":false}','{}','ec1bbfe0c2f14436b7030cb297443cb8','2023-08-08 01:17:48.288387',NULL,NULL,NULL,0,NULL,NULL),('3a0ce32e-179b-7caa-bc10-188e3da500c5','3a0ce30c-2fa1-eb65-6c0e-29bf1daadab4','3a0ce32e-179b-18f4-0039-e9302eff037f',2,'','','',0,6,'','','BaseService.OrganizationUnits.ManagingRole','{\"Title\":\"message.router.systemOrganizationUnitManagingRole\",\"Icon\":\"\",\"IsHide\":false,\"IsKeepAlive\":true,\"IsAffix\":false,\"Link\":\"\",\"IsIframe\":false}','{}','e7a82bdbc78e415283f4348c82bf8367','2023-08-08 01:17:48.287827',NULL,NULL,NULL,0,NULL,NULL),('3a0ce32e-179b-9317-2ab4-8b7949d64186','3a0ce30c-2fa1-eb65-6c0e-29bf1daadab4','3a0ce32e-179b-fad0-5f1c-a060b450786c',2,'','','',0,2,'','','AbpIdentity.Roles.Create','{\"Title\":\"message.router.systemCreate\",\"Icon\":\"\",\"IsHide\":false,\"IsKeepAlive\":true,\"IsAffix\":false,\"Link\":\"\",\"IsIframe\":false}','{}','4ede19a33ef343619eef75d5a926ea38','2023-08-08 01:17:48.287339',NULL,NULL,NULL,0,NULL,NULL),('3a0ce32e-179b-a059-a229-d716b34a2e73','3a0ce30c-2fa1-eb65-6c0e-29bf1daadab4','3a0ce32e-179b-a557-44c2-bf3380d99174',2,'','','',0,4,'','','AbpIdentity.Users.Delete','{\"Title\":\"message.router.systemDelete\",\"Icon\":\"\",\"IsHide\":false,\"IsKeepAlive\":true,\"IsAffix\":false,\"Link\":\"\",\"IsIframe\":false}','{}','2b1a0c70686341b5998c5336b339b117','2023-08-08 01:17:48.287253',NULL,NULL,NULL,0,NULL,NULL),('3a0ce32e-179b-a557-44c2-bf3380d99174','3a0ce30c-2fa1-eb65-6c0e-29bf1daadab4','3a0ce32e-179c-18ec-22e6-c218356bd07f',1,'systemUser','system/user/index','',0,2,'/system/user','','','{\"Title\":\"message.router.systemUser\",\"Icon\":\"iconfont icon-icon-\",\"IsHide\":false,\"IsKeepAlive\":true,\"IsAffix\":false,\"Link\":\"\",\"IsIframe\":false}','{}','e45a61ac5c3f4770b964ce47d3196773','2023-08-08 01:17:48.286762',NULL,NULL,NULL,0,NULL,NULL),('3a0ce32e-179b-aabe-0790-e6ce5df72ef3','3a0ce30c-2fa1-eb65-6c0e-29bf1daadab4','3a0ce32e-179b-6910-b0f4-ab38d1bca694',1,'workflowForm','workflow/form/index','',0,1,'/workflow/form','','','{\"Title\":\"message.router.workflowForm\",\"Icon\":\"ele-Tickets\",\"IsHide\":false,\"IsKeepAlive\":true,\"IsAffix\":false,\"Link\":\"\",\"IsIframe\":false}','{}','706fa518adfb4c4589c99e3f1c8ebca5','2023-08-08 01:17:48.288303',NULL,NULL,NULL,0,NULL,NULL),('3a0ce32e-179b-b178-51aa-15191ce173bf','3a0ce30c-2fa1-eb65-6c0e-29bf1daadab4','3a0ce32e-179b-fad0-5f1c-a060b450786c',2,'','','',0,1,'','','AbpIdentity.Roles','{\"Title\":\"message.router.systemSelect\",\"Icon\":\"\",\"IsHide\":false,\"IsKeepAlive\":true,\"IsAffix\":false,\"Link\":\"\",\"IsIframe\":false}','{}','f6d47ee77ac34c6c9706be114b8bd298','2023-08-08 01:17:48.287747',NULL,NULL,NULL,0,NULL,NULL),('3a0ce32e-179b-bf09-1479-109122e0bc50','3a0ce30c-2fa1-eb65-6c0e-29bf1daadab4','3a0ce32e-179b-fad0-5f1c-a060b450786c',2,'','','',0,0,'','','AbpIdentity.Roles.ManagePermissions','{\"Title\":\"message.router.systemManagePermissions\",\"Icon\":\"\",\"IsHide\":false,\"IsKeepAlive\":true,\"IsAffix\":false,\"Link\":\"\",\"IsIframe\":false}','{}','0e71eacfb1e64c86999b11418b807e63','2023-08-08 01:17:48.287665',NULL,NULL,NULL,0,NULL,NULL),('3a0ce32e-179b-cd3e-bd0d-41e0601637c8','3a0ce30c-2fa1-eb65-6c0e-29bf1daadab4','3a0ce32e-179b-18f4-0039-e9302eff037f',2,'','','',0,4,'','','BaseService.OrganizationUnits.Delete','{\"Title\":\"message.router.systemDelete\",\"Icon\":\"\",\"IsHide\":false,\"IsKeepAlive\":true,\"IsAffix\":false,\"Link\":\"\",\"IsIframe\":false}','{}','a21eb75167254af8955b76bbdad6ef37','2023-08-08 01:17:48.288180',NULL,NULL,NULL,0,NULL,NULL),('3a0ce32e-179b-cfc2-d9fb-f33cfa3c0235','3a0ce30c-2fa1-eb65-6c0e-29bf1daadab4','3a0ce32e-179b-a557-44c2-bf3380d99174',2,'','','',0,3,'','','AbpIdentity.Users.Update','{\"Title\":\"message.router.systemUpdate\",\"Icon\":\"\",\"IsHide\":false,\"IsKeepAlive\":true,\"IsAffix\":false,\"Link\":\"\",\"IsIframe\":false}','{}','9623035a8c1f47b3b19804f18e724183','2023-08-08 01:17:48.287174',NULL,NULL,NULL,0,NULL,NULL),('3a0ce32e-179b-e13a-123e-22ed02d0822c','3a0ce30c-2fa1-eb65-6c0e-29bf1daadab4','3a0ce32e-179b-18f4-0039-e9302eff037f',2,'','','',0,1,'','','BaseService.OrganizationUnits','{\"Title\":\"message.router.systemSelect\",\"Icon\":\"\",\"IsHide\":false,\"IsKeepAlive\":true,\"IsAffix\":false,\"Link\":\"\",\"IsIframe\":false}','{}','10b613e7b4ed4b72a92c5fb5c61c58da','2023-08-08 01:17:48.287910',NULL,NULL,NULL,0,NULL,NULL),('3a0ce32e-179b-ec85-cc55-4e5139a34574','3a0ce30c-2fa1-eb65-6c0e-29bf1daadab4','3a0ce32e-179b-a557-44c2-bf3380d99174',2,'','','',0,2,'','','AbpIdentity.Users.Create','{\"Title\":\"message.router.systemCreate\",\"Icon\":\"\",\"IsHide\":false,\"IsKeepAlive\":true,\"IsAffix\":false,\"Link\":\"\",\"IsIframe\":false}','{}','c8fca08a9bcd44309b1f3126525a7dc3','2023-08-08 01:17:48.287591',NULL,NULL,NULL,0,NULL,NULL),('3a0ce32e-179b-fad0-5f1c-a060b450786c','3a0ce30c-2fa1-eb65-6c0e-29bf1daadab4','3a0ce32e-179c-18ec-22e6-c218356bd07f',1,'systemRole','system/role/index','',0,3,'/system/role','','','{\"Title\":\"message.router.systemRole\",\"Icon\":\"iconfont icon-quanxian\",\"IsHide\":false,\"IsKeepAlive\":true,\"IsAffix\":false,\"Link\":\"\",\"IsIframe\":false}','{}','64180371ddc241749301a9e8190041ed','2023-08-08 01:17:48.287004',NULL,NULL,NULL,0,NULL,NULL),('3a0ce32e-179c-18ec-22e6-c218356bd07f','3a0ce30c-2fa1-eb65-6c0e-29bf1daadab4',NULL,1,'system','layout/routerView/parent','',0,2,'/system','/system/user','','{\"Title\":\"message.router.system\",\"Icon\":\"iconfont icon-xitongshezhi\",\"IsHide\":false,\"IsKeepAlive\":true,\"IsAffix\":false,\"Link\":\"\",\"IsIframe\":false}','{}','531bfa4e6631459aaecb1362c910dea4','2023-08-08 01:17:48.288570',NULL,NULL,NULL,0,NULL,NULL),('3a0ce32e-179c-45a3-8b72-de567688afaa','3a0ce30c-2fa1-eb65-6c0e-29bf1daadab4','3a0ce32e-179b-aabe-0790-e6ce5df72ef3',1,'formCreate','workflow/form/create','',0,2,'/workflow/form/create','','FormManagement.Form.Create','{\"Title\":\"message.router.workflowFormAdd\",\"Icon\":\"ele-Plus\",\"IsHide\":true,\"IsKeepAlive\":true,\"IsAffix\":false,\"Link\":\"\",\"IsIframe\":false}','{}','651ffca650134aa08cd491f45f7b6ee5','2023-08-08 01:17:48.288431',NULL,NULL,NULL,0,NULL,NULL),('3a0ce32e-179c-5084-a936-5240e217e0ac','3a0ce30c-2fa1-eb65-6c0e-29bf1daadab4','3a0ce32e-179b-aabe-0790-e6ce5df72ef3',2,'','','',0,4,'','','FormManagement.Form.Delete','{\"Title\":\"message.router.systemDelete\",\"Icon\":\"\",\"IsHide\":false,\"IsKeepAlive\":true,\"IsAffix\":false,\"Link\":\"\",\"IsIframe\":false}','{}','b33ad6c7c0714ac8a3e17a85011ce8fc','2023-08-08 01:17:48.288527',NULL,NULL,NULL,0,NULL,NULL),('3a0ce32e-179c-b220-0b58-10dc9a540c0a','3a0ce30c-2fa1-eb65-6c0e-29bf1daadab4','3a0ce32e-179b-aabe-0790-e6ce5df72ef3',2,'','','',0,3,'','','FormManagement.Form.Update','{\"Title\":\"message.router.systemUpdate\",\"Icon\":\"\",\"IsHide\":false,\"IsKeepAlive\":true,\"IsAffix\":false,\"Link\":\"\",\"IsIframe\":false}','{}','cc992aae0cf7467d826453dd628ecb50','2023-08-08 01:17:48.288479',NULL,NULL,NULL,0,NULL,NULL),('3a0ce5fb-faa2-62c7-e10e-b2468d748b35',NULL,'3a0d1646-12c1-0235-aff7-7e0e4b3d16b3',1,'systemAuditLogging','log-manage/audit-logging/index','',0,1,'/logManage/systemAuditLogging','','','{\"Title\":\"message.router.systemAuditLogging\",\"Icon\":\"ele-Clock\",\"IsHide\":false,\"IsKeepAlive\":true,\"IsAffix\":false,\"Link\":\"\",\"IsIframe\":false}','{}','6b1554c88aaf4b3fa2d6b5a6f456962e','2023-08-08 14:21:54.809399','3a0c0381-2b83-5125-2df8-9f50c0e3d11a','2023-08-17 23:38:41.017500','3a0c0381-2b83-5125-2df8-9f50c0e3d11a',0,NULL,NULL),('3a0ce5fc-e2f3-aa6e-8b57-4016a1505e90',NULL,'3a0ce5fb-faa2-62c7-e10e-b2468d748b35',2,'','','',0,1,'','','BaseService.AuditLogging','{\"Title\":\"message.router.systemSelect\",\"Icon\":\"\",\"IsHide\":false,\"IsKeepAlive\":true,\"IsAffix\":false,\"Link\":\"\",\"IsIframe\":false}','{}','5c77544538e64a41990547cbf3a1a41b','2023-08-08 14:22:54.210064','3a0c0381-2b83-5125-2df8-9f50c0e3d11a','2023-08-08 15:05:54.659752','3a0c0381-2b83-5125-2df8-9f50c0e3d11a',0,NULL,NULL),('3a0d10ba-0cf3-cba0-96d6-1022d1c4662e',NULL,NULL,1,'test','test','',0,0,'test','','','{\"Title\":\"test\",\"Icon\":\"iconfont icon-diannao1\",\"IsHide\":false,\"IsKeepAlive\":true,\"IsAffix\":false,\"Link\":\"\",\"IsIframe\":false}','{}','26b95f54b3a04e198449b3ab1c21ca73','2023-08-16 21:33:34.360628','3a0c0381-2b83-5125-2df8-9f50c0e3d11a','2023-08-16 21:35:08.828691','3a0c0381-2b83-5125-2df8-9f50c0e3d11a',1,'3a0c0381-2b83-5125-2df8-9f50c0e3d11a','2023-08-16 21:35:08.817682'),('3a0d1646-12c1-0235-aff7-7e0e4b3d16b3',NULL,NULL,1,'logManage','layout/routerView/parent','',0,3,'/logManage','/logManage/systemAuditLogging','','{\"Title\":\"message.router.sysLogManagement\",\"Icon\":\"ele-ScaleToOriginal\",\"IsHide\":false,\"IsKeepAlive\":true,\"IsAffix\":false,\"Link\":\"\",\"IsIframe\":false}','{}','cd72e0201926442c95fa4ed256d4ceb6','2023-08-17 23:24:37.011095','3a0c0381-2b83-5125-2df8-9f50c0e3d11a','2023-08-17 23:59:39.834205','3a0c0381-2b83-5125-2df8-9f50c0e3d11a',0,NULL,NULL),('3a0d164f-8d50-9772-1136-9adb118ef5f5',NULL,'3a0d1646-12c1-0235-aff7-7e0e4b3d16b3',1,'systemSecurityLog','log-manage/security-log/index','',0,2,'/logManage/systemSecurityLog','','','{\"Title\":\"message.router.systemSecurityLog\",\"Icon\":\"ele-Timer\",\"IsHide\":false,\"IsKeepAlive\":true,\"IsAffix\":false,\"Link\":\"\",\"IsIframe\":false}','{}','65518628771642548aecbb91bb82721b','2023-08-17 23:34:58.133138','3a0c0381-2b83-5125-2df8-9f50c0e3d11a','2023-08-17 23:38:49.722376','3a0c0381-2b83-5125-2df8-9f50c0e3d11a',0,NULL,NULL),('3a0d1651-5048-73ff-aa78-0120e9d8717d',NULL,'3a0d164f-8d50-9772-1136-9adb118ef5f5',2,'','','',0,1,'','','BaseService.SecurityLog','{\"Title\":\"message.router.systemSelect\",\"Icon\":\"\",\"IsHide\":false,\"IsKeepAlive\":true,\"IsAffix\":false,\"Link\":\"\",\"IsIframe\":false}','{}','4a441299db2c4ef59817d41c48fdc87d','2023-08-17 23:36:53.593367','3a0c0381-2b83-5125-2df8-9f50c0e3d11a',NULL,NULL,0,NULL,NULL),('3fa85f64-5717-4562-b3fc-2c963f66afa6',NULL,NULL,1,'system','layout/routerView/parent','',0,2,'/system','/system/user','','{\"Title\":\"message.router.system\",\"Icon\":\"iconfont icon-xitongshezhi\",\"IsHide\":false,\"IsKeepAlive\":true,\"IsAffix\":false,\"Link\":\"\",\"IsIframe\":false}','{}','531bfa4e6631459aaecb1362c910dea4','2023-07-07 18:29:27.897652','3a0c0381-2b83-5125-2df8-9f50c0e3d11a','2023-08-06 14:32:24.735390','3a0c0381-2b83-5125-2df8-9f50c0e3d11a',0,NULL,NULL);
/*!40000 ALTER TABLE `base_menus` ENABLE KEYS */;
UNLOCK TABLES;

--
-- Table structure for table `base_rolemenus`
--

DROP TABLE IF EXISTS `base_rolemenus`;
/*!40101 SET @saved_cs_client     = @@character_set_client */;
/*!50503 SET character_set_client = utf8mb4 */;
CREATE TABLE `base_rolemenus` (
  `Id` char(36) CHARACTER SET ascii COLLATE ascii_general_ci NOT NULL,
  `TenantId` char(36) CHARACTER SET ascii COLLATE ascii_general_ci DEFAULT NULL,
  `RoleId` char(36) CHARACTER SET ascii COLLATE ascii_general_ci NOT NULL,
  `MenuId` char(36) CHARACTER SET ascii COLLATE ascii_general_ci NOT NULL,
  `ExtraProperties` longtext CHARACTER SET utf8mb4 COLLATE utf8mb4_0900_ai_ci,
  `ConcurrencyStamp` varchar(40) CHARACTER SET utf8mb4 COLLATE utf8mb4_0900_ai_ci DEFAULT NULL,
  PRIMARY KEY (`Id`)
) ENGINE=InnoDB DEFAULT CHARSET=utf8mb4 COLLATE=utf8mb4_0900_ai_ci;
/*!40101 SET character_set_client = @saved_cs_client */;

--
-- Dumping data for table `base_rolemenus`
--

LOCK TABLES `base_rolemenus` WRITE;
/*!40000 ALTER TABLE `base_rolemenus` DISABLE KEYS */;
INSERT INTO `base_rolemenus` VALUES ('3a0c8a38-7377-47d2-95df-07d8430bfda6',NULL,'3a0c8993-140a-9737-88a2-655ae2a0e930','3a0c421b-e2db-0819-2cee-ee3429285f4f','{}','e0f9c53b966a46d09c7406d744f1a3a4'),('3a0c8a38-7377-962a-80ba-f61e130489ea',NULL,'3a0c8993-140a-9737-88a2-655ae2a0e930','3a0c47a8-c51e-b9a6-11b4-1c6d2d529865','{}','70f8c56273204279a7454e394d7a7b99'),('3a0c8a3b-0c20-424c-92e3-5bf98740b9e2',NULL,'3a0c8a3b-0ac7-67f3-81a5-266f435bc797','3a0c47a8-c51e-b9a6-11b4-1c6d2d529865','{}','d456c921153d4c2c87ce12f8e8b2dd09'),('3a0ce32e-1b81-02aa-2d48-c3aa30210dd5','3a0ce30c-2fa1-eb65-6c0e-29bf1daadab4','3a0ce30c-3017-e5f6-253f-68da43b06cc8','3a0ce32e-179b-fad0-5f1c-a060b450786c','{}','ad6083d3dd9649709df0605a0fffe995'),('3a0ce32e-1b81-051f-f711-b9194aa233c5','3a0ce30c-2fa1-eb65-6c0e-29bf1daadab4','3a0ce30c-3017-e5f6-253f-68da43b06cc8','3a0ce32e-179b-bf09-1479-109122e0bc50','{}','faa24c0499854019954c572e1e6cc2a7'),('3a0ce32e-1b81-0bc5-2d49-43c9d29fe4d7','3a0ce30c-2fa1-eb65-6c0e-29bf1daadab4','3a0ce30c-3017-e5f6-253f-68da43b06cc8','3a0ce32e-179b-2de9-f38e-73dec603810f','{}','ca792b8aa7c04dc29f268243ba8c89da'),('3a0ce32e-1b81-0e5a-8970-873b6ba332f4','3a0ce30c-2fa1-eb65-6c0e-29bf1daadab4','3a0ce30c-3017-e5f6-253f-68da43b06cc8','3a0ce32e-179b-9317-2ab4-8b7949d64186','{}','0cf46df3b53c4766af8996e8a0e3e925'),('3a0ce32e-1b81-11b9-884e-c942433ccfec','3a0ce30c-2fa1-eb65-6c0e-29bf1daadab4','3a0ce30c-3017-e5f6-253f-68da43b06cc8','3a0ce32e-179b-4892-0c6c-e92667aa2a0b','{}','6f736d50722c442eade8b82aeb25162b'),('3a0ce32e-1b81-15f9-ba98-4aad398b541a','3a0ce30c-2fa1-eb65-6c0e-29bf1daadab4','3a0ce30c-3017-e5f6-253f-68da43b06cc8','3a0ce32e-179b-ec85-cc55-4e5139a34574','{}','70cdb3f2c76f4bbfacd6132389daecb4'),('3a0ce32e-1b81-1797-af62-805a7983e39d','3a0ce30c-2fa1-eb65-6c0e-29bf1daadab4','3a0ce30c-3017-e5f6-253f-68da43b06cc8','3a0ce32e-179b-a557-44c2-bf3380d99174','{}','56236e9f88744e10949dde05fa70b2af'),('3a0ce32e-1b81-4e4a-f4c7-5bc74894604d','3a0ce30c-2fa1-eb65-6c0e-29bf1daadab4','3a0ce30c-3017-e5f6-253f-68da43b06cc8','3a0ce32e-179b-e13a-123e-22ed02d0822c','{}','aab5565293904dccbd397d04dad6084c'),('3a0ce32e-1b81-4fdb-ea1d-3d1b963aae7a','3a0ce30c-2fa1-eb65-6c0e-29bf1daadab4','3a0ce30c-3017-e5f6-253f-68da43b06cc8','3a0ce32e-179b-04d5-abc6-0f70c7cd7be0','{}','0818ab1e91f74f03b284479124361059'),('3a0ce32e-1b81-66cd-9d43-e8e90a8a2440','3a0ce30c-2fa1-eb65-6c0e-29bf1daadab4','3a0ce30c-3017-e5f6-253f-68da43b06cc8','3a0ce32e-179b-cd3e-bd0d-41e0601637c8','{}','ba65cf0b13a84cedba8c835f1d82dcc8'),('3a0ce32e-1b81-68fa-9319-1f3b5a97146f','3a0ce30c-2fa1-eb65-6c0e-29bf1daadab4','3a0ce30c-3017-e5f6-253f-68da43b06cc8','3a0ce32e-179b-1fd3-ab43-f5ee2dc888d8','{}','4dea48f72dd04f7f829ea96ba9961a2a'),('3a0ce32e-1b81-6c44-d95c-6583633ed0b4','3a0ce30c-2fa1-eb65-6c0e-29bf1daadab4','3a0ce30c-3017-e5f6-253f-68da43b06cc8','3a0ce32e-179b-7caa-bc10-188e3da500c5','{}','4caf24068e3b4d04b6eb743247374c2d'),('3a0ce32e-1b81-7909-a260-a9eec396d78a','3a0ce30c-2fa1-eb65-6c0e-29bf1daadab4','3a0ce30c-3017-e5f6-253f-68da43b06cc8','3a0ce32e-179b-cfc2-d9fb-f33cfa3c0235','{}','7132008d95fe43619af32fe63a13fc0d'),('3a0ce32e-1b81-84b3-604f-9d1d094abeb6','3a0ce30c-2fa1-eb65-6c0e-29bf1daadab4','3a0ce30c-3017-e5f6-253f-68da43b06cc8','3a0ce32e-179b-a059-a229-d716b34a2e73','{}','42440f07aa0c46d3afa57851914898f1'),('3a0ce32e-1b81-88d2-c872-188d3b1012ce','3a0ce30c-2fa1-eb65-6c0e-29bf1daadab4','3a0ce30c-3017-e5f6-253f-68da43b06cc8','3a0ce32e-179b-7b13-14a9-0dec0a0077f6','{}','898aabc960184c01b23c9925dc95d50c'),('3a0ce32e-1b81-901e-ea95-8243e36edaae','3a0ce30c-2fa1-eb65-6c0e-29bf1daadab4','3a0ce30c-3017-e5f6-253f-68da43b06cc8','3a0ce32e-179c-18ec-22e6-c218356bd07f','{}','e61d800b9883450192404171713313ac'),('3a0ce32e-1b81-9632-9755-70e69d227278','3a0ce30c-2fa1-eb65-6c0e-29bf1daadab4','3a0ce30c-3017-e5f6-253f-68da43b06cc8','3a0ce32e-179b-1a8f-a89d-f16be913b3bd','{}','a6dc27817f6e46b2b7bb2c32f53bad8a'),('3a0ce32e-1b81-9f81-089e-4f076e39f885','3a0ce30c-2fa1-eb65-6c0e-29bf1daadab4','3a0ce30c-3017-e5f6-253f-68da43b06cc8','3a0ce32e-179c-5084-a936-5240e217e0ac','{}','68a158be026248aea6c356e9e1d1fbbd'),('3a0ce32e-1b81-a135-5b88-8a0ee3051390','3a0ce30c-2fa1-eb65-6c0e-29bf1daadab4','3a0ce30c-3017-e5f6-253f-68da43b06cc8','3a0ce32e-179b-b178-51aa-15191ce173bf','{}','b6e2c67f276a4cd2ba905264a77c5e64'),('3a0ce32e-1b81-a716-8a75-9dba96572cec','3a0ce30c-2fa1-eb65-6c0e-29bf1daadab4','3a0ce30c-3017-e5f6-253f-68da43b06cc8','3a0ce32e-179b-5366-e9d1-7820bb1b939f','{}','80d48dd6728d4d978a84bf9a643ff548'),('3a0ce32e-1b81-b0bc-03f8-94b04ef5d5ef','3a0ce30c-2fa1-eb65-6c0e-29bf1daadab4','3a0ce30c-3017-e5f6-253f-68da43b06cc8','3a0ce32e-179c-b220-0b58-10dc9a540c0a','{}','ff357bdf073c4185b0e9954c9aaf1976'),('3a0ce32e-1b81-b750-b064-7c810f41e53d','3a0ce30c-2fa1-eb65-6c0e-29bf1daadab4','3a0ce30c-3017-e5f6-253f-68da43b06cc8','3a0ce32e-179b-aabe-0790-e6ce5df72ef3','{}','c24a0fa9d46942888a7d66c2228fde5c'),('3a0ce32e-1b81-bc54-848a-17f941b16b3f','3a0ce30c-2fa1-eb65-6c0e-29bf1daadab4','3a0ce30c-3017-e5f6-253f-68da43b06cc8','3a0ce32e-179c-45a3-8b72-de567688afaa','{}','ec565b08af9241ae85e3a03c39481e99'),('3a0ce32e-1b81-cf3d-c38a-5ccad6137ad6','3a0ce30c-2fa1-eb65-6c0e-29bf1daadab4','3a0ce30c-3017-e5f6-253f-68da43b06cc8','3a0ce32e-179b-18f4-0039-e9302eff037f','{}','0364db71e25d4fb29228acca1ffc3086'),('3a0ce32e-1b81-f275-532b-bcd02e6b35d3','3a0ce30c-2fa1-eb65-6c0e-29bf1daadab4','3a0ce30c-3017-e5f6-253f-68da43b06cc8','3a0ce32e-179b-5d72-97e9-eb6e79680741','{}','49bdff3968f6485c9d7f5ecf2162b5f7'),('3a0ce32e-1b81-f471-9a7d-5e17274470b1','3a0ce30c-2fa1-eb65-6c0e-29bf1daadab4','3a0ce30c-3017-e5f6-253f-68da43b06cc8','3a0ce32e-179b-5c30-95e3-2d1c8319d895','{}','1efada1272d943a68918a31ed4b5d87a'),('3a0ce32e-1b81-fd6a-1f6d-1387ab5c488e','3a0ce30c-2fa1-eb65-6c0e-29bf1daadab4','3a0ce30c-3017-e5f6-253f-68da43b06cc8','3a0ce32e-179b-6910-b0f4-ab38d1bca694','{}','c0d7df0a38c3499db0b9227968c63396'),('3a0ce5b6-cd3e-0740-69ce-c9b629ac9791','3a0ce30c-2fa1-eb65-6c0e-29bf1daadab4','3a0ce5b6-cb94-792d-afab-24f2d909de5f','3a0ce32e-179c-5084-a936-5240e217e0ac','{}','2c8ab36b588848cb8b974ad418240b45'),('3a0ce5b6-cd3e-0952-0cb3-34c6fc79a99b','3a0ce30c-2fa1-eb65-6c0e-29bf1daadab4','3a0ce5b6-cb94-792d-afab-24f2d909de5f','3a0ce32e-179c-b220-0b58-10dc9a540c0a','{}','5332382a14d441989f34dc5353226527'),('3a0ce5b6-cd3e-14a7-763b-ecfda44e2d4d','3a0ce30c-2fa1-eb65-6c0e-29bf1daadab4','3a0ce5b6-cb94-792d-afab-24f2d909de5f','3a0ce32e-179c-45a3-8b72-de567688afaa','{}','aea62e29737e482080b68a2f6cc42d08'),('3a0ce5b6-cd3e-32fb-778a-864d45ce10a9','3a0ce30c-2fa1-eb65-6c0e-29bf1daadab4','3a0ce5b6-cb94-792d-afab-24f2d909de5f','3a0ce32e-179b-04d5-abc6-0f70c7cd7be0','{}','0845b42daca246009549e28fb00e1728'),('3a0ce5b6-cd3e-43dc-ffe6-fe2419d689e4','3a0ce30c-2fa1-eb65-6c0e-29bf1daadab4','3a0ce5b6-cb94-792d-afab-24f2d909de5f','3a0ce32e-179b-7b13-14a9-0dec0a0077f6','{}','7e44d4e881d04c2a845b493f6adead6f'),('3a0ce5b6-cd3e-4d79-f302-f45750a073b3','3a0ce30c-2fa1-eb65-6c0e-29bf1daadab4','3a0ce5b6-cb94-792d-afab-24f2d909de5f','3a0ce32e-179b-6910-b0f4-ab38d1bca694','{}','63c1c9dea4db43eb98dda33b6fb2b82b'),('3a0ce5b6-cd3e-7e51-3f78-a264542d7b5f','3a0ce30c-2fa1-eb65-6c0e-29bf1daadab4','3a0ce5b6-cb94-792d-afab-24f2d909de5f','3a0ce32e-179b-aabe-0790-e6ce5df72ef3','{}','8f79a6e757204fb1983d6f18fec1bcc5'),('3a0ceb53-db22-2ec9-daee-7f5bdc0a1535',NULL,'3a0c65e6-046f-90e4-0029-20e266e68368','3a0ccdcc-34af-e1c2-6e69-fdb2887d9236','{}','b51778fe41ad45f594d350a585342a73'),('3a0ceb53-db22-557b-83c4-a477dae8eade',NULL,'3a0c65e6-046f-90e4-0029-20e266e68368','3a0ccdc2-d86d-6f15-fea3-e4d08c368770','{}','bb04101e2a444e0eb6714847286a45bd'),('3a0ceb53-db22-70e1-825f-d935e86434e1',NULL,'3a0c65e6-046f-90e4-0029-20e266e68368','3a0ccdbd-2996-1929-b966-8053b44e90e6','{}','af77fd841d8d409481c3fcae73182e2a'),('3a0ceb53-db22-70fd-f08b-b2150c643735',NULL,'3a0c65e6-046f-90e4-0029-20e266e68368','3a0ccdcb-0b8e-6b3f-4a48-0a396b1a614c','{}','2fc65de908bd4aaaa2291ae7aa6ed002'),('3a0ceb53-db22-a903-f379-8c0635b7c48a',NULL,'3a0c65e6-046f-90e4-0029-20e266e68368','3a0c47a8-c51e-b9a6-11b4-1c6d2d529865','{}','47fd42f0678141d7ad6e684902a68bbb'),('3a0ceb53-db22-efd6-9170-589061a59a15',NULL,'3a0c65e6-046f-90e4-0029-20e266e68368','3a0ccdcd-91f7-9b4e-8d0d-500701a68241','{}','35ee475390f049f1a35401b213e337af'),('3a0ceb53-db22-fefd-6f2e-aa377864267c',NULL,'3a0c65e6-046f-90e4-0029-20e266e68368','3a0ccdcd-1040-c3ae-5aaa-2d680922824a','{}','7525dbcf38a64293bd3de509479e9885'),('3a0d1653-d721-099d-56f6-21d355d88990',NULL,'3a0c0381-2f90-1e19-3d67-47d15cf4a678','3a0cb7f3-be28-b6bd-be6f-4d2a2cea69ba','{}','d20aa4f62d6f4d4eb968638a3df8f26c'),('3a0d1653-d721-0b97-547f-3b064d21de4f',NULL,'3a0c0381-2f90-1e19-3d67-47d15cf4a678','3a0cb946-fc3c-6fff-1fbf-177d2b2f0d42','{}','219e9dbe052348f9b04a85e1bfbe6094'),('3a0d1653-d721-117a-9171-17626f2f3390',NULL,'3a0c0381-2f90-1e19-3d67-47d15cf4a678','3a0c8ae6-0ea6-f0b8-86b2-d4a62847bef5','{}','426b1020634a4161bb622309788e188c'),('3a0d1653-d721-1688-7b33-bca495942b19',NULL,'3a0c0381-2f90-1e19-3d67-47d15cf4a678','3a0cdbc0-5072-0646-78ab-cf63fef2801b','{}','5e755bcaa3c244d89364d24223a7e19d'),('3a0d1653-d721-1a70-daa6-4eeb40e57f80',NULL,'3a0c0381-2f90-1e19-3d67-47d15cf4a678','3a0ccdcb-0b8e-6b3f-4a48-0a396b1a614c','{}','bffaeec2d0d44858ad7edb8e2b507998'),('3a0d1653-d721-1e14-993b-fa60477c9d40',NULL,'3a0c0381-2f90-1e19-3d67-47d15cf4a678','3a0ce5fb-faa2-62c7-e10e-b2468d748b35','{}','30e22dd9dfa343b2b45171002b3698a7'),('3a0d1653-d721-2599-5511-040fceb0f922',NULL,'3a0c0381-2f90-1e19-3d67-47d15cf4a678','3fa85f64-5717-4562-b3fc-2c963f66afa6','{}','35944f28310341708601f51e1a7ded82'),('3a0d1653-d721-25a5-3fed-6b0eab1f6835',NULL,'3a0c0381-2f90-1e19-3d67-47d15cf4a678','3a0c8d83-867f-e855-78b5-3126a7a47a4b','{}','f577bce464754433a3b19fd5aec8a7e6'),('3a0d1653-d721-33d9-77a3-416d8fcd314d',NULL,'3a0c0381-2f90-1e19-3d67-47d15cf4a678','3a0c8ad3-a02e-4f05-10b7-e6ce623c9034','{}','e1c1aee07704435d81bdc8af4f8e0f32'),('3a0d1653-d721-3d1f-6993-cb4e22b223f2',NULL,'3a0c0381-2f90-1e19-3d67-47d15cf4a678','3a0c8dbe-c751-346c-5d62-aef59661964d','{}','34d6a133c01e450c97d98d39e47d4a6f'),('3a0d1653-d721-3e1f-77b9-38ec22fa2246',NULL,'3a0c0381-2f90-1e19-3d67-47d15cf4a678','3a0ccdcd-1040-c3ae-5aaa-2d680922824a','{}','5b59cd979f9741728aa1dcec18fbd04b'),('3a0d1653-d721-40b3-8bd0-852cfceab529',NULL,'3a0c0381-2f90-1e19-3d67-47d15cf4a678','3a0cb948-ba53-eea4-1f44-82de1e55a47b','{}','bd286a464590458f92816b7e02145f8c'),('3a0d1653-d721-4be9-cd51-2045d11abbce',NULL,'3a0c0381-2f90-1e19-3d67-47d15cf4a678','3a0cdbb8-bce4-a5e1-77eb-bc0713b09b75','{}','7f0d9b5bec66416c9834eb3dfe640056'),('3a0d1653-d721-51c2-b370-393f384516dc',NULL,'3a0c0381-2f90-1e19-3d67-47d15cf4a678','3a0c8ae6-c836-9aae-3384-03df68ad8bde','{}','81c3c9f2a11e4c4498a3ac068c520619'),('3a0d1653-d721-530c-fa79-f659e3d9199a',NULL,'3a0c0381-2f90-1e19-3d67-47d15cf4a678','3a0d1651-5048-73ff-aa78-0120e9d8717d','{}','a7e5246a238845de8d07929fda118b6b'),('3a0d1653-d721-5486-6d45-e62173bee6ad',NULL,'3a0c0381-2f90-1e19-3d67-47d15cf4a678','3a0c8ae7-86dd-8e3c-3919-c6a42647ceea','{}','1e69de5123b745a497abb42f13b6403a'),('3a0d1653-d721-58d3-bc60-76fdf8a45432',NULL,'3a0c0381-2f90-1e19-3d67-47d15cf4a678','3a0d164f-8d50-9772-1136-9adb118ef5f5','{}','fc5931b359df48438665fec095c45c34'),('3a0d1653-d721-5b8b-5f5c-201da8da13ba',NULL,'3a0c0381-2f90-1e19-3d67-47d15cf4a678','3a0cb7e8-b1f2-50d0-20c8-81746d2799c8','{}','bf2ab4fd48ac4c7193499ee6fedc1a6f'),('3a0d1653-d721-5e1e-ac33-d77919172b3e',NULL,'3a0c0381-2f90-1e19-3d67-47d15cf4a678','3a0c47a8-c51e-b9a6-11b4-1c6d2d529865','{}','a998a2b8d5fc4bffbe99180b3cbd319a'),('3a0d1653-d721-668e-087f-45b01763c7fd',NULL,'3a0c0381-2f90-1e19-3d67-47d15cf4a678','3a0c421b-e2db-0819-2cee-ee3429285f4f','{}','2157663281a14918adaf6037e85b95b4'),('3a0d1653-d721-6b91-95eb-1d04e244d751',NULL,'3a0c0381-2f90-1e19-3d67-47d15cf4a678','3a0d1646-12c1-0235-aff7-7e0e4b3d16b3','{}','f9a9a05c8c26450baadf3970bc21e30d'),('3a0d1653-d721-71b2-9ebc-edc1f507426c',NULL,'3a0c0381-2f90-1e19-3d67-47d15cf4a678','3a0c8ae0-0757-2788-f99c-d17368e7bb08','{}','912f22cc5c744481a63b3446c2bdb2c5'),('3a0d1653-d721-7ded-17ee-4728a7cb9395',NULL,'3a0c0381-2f90-1e19-3d67-47d15cf4a678','3a0c8dbd-2260-24fc-5d82-909fa4c960ed','{}','9c64a3eb95e94b11ab63657de8f23f3e'),('3a0d1653-d721-7ec2-ce52-a821c1d7de68',NULL,'3a0c0381-2f90-1e19-3d67-47d15cf4a678','3a0cb7f5-f34d-f43f-4afb-9697e2c62b1e','{}','b993a1aed7934f5da93d7b4786582653'),('3a0d1653-d721-81f2-1c2a-1d02c3f9a19e',NULL,'3a0c0381-2f90-1e19-3d67-47d15cf4a678','3a0c8ae9-8a9a-1171-41a7-27bd80527fbe','{}','d07b58b608c34b82b69189589162175f'),('3a0d1653-d721-903e-5fd0-725ff81222d3',NULL,'3a0c0381-2f90-1e19-3d67-47d15cf4a678','3a0ccdbd-2996-1929-b966-8053b44e90e6','{}','4d05bca781b147a6a697dcff2fd241d7'),('3a0d1653-d721-9a00-aec2-8a99dd460810',NULL,'3a0c0381-2f90-1e19-3d67-47d15cf4a678','3a0c8adf-5cf2-bf58-1407-bb458c8cb244','{}','a0693ab549324f7f90aa91aebea0f0bf'),('3a0d1653-d721-b5fb-05df-838a78838eaf',NULL,'3a0c0381-2f90-1e19-3d67-47d15cf4a678','3a0cdbbc-1d9d-14a4-77e7-90f6727b0263','{}','d5f844e5e0a54ba3a215e61f98d111ed'),('3a0d1653-d721-b6cd-2952-2b0c28f8ddf2',NULL,'3a0c0381-2f90-1e19-3d67-47d15cf4a678','3a0c8ae8-b7cc-04c1-2d78-6793eaf631b5','{}','8c78c74e06fe4edab4ca17744d04d8f2'),('3a0d1653-d721-b97d-f599-1748a9f45ff2',NULL,'3a0c0381-2f90-1e19-3d67-47d15cf4a678','3a0c887c-daff-ffae-bc60-babce28a20a5','{}','eab63b4982414ad2b437402e4881f1ed'),('3a0d1653-d721-bd82-ad71-5a9fb3556515',NULL,'3a0c0381-2f90-1e19-3d67-47d15cf4a678','3a0ccdcd-91f7-9b4e-8d0d-500701a68241','{}','22f038e00f274b4f945303b8bb6e04e6'),('3a0d1653-d721-bda2-5c5e-fb275feddae5',NULL,'3a0c0381-2f90-1e19-3d67-47d15cf4a678','3a0ccdc2-d86d-6f15-fea3-e4d08c368770','{}','3a535d5066564f5f8f3ffe2098ae1b90'),('3a0d1653-d721-bebe-c3db-805443eeb735',NULL,'3a0c0381-2f90-1e19-3d67-47d15cf4a678','3a0c421c-60a9-a76f-16f9-f3c6e4fa3661','{}','080930de102a4c87aa3061c6b0c2ae2b'),('3a0d1653-d721-c33d-8fa9-d83474ee3c71',NULL,'3a0c0381-2f90-1e19-3d67-47d15cf4a678','3a0cb7ef-3a02-d126-4672-fd6977b739c5','{}','e151ed20445f452dab1038eda029c946'),('3a0d1653-d721-c3e8-43c7-79f49c01979d',NULL,'3a0c0381-2f90-1e19-3d67-47d15cf4a678','3a0ce5fc-e2f3-aa6e-8b57-4016a1505e90','{}','bdb43d52c9c04d6b955e72603a85f14f'),('3a0d1653-d721-c5c3-4e3d-a85e39df80f4',NULL,'3a0c0381-2f90-1e19-3d67-47d15cf4a678','3a0cb947-d038-2411-26df-486f3c978c68','{}','f77bf61e871b4e56afee3ed6400fe33c'),('3a0d1653-d721-c7ec-c932-aabb913a4c0e',NULL,'3a0c0381-2f90-1e19-3d67-47d15cf4a678','3a0cdbd8-ea08-507b-371e-5d39ec530d9e','{}','e3ec58083b574260ab64e82c1a62449b'),('3a0d1653-d721-d0f5-39dd-2fa46e6e006d',NULL,'3a0c0381-2f90-1e19-3d67-47d15cf4a678','3a0c8d70-ba54-d956-fdf5-24cd9ac3872f','{}','b3affda542a649e49af23747a88c31d3'),('3a0d1653-d721-d4f7-6887-6f9ba13c9e14',NULL,'3a0c0381-2f90-1e19-3d67-47d15cf4a678','3a0cdbbc-d49d-234a-38c3-fb2210a103de','{}','b952e88aa33a475e9fdfe202ddc603b8'),('3a0d1653-d721-d8ae-6422-5d979a7e9323',NULL,'3a0c0381-2f90-1e19-3d67-47d15cf4a678','3a0c8dbb-4f12-9d3e-7726-a6c5bf19a144','{}','6569319f51234bbfaf77b5f8c5c82264'),('3a0d1653-d721-e09a-c895-0037c1c1b06e',NULL,'3a0c0381-2f90-1e19-3d67-47d15cf4a678','3a0ccdcc-34af-e1c2-6e69-fdb2887d9236','{}','98f34256f2a04e9299c97fb03e382236'),('3a0d1653-d721-e626-e2ea-fe6116b209f6',NULL,'3a0c0381-2f90-1e19-3d67-47d15cf4a678','3a0cdbc0-d5ee-139f-1ee7-46ac37e99e25','{}','9fdcf2c6d8d446f5abb71c5cbb35ee9e'),('3a0d1653-d721-f564-76e8-1f2f491967c9',NULL,'3a0c0381-2f90-1e19-3d67-47d15cf4a678','3a0c8ae5-6d66-b37a-1d74-26e051f263a0','{}','a7c392d6fd704d7aa9260a5800098b90'),('3a0d1653-d721-fd46-cfd1-69dd2bf8f779',NULL,'3a0c0381-2f90-1e19-3d67-47d15cf4a678','3a0cdbbb-578e-49d0-b841-11bbc2146c83','{}','e7e4e18cfd484596ae4f391f7778f656'),('3a0d1654-1c25-02ae-1f38-259dfd5e5397',NULL,'3a0c65e4-e5b1-f529-9508-5fdc8e14b417','3a0c8ae7-86dd-8e3c-3919-c6a42647ceea','{}','f0dc4af3c1694a269ffaee62fc4004f1'),('3a0d1654-1c25-1adc-8b10-4692dc777ebf',NULL,'3a0c65e4-e5b1-f529-9508-5fdc8e14b417','3a0d1651-5048-73ff-aa78-0120e9d8717d','{}','16db3913b6d54543b11ec025969ea4e0'),('3a0d1654-1c25-211c-2397-c7ee7e00843c',NULL,'3a0c65e4-e5b1-f529-9508-5fdc8e14b417','3a0c8d83-867f-e855-78b5-3126a7a47a4b','{}','2fc4a58a08db46d7921c66481e9f887d'),('3a0d1654-1c25-2abc-9c87-ed5f74121ba7',NULL,'3a0c65e4-e5b1-f529-9508-5fdc8e14b417','3a0c421b-e2db-0819-2cee-ee3429285f4f','{}','e4aabe66038344d793b2bdd23362de82'),('3a0d1654-1c25-2cc1-826f-89e6b1500579',NULL,'3a0c65e4-e5b1-f529-9508-5fdc8e14b417','3a0c8ae6-0ea6-f0b8-86b2-d4a62847bef5','{}','dee4bda7c74e412abd8adab3d9c488f6'),('3a0d1654-1c25-3004-5001-3c3711ec9271',NULL,'3a0c65e4-e5b1-f529-9508-5fdc8e14b417','3a0c8ad3-a02e-4f05-10b7-e6ce623c9034','{}','2ddd4edb96654da98f0271e789b47a34'),('3a0d1654-1c25-4248-e5fd-5a27babeaf45',NULL,'3a0c65e4-e5b1-f529-9508-5fdc8e14b417','3a0c47a8-c51e-b9a6-11b4-1c6d2d529865','{}','20126cb2410c4fbda4b65ca29f89c9c3'),('3a0d1654-1c25-553a-9e8e-c78fcc53bf11',NULL,'3a0c65e4-e5b1-f529-9508-5fdc8e14b417','3a0c8dbd-2260-24fc-5d82-909fa4c960ed','{}','6862ff4cec8e43a381ff65905f1ada64'),('3a0d1654-1c25-5ba7-9800-b58156a8a2a8',NULL,'3a0c65e4-e5b1-f529-9508-5fdc8e14b417','3a0ce5fb-faa2-62c7-e10e-b2468d748b35','{}','35e3340718d0467d8894ea29448fd0ae'),('3a0d1654-1c25-636d-4a09-c7c211e15ae8',NULL,'3a0c65e4-e5b1-f529-9508-5fdc8e14b417','3a0c8ae6-c836-9aae-3384-03df68ad8bde','{}','24e7031384df4a229d8c73d50f19f925'),('3a0d1654-1c25-6c34-22a2-912492917ca2',NULL,'3a0c65e4-e5b1-f529-9508-5fdc8e14b417','3a0c8ae9-8a9a-1171-41a7-27bd80527fbe','{}','5c485cb3c2934c558b9b7d17065b3f40'),('3a0d1654-1c25-796c-f163-1aa9a576b5d5',NULL,'3a0c65e4-e5b1-f529-9508-5fdc8e14b417','3a0d164f-8d50-9772-1136-9adb118ef5f5','{}','1df54caf04b74f88bc83fca9ccfc4054'),('3a0d1654-1c25-7ac2-55c0-8aa600dbc698',NULL,'3a0c65e4-e5b1-f529-9508-5fdc8e14b417','3a0c8ae8-b7cc-04c1-2d78-6793eaf631b5','{}','9b150848ea454fdbabd8cf1c5aa46537'),('3a0d1654-1c25-851a-f2b4-f801844fd075',NULL,'3a0c65e4-e5b1-f529-9508-5fdc8e14b417','3fa85f64-5717-4562-b3fc-2c963f66afa6','{}','9ec62a941c9c465dbcc443177875f577'),('3a0d1654-1c25-9315-de03-d14c4f168672',NULL,'3a0c65e4-e5b1-f529-9508-5fdc8e14b417','3a0c8ae5-6d66-b37a-1d74-26e051f263a0','{}','41bf009549c54df894d2148797a6bb0d'),('3a0d1654-1c25-96ad-1951-267ff5a2c1e8',NULL,'3a0c65e4-e5b1-f529-9508-5fdc8e14b417','3a0c421c-60a9-a76f-16f9-f3c6e4fa3661','{}','048143a0f6c54d278d532303240cf898'),('3a0d1654-1c25-a5c7-2f6d-1eaefe655446',NULL,'3a0c65e4-e5b1-f529-9508-5fdc8e14b417','3a0c8adf-5cf2-bf58-1407-bb458c8cb244','{}','250b6d68456c47fc8f4237175f22559b'),('3a0d1654-1c25-b1b6-9cab-367919b60760',NULL,'3a0c65e4-e5b1-f529-9508-5fdc8e14b417','3a0c8dbb-4f12-9d3e-7726-a6c5bf19a144','{}','f244a14442d94fe28878f34875d4b106'),('3a0d1654-1c25-c257-b543-81b9ce1b89d9',NULL,'3a0c65e4-e5b1-f529-9508-5fdc8e14b417','3a0c8d70-ba54-d956-fdf5-24cd9ac3872f','{}','059d00402c4841259716e23bbc85eaf9'),('3a0d1654-1c25-d2ac-64c3-cac1c4aa3463',NULL,'3a0c65e4-e5b1-f529-9508-5fdc8e14b417','3a0d1646-12c1-0235-aff7-7e0e4b3d16b3','{}','f383841167c1437fa29560208a7b5bd5'),('3a0d1654-1c25-d5dd-1e32-dc4d2eac8ebd',NULL,'3a0c65e4-e5b1-f529-9508-5fdc8e14b417','3a0c8ae0-0757-2788-f99c-d17368e7bb08','{}','ad85951b9f7a47308d732fa946ee4e23'),('3a0d1654-1c25-e69b-f693-b98457fcdf5a',NULL,'3a0c65e4-e5b1-f529-9508-5fdc8e14b417','3a0c887c-daff-ffae-bc60-babce28a20a5','{}','b4b082aace2f4574bfb0128d09581778'),('3a0d1654-1c25-e9bd-4a97-74ab76a6544e',NULL,'3a0c65e4-e5b1-f529-9508-5fdc8e14b417','3a0c8dbe-c751-346c-5d62-aef59661964d','{}','af471ac89413439987927703b702addf'),('3a0d1654-1c25-ef22-93b2-9370393c69de',NULL,'3a0c65e4-e5b1-f529-9508-5fdc8e14b417','3a0ce5fc-e2f3-aa6e-8b57-4016a1505e90','{}','49b7f7fca33049cfbe93aaa7dd8619dd');
/*!40000 ALTER TABLE `base_rolemenus` ENABLE KEYS */;
UNLOCK TABLES;

--
-- Table structure for table `sys_auditlogactions`
--

DROP TABLE IF EXISTS `sys_auditlogactions`;
/*!40101 SET @saved_cs_client     = @@character_set_client */;
/*!50503 SET character_set_client = utf8mb4 */;
CREATE TABLE `sys_auditlogactions` (
  `Id` char(36) CHARACTER SET ascii COLLATE ascii_general_ci NOT NULL,
  `TenantId` char(36) CHARACTER SET ascii COLLATE ascii_general_ci DEFAULT NULL,
  `AuditLogId` char(36) CHARACTER SET ascii COLLATE ascii_general_ci NOT NULL,
  `ServiceName` varchar(256) CHARACTER SET utf8mb4 COLLATE utf8mb4_0900_ai_ci DEFAULT NULL,
  `MethodName` varchar(128) CHARACTER SET utf8mb4 COLLATE utf8mb4_0900_ai_ci DEFAULT NULL,
  `Parameters` varchar(2000) CHARACTER SET utf8mb4 COLLATE utf8mb4_0900_ai_ci DEFAULT NULL,
  `ExecutionTime` datetime(6) NOT NULL,
  `ExecutionDuration` int NOT NULL,
  `ExtraProperties` longtext CHARACTER SET utf8mb4 COLLATE utf8mb4_0900_ai_ci,
  PRIMARY KEY (`Id`),
  KEY `IX_Sys_AuditLogActions_AuditLogId` (`AuditLogId`),
  KEY `IX_Sys_AuditLogActions_TenantId_ServiceName_MethodName_Executio~` (`TenantId`,`ServiceName`,`MethodName`,`ExecutionTime`),
  CONSTRAINT `FK_Sys_AuditLogActions_Sys_AuditLogs_AuditLogId` FOREIGN KEY (`AuditLogId`) REFERENCES `sys_auditlogs` (`Id`) ON DELETE CASCADE
) ENGINE=InnoDB DEFAULT CHARSET=utf8mb4 COLLATE=utf8mb4_0900_ai_ci;
/*!40101 SET character_set_client = @saved_cs_client */;

--
-- Dumping data for table `sys_auditlogactions`
--

LOCK TABLES `sys_auditlogactions` WRITE;
/*!40000 ALTER TABLE `sys_auditlogactions` DISABLE KEYS */;
/*!40000 ALTER TABLE `sys_auditlogactions` ENABLE KEYS */;
UNLOCK TABLES;

--
-- Table structure for table `sys_auditlogs`
--

DROP TABLE IF EXISTS `sys_auditlogs`;
/*!40101 SET @saved_cs_client     = @@character_set_client */;
/*!50503 SET character_set_client = utf8mb4 */;
CREATE TABLE `sys_auditlogs` (
  `Id` char(36) CHARACTER SET ascii COLLATE ascii_general_ci NOT NULL,
  `ApplicationName` varchar(96) CHARACTER SET utf8mb4 COLLATE utf8mb4_0900_ai_ci DEFAULT NULL,
  `UserId` char(36) CHARACTER SET ascii COLLATE ascii_general_ci DEFAULT NULL,
  `UserName` varchar(256) CHARACTER SET utf8mb4 COLLATE utf8mb4_0900_ai_ci DEFAULT NULL,
  `TenantId` char(36) CHARACTER SET ascii COLLATE ascii_general_ci DEFAULT NULL,
  `TenantName` varchar(64) CHARACTER SET utf8mb4 COLLATE utf8mb4_0900_ai_ci DEFAULT NULL,
  `ImpersonatorUserId` char(36) CHARACTER SET ascii COLLATE ascii_general_ci DEFAULT NULL,
  `ImpersonatorUserName` varchar(256) CHARACTER SET utf8mb4 COLLATE utf8mb4_0900_ai_ci DEFAULT NULL,
  `ImpersonatorTenantId` char(36) CHARACTER SET ascii COLLATE ascii_general_ci DEFAULT NULL,
  `ImpersonatorTenantName` varchar(64) CHARACTER SET utf8mb4 COLLATE utf8mb4_0900_ai_ci DEFAULT NULL,
  `ExecutionTime` datetime(6) NOT NULL,
  `ExecutionDuration` int NOT NULL,
  `ClientIpAddress` varchar(64) CHARACTER SET utf8mb4 COLLATE utf8mb4_0900_ai_ci DEFAULT NULL,
  `ClientName` varchar(128) CHARACTER SET utf8mb4 COLLATE utf8mb4_0900_ai_ci DEFAULT NULL,
  `ClientId` varchar(64) CHARACTER SET utf8mb4 COLLATE utf8mb4_0900_ai_ci DEFAULT NULL,
  `CorrelationId` varchar(64) CHARACTER SET utf8mb4 COLLATE utf8mb4_0900_ai_ci DEFAULT NULL,
  `BrowserInfo` varchar(512) CHARACTER SET utf8mb4 COLLATE utf8mb4_0900_ai_ci DEFAULT NULL,
  `HttpMethod` varchar(16) CHARACTER SET utf8mb4 COLLATE utf8mb4_0900_ai_ci DEFAULT NULL,
  `Url` varchar(256) CHARACTER SET utf8mb4 COLLATE utf8mb4_0900_ai_ci DEFAULT NULL,
  `Exceptions` longtext CHARACTER SET utf8mb4 COLLATE utf8mb4_0900_ai_ci,
  `Comments` varchar(256) CHARACTER SET utf8mb4 COLLATE utf8mb4_0900_ai_ci DEFAULT NULL,
  `HttpStatusCode` int DEFAULT NULL,
  `ExtraProperties` longtext CHARACTER SET utf8mb4 COLLATE utf8mb4_0900_ai_ci,
  `ConcurrencyStamp` varchar(40) CHARACTER SET utf8mb4 COLLATE utf8mb4_0900_ai_ci DEFAULT NULL,
  PRIMARY KEY (`Id`),
  KEY `IX_Sys_AuditLogs_TenantId_ExecutionTime` (`TenantId`,`ExecutionTime`),
  KEY `IX_Sys_AuditLogs_TenantId_UserId_ExecutionTime` (`TenantId`,`UserId`,`ExecutionTime`)
) ENGINE=InnoDB DEFAULT CHARSET=utf8mb4 COLLATE=utf8mb4_0900_ai_ci;
/*!40101 SET character_set_client = @saved_cs_client */;

--
-- Dumping data for table `sys_auditlogs`
--

LOCK TABLES `sys_auditlogs` WRITE;
/*!40000 ALTER TABLE `sys_auditlogs` DISABLE KEYS */;
/*!40000 ALTER TABLE `sys_auditlogs` ENABLE KEYS */;
UNLOCK TABLES;

--
-- Table structure for table `sys_claimtypes`
--

DROP TABLE IF EXISTS `sys_claimtypes`;
/*!40101 SET @saved_cs_client     = @@character_set_client */;
/*!50503 SET character_set_client = utf8mb4 */;
CREATE TABLE `sys_claimtypes` (
  `Id` char(36) CHARACTER SET ascii COLLATE ascii_general_ci NOT NULL,
  `Name` varchar(256) CHARACTER SET utf8mb4 COLLATE utf8mb4_0900_ai_ci NOT NULL,
  `Required` tinyint(1) NOT NULL,
  `IsStatic` tinyint(1) NOT NULL,
  `Regex` varchar(512) CHARACTER SET utf8mb4 COLLATE utf8mb4_0900_ai_ci DEFAULT NULL,
  `RegexDescription` varchar(128) CHARACTER SET utf8mb4 COLLATE utf8mb4_0900_ai_ci DEFAULT NULL,
  `Description` varchar(256) CHARACTER SET utf8mb4 COLLATE utf8mb4_0900_ai_ci DEFAULT NULL,
  `ValueType` int NOT NULL,
  `ExtraProperties` longtext CHARACTER SET utf8mb4 COLLATE utf8mb4_0900_ai_ci,
  `ConcurrencyStamp` varchar(40) CHARACTER SET utf8mb4 COLLATE utf8mb4_0900_ai_ci DEFAULT NULL,
  PRIMARY KEY (`Id`)
) ENGINE=InnoDB DEFAULT CHARSET=utf8mb4 COLLATE=utf8mb4_0900_ai_ci;
/*!40101 SET character_set_client = @saved_cs_client */;

--
-- Dumping data for table `sys_claimtypes`
--

LOCK TABLES `sys_claimtypes` WRITE;
/*!40000 ALTER TABLE `sys_claimtypes` DISABLE KEYS */;
/*!40000 ALTER TABLE `sys_claimtypes` ENABLE KEYS */;
UNLOCK TABLES;

--
-- Table structure for table `sys_entitychanges`
--

DROP TABLE IF EXISTS `sys_entitychanges`;
/*!40101 SET @saved_cs_client     = @@character_set_client */;
/*!50503 SET character_set_client = utf8mb4 */;
CREATE TABLE `sys_entitychanges` (
  `Id` char(36) CHARACTER SET ascii COLLATE ascii_general_ci NOT NULL,
  `AuditLogId` char(36) CHARACTER SET ascii COLLATE ascii_general_ci NOT NULL,
  `TenantId` char(36) CHARACTER SET ascii COLLATE ascii_general_ci DEFAULT NULL,
  `ChangeTime` datetime(6) NOT NULL,
  `ChangeType` tinyint unsigned NOT NULL,
  `EntityTenantId` char(36) CHARACTER SET ascii COLLATE ascii_general_ci DEFAULT NULL,
  `EntityId` varchar(128) CHARACTER SET utf8mb4 COLLATE utf8mb4_0900_ai_ci NOT NULL,
  `EntityTypeFullName` varchar(128) CHARACTER SET utf8mb4 COLLATE utf8mb4_0900_ai_ci NOT NULL,
  `ExtraProperties` longtext CHARACTER SET utf8mb4 COLLATE utf8mb4_0900_ai_ci,
  PRIMARY KEY (`Id`),
  KEY `IX_Sys_EntityChanges_AuditLogId` (`AuditLogId`),
  KEY `IX_Sys_EntityChanges_TenantId_EntityTypeFullName_EntityId` (`TenantId`,`EntityTypeFullName`,`EntityId`),
  CONSTRAINT `FK_Sys_EntityChanges_Sys_AuditLogs_AuditLogId` FOREIGN KEY (`AuditLogId`) REFERENCES `sys_auditlogs` (`Id`) ON DELETE CASCADE
) ENGINE=InnoDB DEFAULT CHARSET=utf8mb4 COLLATE=utf8mb4_0900_ai_ci;
/*!40101 SET character_set_client = @saved_cs_client */;

--
-- Dumping data for table `sys_entitychanges`
--

LOCK TABLES `sys_entitychanges` WRITE;
/*!40000 ALTER TABLE `sys_entitychanges` DISABLE KEYS */;
/*!40000 ALTER TABLE `sys_entitychanges` ENABLE KEYS */;
UNLOCK TABLES;

--
-- Table structure for table `sys_entitypropertychanges`
--

DROP TABLE IF EXISTS `sys_entitypropertychanges`;
/*!40101 SET @saved_cs_client     = @@character_set_client */;
/*!50503 SET character_set_client = utf8mb4 */;
CREATE TABLE `sys_entitypropertychanges` (
  `Id` char(36) CHARACTER SET ascii COLLATE ascii_general_ci NOT NULL,
  `TenantId` char(36) CHARACTER SET ascii COLLATE ascii_general_ci DEFAULT NULL,
  `EntityChangeId` char(36) CHARACTER SET ascii COLLATE ascii_general_ci NOT NULL,
  `NewValue` varchar(512) CHARACTER SET utf8mb4 COLLATE utf8mb4_0900_ai_ci DEFAULT NULL,
  `OriginalValue` varchar(512) CHARACTER SET utf8mb4 COLLATE utf8mb4_0900_ai_ci DEFAULT NULL,
  `PropertyName` varchar(128) CHARACTER SET utf8mb4 COLLATE utf8mb4_0900_ai_ci NOT NULL,
  `PropertyTypeFullName` varchar(64) CHARACTER SET utf8mb4 COLLATE utf8mb4_0900_ai_ci NOT NULL,
  PRIMARY KEY (`Id`),
  KEY `IX_Sys_EntityPropertyChanges_EntityChangeId` (`EntityChangeId`),
  CONSTRAINT `FK_Sys_EntityPropertyChanges_Sys_EntityChanges_EntityChangeId` FOREIGN KEY (`EntityChangeId`) REFERENCES `sys_entitychanges` (`Id`) ON DELETE CASCADE
) ENGINE=InnoDB DEFAULT CHARSET=utf8mb4 COLLATE=utf8mb4_0900_ai_ci;
/*!40101 SET character_set_client = @saved_cs_client */;

--
-- Dumping data for table `sys_entitypropertychanges`
--

LOCK TABLES `sys_entitypropertychanges` WRITE;
/*!40000 ALTER TABLE `sys_entitypropertychanges` DISABLE KEYS */;
/*!40000 ALTER TABLE `sys_entitypropertychanges` ENABLE KEYS */;
UNLOCK TABLES;

--
-- Table structure for table `sys_featuregroups`
--

DROP TABLE IF EXISTS `sys_featuregroups`;
/*!40101 SET @saved_cs_client     = @@character_set_client */;
/*!50503 SET character_set_client = utf8mb4 */;
CREATE TABLE `sys_featuregroups` (
  `Id` char(36) CHARACTER SET ascii COLLATE ascii_general_ci NOT NULL,
  `Name` varchar(128) CHARACTER SET utf8mb4 COLLATE utf8mb4_0900_ai_ci NOT NULL,
  `DisplayName` varchar(256) CHARACTER SET utf8mb4 COLLATE utf8mb4_0900_ai_ci NOT NULL,
  `ExtraProperties` longtext CHARACTER SET utf8mb4 COLLATE utf8mb4_0900_ai_ci,
  PRIMARY KEY (`Id`),
  UNIQUE KEY `IX_Sys_FeatureGroups_Name` (`Name`)
) ENGINE=InnoDB DEFAULT CHARSET=utf8mb4 COLLATE=utf8mb4_0900_ai_ci;
/*!40101 SET character_set_client = @saved_cs_client */;

--
-- Dumping data for table `sys_featuregroups`
--

LOCK TABLES `sys_featuregroups` WRITE;
/*!40000 ALTER TABLE `sys_featuregroups` DISABLE KEYS */;
INSERT INTO `sys_featuregroups` VALUES ('3a0c0384-0797-040d-f3ab-0d576cbbcec8','SettingManagement','L:AbpSettingManagement,Feature:SettingManagementGroup','{}');
/*!40000 ALTER TABLE `sys_featuregroups` ENABLE KEYS */;
UNLOCK TABLES;

--
-- Table structure for table `sys_features`
--

DROP TABLE IF EXISTS `sys_features`;
/*!40101 SET @saved_cs_client     = @@character_set_client */;
/*!50503 SET character_set_client = utf8mb4 */;
CREATE TABLE `sys_features` (
  `Id` char(36) CHARACTER SET ascii COLLATE ascii_general_ci NOT NULL,
  `GroupName` varchar(128) CHARACTER SET utf8mb4 COLLATE utf8mb4_0900_ai_ci NOT NULL,
  `Name` varchar(128) CHARACTER SET utf8mb4 COLLATE utf8mb4_0900_ai_ci NOT NULL,
  `ParentName` varchar(128) CHARACTER SET utf8mb4 COLLATE utf8mb4_0900_ai_ci DEFAULT NULL,
  `DisplayName` varchar(256) CHARACTER SET utf8mb4 COLLATE utf8mb4_0900_ai_ci NOT NULL,
  `Description` varchar(256) CHARACTER SET utf8mb4 COLLATE utf8mb4_0900_ai_ci DEFAULT NULL,
  `DefaultValue` varchar(256) CHARACTER SET utf8mb4 COLLATE utf8mb4_0900_ai_ci DEFAULT NULL,
  `IsVisibleToClients` tinyint(1) NOT NULL,
  `IsAvailableToHost` tinyint(1) NOT NULL,
  `AllowedProviders` varchar(256) CHARACTER SET utf8mb4 COLLATE utf8mb4_0900_ai_ci DEFAULT NULL,
  `ValueType` varchar(2048) CHARACTER SET utf8mb4 COLLATE utf8mb4_0900_ai_ci DEFAULT NULL,
  `ExtraProperties` longtext CHARACTER SET utf8mb4 COLLATE utf8mb4_0900_ai_ci,
  PRIMARY KEY (`Id`),
  UNIQUE KEY `IX_Sys_Features_Name` (`Name`),
  KEY `IX_Sys_Features_GroupName` (`GroupName`)
) ENGINE=InnoDB DEFAULT CHARSET=utf8mb4 COLLATE=utf8mb4_0900_ai_ci;
/*!40101 SET character_set_client = @saved_cs_client */;

--
-- Dumping data for table `sys_features`
--

LOCK TABLES `sys_features` WRITE;
/*!40000 ALTER TABLE `sys_features` DISABLE KEYS */;
INSERT INTO `sys_features` VALUES ('3a0c0384-0799-f41d-802c-83d2f4972fdd','SettingManagement','SettingManagement.Enable',NULL,'L:AbpSettingManagement,Feature:SettingManagementEnable','L:AbpSettingManagement,Feature:SettingManagementEnableDescription','true',1,0,NULL,'{\"name\":\"ToggleStringValueType\",\"properties\":{},\"validator\":{\"name\":\"BOOLEAN\",\"properties\":{}}}','{}'),('3a0c0384-07a4-6cf0-3170-a0ac9c3abd9c','SettingManagement','SettingManagement.AllowChangingEmailSettings','SettingManagement.Enable','L:AbpSettingManagement,Feature:AllowChangingEmailSettings',NULL,'false',1,0,NULL,'{\"name\":\"ToggleStringValueType\",\"properties\":{},\"validator\":{\"name\":\"BOOLEAN\",\"properties\":{}}}','{}');
/*!40000 ALTER TABLE `sys_features` ENABLE KEYS */;
UNLOCK TABLES;

--
-- Table structure for table `sys_featurevalues`
--

DROP TABLE IF EXISTS `sys_featurevalues`;
/*!40101 SET @saved_cs_client     = @@character_set_client */;
/*!50503 SET character_set_client = utf8mb4 */;
CREATE TABLE `sys_featurevalues` (
  `Id` char(36) CHARACTER SET ascii COLLATE ascii_general_ci NOT NULL,
  `Name` varchar(128) CHARACTER SET utf8mb4 COLLATE utf8mb4_0900_ai_ci NOT NULL,
  `Value` varchar(128) CHARACTER SET utf8mb4 COLLATE utf8mb4_0900_ai_ci NOT NULL,
  `ProviderName` varchar(64) CHARACTER SET utf8mb4 COLLATE utf8mb4_0900_ai_ci DEFAULT NULL,
  `ProviderKey` varchar(64) CHARACTER SET utf8mb4 COLLATE utf8mb4_0900_ai_ci DEFAULT NULL,
  PRIMARY KEY (`Id`),
  UNIQUE KEY `IX_Sys_FeatureValues_Name_ProviderName_ProviderKey` (`Name`,`ProviderName`,`ProviderKey`)
) ENGINE=InnoDB DEFAULT CHARSET=utf8mb4 COLLATE=utf8mb4_0900_ai_ci;
/*!40101 SET character_set_client = @saved_cs_client */;

--
-- Dumping data for table `sys_featurevalues`
--

LOCK TABLES `sys_featurevalues` WRITE;
/*!40000 ALTER TABLE `sys_featurevalues` DISABLE KEYS */;
/*!40000 ALTER TABLE `sys_featurevalues` ENABLE KEYS */;
UNLOCK TABLES;

--
-- Table structure for table `sys_linkusers`
--

DROP TABLE IF EXISTS `sys_linkusers`;
/*!40101 SET @saved_cs_client     = @@character_set_client */;
/*!50503 SET character_set_client = utf8mb4 */;
CREATE TABLE `sys_linkusers` (
  `Id` char(36) CHARACTER SET ascii COLLATE ascii_general_ci NOT NULL,
  `SourceUserId` char(36) CHARACTER SET ascii COLLATE ascii_general_ci NOT NULL,
  `SourceTenantId` char(36) CHARACTER SET ascii COLLATE ascii_general_ci DEFAULT NULL,
  `TargetUserId` char(36) CHARACTER SET ascii COLLATE ascii_general_ci NOT NULL,
  `TargetTenantId` char(36) CHARACTER SET ascii COLLATE ascii_general_ci DEFAULT NULL,
  PRIMARY KEY (`Id`),
  UNIQUE KEY `IX_Sys_LinkUsers_SourceUserId_SourceTenantId_TargetUserId_Targe~` (`SourceUserId`,`SourceTenantId`,`TargetUserId`,`TargetTenantId`)
) ENGINE=InnoDB DEFAULT CHARSET=utf8mb4 COLLATE=utf8mb4_0900_ai_ci;
/*!40101 SET character_set_client = @saved_cs_client */;

--
-- Dumping data for table `sys_linkusers`
--

LOCK TABLES `sys_linkusers` WRITE;
/*!40000 ALTER TABLE `sys_linkusers` DISABLE KEYS */;
/*!40000 ALTER TABLE `sys_linkusers` ENABLE KEYS */;
UNLOCK TABLES;

--
-- Table structure for table `sys_organizationunitroles`
--

DROP TABLE IF EXISTS `sys_organizationunitroles`;
/*!40101 SET @saved_cs_client     = @@character_set_client */;
/*!50503 SET character_set_client = utf8mb4 */;
CREATE TABLE `sys_organizationunitroles` (
  `RoleId` char(36) CHARACTER SET ascii COLLATE ascii_general_ci NOT NULL,
  `OrganizationUnitId` char(36) CHARACTER SET ascii COLLATE ascii_general_ci NOT NULL,
  `TenantId` char(36) CHARACTER SET ascii COLLATE ascii_general_ci DEFAULT NULL,
  `CreationTime` datetime(6) NOT NULL,
  `CreatorId` char(36) CHARACTER SET ascii COLLATE ascii_general_ci DEFAULT NULL,
  PRIMARY KEY (`OrganizationUnitId`,`RoleId`),
  KEY `IX_Sys_OrganizationUnitRoles_RoleId_OrganizationUnitId` (`RoleId`,`OrganizationUnitId`),
  CONSTRAINT `FK_Sys_OrganizationUnitRoles_Sys_OrganizationUnits_Organization~` FOREIGN KEY (`OrganizationUnitId`) REFERENCES `sys_organizationunits` (`Id`) ON DELETE CASCADE,
  CONSTRAINT `FK_Sys_OrganizationUnitRoles_Sys_Roles_RoleId` FOREIGN KEY (`RoleId`) REFERENCES `sys_roles` (`Id`) ON DELETE CASCADE
) ENGINE=InnoDB DEFAULT CHARSET=utf8mb4 COLLATE=utf8mb4_0900_ai_ci;
/*!40101 SET character_set_client = @saved_cs_client */;

--
-- Dumping data for table `sys_organizationunitroles`
--

LOCK TABLES `sys_organizationunitroles` WRITE;
/*!40000 ALTER TABLE `sys_organizationunitroles` DISABLE KEYS */;
INSERT INTO `sys_organizationunitroles` VALUES ('3a0c65e4-e5b1-f529-9508-5fdc8e14b417','3a0cb953-6944-c035-c1e7-27e663e9e684',NULL,'2023-07-31 21:30:42.476309','3a0c0381-2b83-5125-2df8-9f50c0e3d11a'),('3a0c65e4-e5b1-f529-9508-5fdc8e14b417','3a0cb95f-8739-44cd-8e70-84e6cf3fc6ae',NULL,'2023-08-09 15:13:44.188623','3a0c0381-2b83-5125-2df8-9f50c0e3d11a'),('3a0ce30c-3017-e5f6-253f-68da43b06cc8','3a0ce58b-3ee6-9fcc-d4f6-a34f230281c4','3a0ce30c-2fa1-eb65-6c0e-29bf1daadab4','2023-08-08 13:03:19.856671','3a0ce30c-2fb5-b847-8888-e87eafba8828');
/*!40000 ALTER TABLE `sys_organizationunitroles` ENABLE KEYS */;
UNLOCK TABLES;

--
-- Table structure for table `sys_organizationunits`
--

DROP TABLE IF EXISTS `sys_organizationunits`;
/*!40101 SET @saved_cs_client     = @@character_set_client */;
/*!50503 SET character_set_client = utf8mb4 */;
CREATE TABLE `sys_organizationunits` (
  `Id` char(36) CHARACTER SET ascii COLLATE ascii_general_ci NOT NULL,
  `TenantId` char(36) CHARACTER SET ascii COLLATE ascii_general_ci DEFAULT NULL,
  `ParentId` char(36) CHARACTER SET ascii COLLATE ascii_general_ci DEFAULT NULL,
  `Code` varchar(95) CHARACTER SET utf8mb4 COLLATE utf8mb4_0900_ai_ci NOT NULL,
  `DisplayName` varchar(128) CHARACTER SET utf8mb4 COLLATE utf8mb4_0900_ai_ci NOT NULL,
  `EntityVersion` int NOT NULL,
  `ExtraProperties` longtext CHARACTER SET utf8mb4 COLLATE utf8mb4_0900_ai_ci,
  `ConcurrencyStamp` varchar(40) CHARACTER SET utf8mb4 COLLATE utf8mb4_0900_ai_ci DEFAULT NULL,
  `CreationTime` datetime(6) NOT NULL,
  `CreatorId` char(36) CHARACTER SET ascii COLLATE ascii_general_ci DEFAULT NULL,
  `LastModificationTime` datetime(6) DEFAULT NULL,
  `LastModifierId` char(36) CHARACTER SET ascii COLLATE ascii_general_ci DEFAULT NULL,
  `IsDeleted` tinyint(1) NOT NULL DEFAULT '0',
  `DeleterId` char(36) CHARACTER SET ascii COLLATE ascii_general_ci DEFAULT NULL,
  `DeletionTime` datetime(6) DEFAULT NULL,
  PRIMARY KEY (`Id`),
  KEY `IX_Sys_OrganizationUnits_Code` (`Code`),
  KEY `IX_Sys_OrganizationUnits_ParentId` (`ParentId`),
  CONSTRAINT `FK_Sys_OrganizationUnits_Sys_OrganizationUnits_ParentId` FOREIGN KEY (`ParentId`) REFERENCES `sys_organizationunits` (`Id`)
) ENGINE=InnoDB DEFAULT CHARSET=utf8mb4 COLLATE=utf8mb4_0900_ai_ci;
/*!40101 SET character_set_client = @saved_cs_client */;

--
-- Dumping data for table `sys_organizationunits`
--

LOCK TABLES `sys_organizationunits` WRITE;
/*!40000 ALTER TABLE `sys_organizationunits` DISABLE KEYS */;
INSERT INTO `sys_organizationunits` VALUES ('3a0cb953-6944-c035-c1e7-27e663e9e684',NULL,NULL,'00001','华南子公司',0,'{}','b44e496781fa4bacaead7f06a1b90a3b','2023-07-30 22:14:30.033188','3a0c0381-2b83-5125-2df8-9f50c0e3d11a',NULL,NULL,0,NULL,NULL),('3a0cb954-280f-c290-98cf-a9cf8699749f',NULL,NULL,'00002','华北子公司',0,'{}','c3885b0b60e34943acdbd53704e9cb1c','2023-07-30 22:15:18.801221','3a0c0381-2b83-5125-2df8-9f50c0e3d11a',NULL,NULL,0,NULL,NULL),('3a0cb955-0dae-5738-620f-1a427480e705',NULL,'3a0cb953-6944-c035-c1e7-27e663e9e684','00001.00001','南颂集团',0,'{}','b4f66297ce054c41be4602ebcf5afa60','2023-07-30 22:16:17.583192','3a0c0381-2b83-5125-2df8-9f50c0e3d11a',NULL,NULL,0,NULL,NULL),('3a0cb95f-8739-44cd-8e70-84e6cf3fc6ae',NULL,'3a0cb953-6944-c035-c1e7-27e663e9e684','00001.00002','南正集团',0,'{}','2f02cdd013584363a52e353df686363e','2023-07-30 22:27:44.058112','3a0c0381-2b83-5125-2df8-9f50c0e3d11a',NULL,NULL,0,NULL,NULL),('3a0cb963-263f-7eae-fc6c-47d7ce746ddf',NULL,'3a0cb954-280f-c290-98cf-a9cf8699749f','00002.00001','北冥集团',0,'{}','756ba114cfce438c9f879d2d122a910b','2023-07-30 22:31:41.375343','3a0c0381-2b83-5125-2df8-9f50c0e3d11a',NULL,NULL,0,NULL,NULL),('3a0cc6b9-4638-259a-670a-ce3135ffb560',NULL,NULL,'00003','华东子公司',1,'{}','68b9aadbf96943bcabd769e5487a412e','2023-08-02 12:40:49.490997','3a0c0381-2b83-5125-2df8-9f50c0e3d11a','2023-08-02 13:03:32.606267','3a0c0381-2b83-5125-2df8-9f50c0e3d11a',1,'3a0c0381-2b83-5125-2df8-9f50c0e3d11a','2023-08-02 13:03:32.604666'),('3a0cc6bb-7b12-93d1-b364-c3fe5eafb987',NULL,NULL,'00004','AA',1,'{}','815c8e91293542cd9cabc9169f2604cd','2023-08-02 12:43:14.066866','3a0c0381-2b83-5125-2df8-9f50c0e3d11a','2023-08-02 13:01:57.816987','3a0c0381-2b83-5125-2df8-9f50c0e3d11a',1,'3a0c0381-2b83-5125-2df8-9f50c0e3d11a','2023-08-02 13:01:57.811642'),('3a0cc6bb-e325-6b6f-647d-d95620573166',NULL,'3a0cc6b9-4638-259a-670a-ce3135ffb560','00003.00001','东东集团',2,'{}','d422ed037e604b5a96c9c58f55e578bc','2023-08-02 12:43:40.710152','3a0c0381-2b83-5125-2df8-9f50c0e3d11a','2023-08-02 13:03:32.606354','3a0c0381-2b83-5125-2df8-9f50c0e3d11a',1,'3a0c0381-2b83-5125-2df8-9f50c0e3d11a','2023-08-02 13:03:32.589962'),('3a0ce58b-3ee6-9fcc-d4f6-a34f230281c4','3a0ce30c-2fa1-eb65-6c0e-29bf1daadab4',NULL,'00001','ZYZ组织',0,'{}','234c7a733ec14feb8902e67a6373d31f','2023-08-08 12:18:46.657724','3a0ce30c-2fb5-b847-8888-e87eafba8828',NULL,NULL,0,NULL,NULL),('3a0ce58b-b3a0-e05c-3a8b-5ba53038d13a','3a0ce30c-2fa1-eb65-6c0e-29bf1daadab4','3a0ce58b-3ee6-9fcc-d4f6-a34f230281c4','00001.00001','ZYZ组织01',0,'{}','906ce54a47404b8da3c8a6009a243917','2023-08-08 12:19:16.513773','3a0ce30c-2fb5-b847-8888-e87eafba8828',NULL,NULL,0,NULL,NULL),('3a0ce5b4-50d5-e445-5a03-6c72d7ee0253','3a0ce30c-2fa1-eb65-6c0e-29bf1daadab4',NULL,'00002','统一',1,'{}','0f41c0bd9ea74c04aece1afe5f806bb2','2023-08-08 13:03:38.200395','3a0ce30c-2fb5-b847-8888-e87eafba8828','2023-08-08 13:03:55.829999','3a0ce30c-2fb5-b847-8888-e87eafba8828',1,'3a0ce30c-2fb5-b847-8888-e87eafba8828','2023-08-08 13:03:55.824076'),('3a0ce5b5-1e21-ae52-bc8f-c720ea785bd6',NULL,NULL,'00003','Test',1,'{}','8669c42900e844ddb705d857f117d9bb','2023-08-08 13:04:30.754619','3a0c0381-2b83-5125-2df8-9f50c0e3d11a','2023-08-08 13:04:53.265716','3a0c0381-2b83-5125-2df8-9f50c0e3d11a',1,'3a0c0381-2b83-5125-2df8-9f50c0e3d11a','2023-08-08 13:04:53.264082');
/*!40000 ALTER TABLE `sys_organizationunits` ENABLE KEYS */;
UNLOCK TABLES;

--
-- Table structure for table `sys_permissiongrants`
--

DROP TABLE IF EXISTS `sys_permissiongrants`;
/*!40101 SET @saved_cs_client     = @@character_set_client */;
/*!50503 SET character_set_client = utf8mb4 */;
CREATE TABLE `sys_permissiongrants` (
  `Id` char(36) CHARACTER SET ascii COLLATE ascii_general_ci NOT NULL,
  `TenantId` char(36) CHARACTER SET ascii COLLATE ascii_general_ci DEFAULT NULL,
  `Name` varchar(128) CHARACTER SET utf8mb4 COLLATE utf8mb4_0900_ai_ci NOT NULL,
  `ProviderName` varchar(64) CHARACTER SET utf8mb4 COLLATE utf8mb4_0900_ai_ci NOT NULL,
  `ProviderKey` varchar(64) CHARACTER SET utf8mb4 COLLATE utf8mb4_0900_ai_ci NOT NULL,
  PRIMARY KEY (`Id`),
  UNIQUE KEY `IX_Sys_PermissionGrants_TenantId_Name_ProviderName_ProviderKey` (`TenantId`,`Name`,`ProviderName`,`ProviderKey`)
) ENGINE=InnoDB DEFAULT CHARSET=utf8mb4 COLLATE=utf8mb4_0900_ai_ci;
/*!40101 SET character_set_client = @saved_cs_client */;

--
-- Dumping data for table `sys_permissiongrants`
--

LOCK TABLES `sys_permissiongrants` WRITE;
/*!40000 ALTER TABLE `sys_permissiongrants` DISABLE KEYS */;
INSERT INTO `sys_permissiongrants` VALUES ('3a0c8aa8-db95-3acd-2156-c6be68aab960',NULL,'AbpIdentity.Roles','R','admin'),('3a0ceb53-a4fa-7bcd-515e-715930ecc9b9',NULL,'AbpIdentity.Roles','R','工作人员'),('3a0c0381-3199-224e-dadb-dcadb4b6df2f',NULL,'AbpIdentity.Roles.Create','R','admin'),('3a0ceb53-a500-093b-f483-d6b685664918',NULL,'AbpIdentity.Roles.Create','R','工作人员'),('3a0c0381-319a-303a-d914-e989003c35ea',NULL,'AbpIdentity.Roles.Delete','R','admin'),('3a0ceb53-a50e-95fe-9f82-4586290620df',NULL,'AbpIdentity.Roles.Delete','R','工作人员'),('3a0c0381-319a-8c77-1649-226d29f23de1',NULL,'AbpIdentity.Roles.ManagePermissions','R','admin'),('3a0ceb53-a4f0-5867-e67c-4a976b898a37',NULL,'AbpIdentity.Roles.ManagePermissions','R','工作人员'),('3a0c0381-319a-2558-8331-0fce4026fb55',NULL,'AbpIdentity.Roles.Update','R','admin'),('3a0ceb53-a509-1320-86cc-faa181906bbc',NULL,'AbpIdentity.Roles.Update','R','工作人员'),('3a0c8aa7-e9f1-116e-79ad-a31cda6dbeb3',NULL,'AbpIdentity.Users','R','admin'),('3a0ceb53-a4f7-a15c-e86e-b24175350211',NULL,'AbpIdentity.Users','R','工作人员'),('3a0c0381-319a-851b-4da5-8736ad756f74',NULL,'AbpIdentity.Users.Create','R','admin'),('3a0ceb53-a502-49b4-e495-48c5d65a929d',NULL,'AbpIdentity.Users.Create','R','工作人员'),('3a0c0381-319b-24a4-02b0-36d798fc5a28',NULL,'AbpIdentity.Users.Delete','R','admin'),('3a0ceb53-a512-7351-83d6-e52685760b4c',NULL,'AbpIdentity.Users.Delete','R','工作人员'),('3a0c0381-319b-9a19-f702-7fa238ff4c29',NULL,'AbpIdentity.Users.ManagePermissions','R','admin'),('3a0ceb53-a4ec-7906-5dc6-17c2ae094071',NULL,'AbpIdentity.Users.ManagePermissions','R','工作人员'),('3a0c0381-319b-4a4a-14c9-b20c5d3e2c32',NULL,'AbpIdentity.Users.Update','R','admin'),('3a0ceb53-a507-6fe7-7db9-82160eceda96',NULL,'AbpIdentity.Users.Update','R','工作人员'),('3a0c0381-319b-8d40-b1cb-d6489b3a0a8e',NULL,'AbpTenantManagement.Tenants','R','admin'),('3a0c0381-319b-6e1b-b580-642b4acf9560',NULL,'AbpTenantManagement.Tenants.Create','R','admin'),('3a0c0381-319b-5119-43a1-3df9a0f704e1',NULL,'AbpTenantManagement.Tenants.Delete','R','admin'),('3a0c0381-319c-40db-ba59-b096958a75ac',NULL,'AbpTenantManagement.Tenants.ManageConnectionStrings','R','admin'),('3a0c0381-319c-0757-367d-1eef5ab26ba6',NULL,'AbpTenantManagement.Tenants.ManageFeatures','R','admin'),('3a0c0381-319b-564d-2c13-df38aacf1a02',NULL,'AbpTenantManagement.Tenants.Update','R','admin'),('3a0ce6c4-6a50-aaa2-80ef-6ce79ee76bf0',NULL,'BaseService.AuditLogging','R','admin'),('3a0ceb53-a4fd-2f48-d25e-68f647cab1e4',NULL,'BaseService.AuditLogging','R','工作人员'),('3a0c8d98-48b2-a314-26cf-b869fd408564',NULL,'BaseService.Homes','R','admin'),('3a0c8d95-f3ee-4097-1538-19af9af360c5',NULL,'BaseService.Homes','R','工作人员'),('3a0cbcc8-5e29-79d5-0182-ab487d6b04af',NULL,'BaseService.Homes','R','销售人员'),('3a0c41a3-9694-15c5-2621-8ddf2a40c7e2',NULL,'BaseService.Menus','C','BaseServiceSwaggerClient'),('3a0c8aac-1a4e-4da7-ea8f-bdaa17494748',NULL,'BaseService.Menus','R','admin'),('3a0c8a42-227e-8dfa-c921-dc7bf2f991dd',NULL,'BaseService.Menus','R','工作人员'),('3a0c420c-c779-3ebe-e848-829006a549d5',NULL,'BaseService.Menus.Create','C','BaseServiceSwaggerClient'),('3a0c420b-e3aa-924b-fc2d-1647fe90e987',NULL,'BaseService.Menus.Create','R','admin'),('3a0c8a42-227f-37fc-7570-14f8bed61bdf',NULL,'BaseService.Menus.Create','R','工作人员'),('3a0c420c-eb72-e3c7-f028-0d7010eda7bc',NULL,'BaseService.Menus.Delete','C','BaseServiceSwaggerClient'),('3a0c8acb-33a3-b2fa-c162-26081e13379b',NULL,'BaseService.Menus.Delete','R','admin'),('3a0c8d95-f3ff-0ba9-30c8-52ee9e8a704c',NULL,'BaseService.Menus.Delete','R','工作人员'),('3a0c420c-dc26-b4e7-ca95-b3a4d669f8e4',NULL,'BaseService.Menus.Update','C','BaseServiceSwaggerClient'),('3a0c8aca-5aad-cfe4-5ffc-1ac05ea177c6',NULL,'BaseService.Menus.Update','R','admin'),('3a0c8d95-f3f9-733c-7e46-08bd92e25d88',NULL,'BaseService.Menus.Update','R','工作人员'),('3a0cb7f7-1464-ef67-93fa-a092734311db',NULL,'BaseService.OrganizationUnits','R','admin'),('3a0cb94b-338c-6ce1-1796-a78ab56ccc44',NULL,'BaseService.OrganizationUnits.Create','R','admin'),('3a0cb94b-3399-9e76-96d6-5d0d9e45bab7',NULL,'BaseService.OrganizationUnits.Delete','R','admin'),('3a0cb7f7-1471-80d0-81e1-69024d38caed',NULL,'BaseService.OrganizationUnits.ManagingRole','R','admin'),('3a0cb7f7-146b-de6d-699b-b139f6b90ad3',NULL,'BaseService.OrganizationUnits.ManagingUser','R','admin'),('3a0cb94b-3393-d1b1-a70a-9751987f7056',NULL,'BaseService.OrganizationUnits.Update','R','admin'),('3a0c41b3-e621-7783-709e-382fb42c5d3f',NULL,'BaseService.RoleMenus','C','BaseServiceSwaggerClient'),('3a0c41cb-42a1-7d8c-2d95-3befa1d25620',NULL,'BaseService.RoleMenus','C','WebBmClient'),('3a0c8aac-d8d4-ee35-bc08-f096501e8f0e',NULL,'BaseService.RoleMenus','R','admin'),('3a0c89fd-6f6f-9819-cc47-db6f78fcec75',NULL,'BaseService.RoleMenus.Create','R','admin'),('3a0c8a42-2283-b34f-f9ab-e8d25eb3b1dd',NULL,'BaseService.RoleMenus.Create','R','工作人员'),('3a0c8a41-ca96-0d19-2243-1043ce2a841f',NULL,'BaseService.RoleMenus.Create','R','销售人员'),('3a0c8acb-7bc2-05b9-73b8-c9d90b2f662e',NULL,'BaseService.RoleMenus.Delete','R','admin'),('3a0c89fd-13b6-9e3d-593a-c92bdafd4dc0',NULL,'BaseService.RoleMenus.Update','R','admin'),('3a0c8a42-2281-2481-1488-df1d78963c2a',NULL,'BaseService.RoleMenus.Update','R','工作人员'),('3a0c8a41-ca94-79a1-55f8-c7adcd01d7e0',NULL,'BaseService.RoleMenus.Update','R','销售人员'),('3a0d1653-b769-fffd-d82f-e587c4da0711',NULL,'BaseService.SecurityLog','R','admin'),('3a0d1654-1ba0-64ea-f0a4-aa6e3d10cf3a',NULL,'BaseService.SecurityLog','R','工作人员'),('3a0c0381-319b-3d32-14a8-df766a693649',NULL,'FeatureManagement.ManageHostFeatures','R','admin'),('3a0c8a42-2272-42bb-7969-e36b825033f3',NULL,'FeatureManagement.ManageHostFeatures','R','工作人员'),('3a0c8a41-ca77-f73d-d570-9a5790ad5b04',NULL,'FeatureManagement.ManageHostFeatures','R','销售人员'),('3a0cd195-bc87-4aee-b26c-f62ab50526eb',NULL,'FormManagement.Form','R','admin'),('3a0ceb53-da9e-5319-4cb5-c648e81e4588',NULL,'FormManagement.Form','R','销售人员'),('3a0ce6c3-f38b-b2d9-123b-1e7835659f52',NULL,'FormManagement.Form.Create','R','admin'),('3a0ceb53-daa6-30dd-c50e-23405c41851c',NULL,'FormManagement.Form.Create','R','销售人员'),('3a0ce6c3-f399-bde6-c970-1e8988c50ec3',NULL,'FormManagement.Form.Delete','R','admin'),('3a0ceb53-dab5-07e8-d9b4-edb17088b73d',NULL,'FormManagement.Form.Delete','R','销售人员'),('3a0ce6c3-f393-1512-bc65-8d1999ccff7c',NULL,'FormManagement.Form.Update','R','admin'),('3a0ceb53-daad-b5ee-58e6-1854be828d84',NULL,'FormManagement.Form.Update','R','销售人员'),('3a0c0381-319b-68e8-5325-207a6a2831d6',NULL,'SettingManagement.Emailing','R','admin'),('3a0c8a42-2273-75bf-e118-b17208822072',NULL,'SettingManagement.Emailing','R','工作人员'),('3a0c8a41-ca79-e5f2-b3f8-f6b759e94959',NULL,'SettingManagement.Emailing','R','销售人员'),('3a0c0381-319b-eac5-a23e-c889f76cd815',NULL,'SettingManagement.Emailing.Test','R','admin'),('3a0c8a42-2274-7d14-7cc8-38fa7c8746b4',NULL,'SettingManagement.Emailing.Test','R','工作人员'),('3a0c8a41-ca7c-4732-6e16-a020fe8de0da',NULL,'SettingManagement.Emailing.Test','R','销售人员'),('3a0ce30c-302f-9927-bf56-1c114b9836aa','3a0ce30c-2fa1-eb65-6c0e-29bf1daadab4','AbpIdentity.Roles','R','admin'),('3a0ce30c-3030-5689-9c2a-1512ce8c6833','3a0ce30c-2fa1-eb65-6c0e-29bf1daadab4','AbpIdentity.Roles.Create','R','admin'),('3a0ce30c-3030-90b1-79ca-c4c59a1f28b2','3a0ce30c-2fa1-eb65-6c0e-29bf1daadab4','AbpIdentity.Roles.Delete','R','admin'),('3a0ce30c-3030-7b06-a096-d4723388b350','3a0ce30c-2fa1-eb65-6c0e-29bf1daadab4','AbpIdentity.Roles.ManagePermissions','R','admin'),('3a0ce30c-3030-8893-12ec-9d2a4f2f4c2f','3a0ce30c-2fa1-eb65-6c0e-29bf1daadab4','AbpIdentity.Roles.Update','R','admin'),('3a0ce30c-3030-bcb1-0ece-9a11ed8ed6ff','3a0ce30c-2fa1-eb65-6c0e-29bf1daadab4','AbpIdentity.Users','R','admin'),('3a0ce30c-3031-1353-ad8a-31531e6e6cae','3a0ce30c-2fa1-eb65-6c0e-29bf1daadab4','AbpIdentity.Users.Create','R','admin'),('3a0ce30c-3031-2b4f-1033-49619c615fc1','3a0ce30c-2fa1-eb65-6c0e-29bf1daadab4','AbpIdentity.Users.Delete','R','admin'),('3a0ce30c-3031-76f6-fe72-365ffeb5d0e0','3a0ce30c-2fa1-eb65-6c0e-29bf1daadab4','AbpIdentity.Users.ManagePermissions','R','admin'),('3a0ce30c-3031-af32-dfd4-ca8363c19f46','3a0ce30c-2fa1-eb65-6c0e-29bf1daadab4','AbpIdentity.Users.Update','R','admin'),('3a0ce30c-3032-8426-cb72-f62949907162','3a0ce30c-2fa1-eb65-6c0e-29bf1daadab4','BaseService.Homes','R','admin'),('3a0ce5b6-cc84-c49c-db67-9575349d2ab5','3a0ce30c-2fa1-eb65-6c0e-29bf1daadab4','BaseService.Homes','R','测试人员'),('3a0ce30c-3032-27e7-b51d-8b0d6ab403f0','3a0ce30c-2fa1-eb65-6c0e-29bf1daadab4','BaseService.Menus','R','admin'),('3a0ce30c-3032-c26c-ba4a-b36a76aa07cf','3a0ce30c-2fa1-eb65-6c0e-29bf1daadab4','BaseService.Menus.Create','R','admin'),('3a0ce30c-3032-3840-2c21-b5d00f517981','3a0ce30c-2fa1-eb65-6c0e-29bf1daadab4','BaseService.Menus.Delete','R','admin'),('3a0ce30c-3032-66b6-49ae-5cd460f677dd','3a0ce30c-2fa1-eb65-6c0e-29bf1daadab4','BaseService.Menus.Update','R','admin'),('3a0ce30c-3033-3b6f-1bc0-2de9fc614c44','3a0ce30c-2fa1-eb65-6c0e-29bf1daadab4','BaseService.OrganizationUnits','R','admin'),('3a0ce30c-3033-5daa-abda-9baacf611c2e','3a0ce30c-2fa1-eb65-6c0e-29bf1daadab4','BaseService.OrganizationUnits.Create','R','admin'),('3a0ce30c-3033-a711-cbf1-ce66a39dee99','3a0ce30c-2fa1-eb65-6c0e-29bf1daadab4','BaseService.OrganizationUnits.Delete','R','admin'),('3a0ce30c-3034-f40b-c344-81d41c44e756','3a0ce30c-2fa1-eb65-6c0e-29bf1daadab4','BaseService.OrganizationUnits.ManagingRole','R','admin'),('3a0ce30c-3033-3e3e-35d9-828f84c74f38','3a0ce30c-2fa1-eb65-6c0e-29bf1daadab4','BaseService.OrganizationUnits.ManagingUser','R','admin'),('3a0ce30c-3033-6fcd-14ff-934d4500008b','3a0ce30c-2fa1-eb65-6c0e-29bf1daadab4','BaseService.OrganizationUnits.Update','R','admin'),('3a0ce30c-3032-f560-64ae-a9910d84fbd7','3a0ce30c-2fa1-eb65-6c0e-29bf1daadab4','BaseService.RoleMenus','R','admin'),('3a0ce30c-3033-47d2-cab1-2a86b7b03a71','3a0ce30c-2fa1-eb65-6c0e-29bf1daadab4','BaseService.RoleMenus.Create','R','admin'),('3a0ce30c-3033-46e7-3002-225addd45058','3a0ce30c-2fa1-eb65-6c0e-29bf1daadab4','BaseService.RoleMenus.Delete','R','admin'),('3a0ce30c-3032-348f-d4fc-4d1060e1d261','3a0ce30c-2fa1-eb65-6c0e-29bf1daadab4','BaseService.RoleMenus.Update','R','admin'),('3a0ce30c-3036-09c0-818a-ea246559f58e','3a0ce30c-2fa1-eb65-6c0e-29bf1daadab4','FormManagement.Form','R','admin'),('3a0ce5b6-cc8c-cd22-3e10-435efa44b705','3a0ce30c-2fa1-eb65-6c0e-29bf1daadab4','FormManagement.Form','R','测试人员'),('3a0ce30c-3037-dc4d-d27b-483fed3dd83e','3a0ce30c-2fa1-eb65-6c0e-29bf1daadab4','FormManagement.Form.Create','R','admin'),('3a0ce5b6-cc95-c015-e9a4-9d3f965a1cab','3a0ce30c-2fa1-eb65-6c0e-29bf1daadab4','FormManagement.Form.Create','R','测试人员'),('3a0ce30c-3037-bc6a-e9d1-a42fd4841fe8','3a0ce30c-2fa1-eb65-6c0e-29bf1daadab4','FormManagement.Form.Delete','R','admin'),('3a0ce5b6-cc9e-f3c0-3cea-380689d9101c','3a0ce30c-2fa1-eb65-6c0e-29bf1daadab4','FormManagement.Form.Delete','R','测试人员'),('3a0ce30c-3036-89d9-5d2a-6701e56823ec','3a0ce30c-2fa1-eb65-6c0e-29bf1daadab4','FormManagement.Form.Update','R','admin'),('3a0ce5b6-cc99-fd5f-7e53-64d2348c1856','3a0ce30c-2fa1-eb65-6c0e-29bf1daadab4','FormManagement.Form.Update','R','测试人员'),('3a0ce30c-3031-6283-9e64-2798db4a9873','3a0ce30c-2fa1-eb65-6c0e-29bf1daadab4','SettingManagement.Emailing','R','admin'),('3a0ce30c-3031-c96c-c180-ebf14ac89e1f','3a0ce30c-2fa1-eb65-6c0e-29bf1daadab4','SettingManagement.Emailing.Test','R','admin'),('3a0ce30c-3034-b6e7-7baf-7a2d1761e534','3a0ce30c-2fa1-eb65-6c0e-29bf1daadab4','WorkflowService.Books','R','admin'),('3a0ce30c-3034-7c8e-6645-7ea3d66df622','3a0ce30c-2fa1-eb65-6c0e-29bf1daadab4','WorkflowService.Books.Create','R','admin'),('3a0ce30c-3034-7f78-8629-5ebce658066d','3a0ce30c-2fa1-eb65-6c0e-29bf1daadab4','WorkflowService.Books.Delete','R','admin'),('3a0ce30c-3034-b456-0202-d294d6ed5bc2','3a0ce30c-2fa1-eb65-6c0e-29bf1daadab4','WorkflowService.Books.Update','R','admin'),('3a0ce30c-3035-3989-a41e-42279f7d6a20','3a0ce30c-2fa1-eb65-6c0e-29bf1daadab4','WorkflowService.PrintTemplates','R','admin'),('3a0ce30c-3036-7b02-18a5-cd500b357abe','3a0ce30c-2fa1-eb65-6c0e-29bf1daadab4','WorkflowService.PrintTemplates.Create','R','admin'),('3a0ce30c-3036-f1c1-075c-7f988aaea159','3a0ce30c-2fa1-eb65-6c0e-29bf1daadab4','WorkflowService.PrintTemplates.Delete','R','admin'),('3a0ce30c-3035-a691-42f4-fde773026532','3a0ce30c-2fa1-eb65-6c0e-29bf1daadab4','WorkflowService.PrintTemplates.Update','R','admin');
/*!40000 ALTER TABLE `sys_permissiongrants` ENABLE KEYS */;
UNLOCK TABLES;

--
-- Table structure for table `sys_permissiongroups`
--

DROP TABLE IF EXISTS `sys_permissiongroups`;
/*!40101 SET @saved_cs_client     = @@character_set_client */;
/*!50503 SET character_set_client = utf8mb4 */;
CREATE TABLE `sys_permissiongroups` (
  `Id` char(36) CHARACTER SET ascii COLLATE ascii_general_ci NOT NULL,
  `Name` varchar(128) CHARACTER SET utf8mb4 COLLATE utf8mb4_0900_ai_ci NOT NULL,
  `DisplayName` varchar(256) CHARACTER SET utf8mb4 COLLATE utf8mb4_0900_ai_ci NOT NULL,
  `ExtraProperties` longtext CHARACTER SET utf8mb4 COLLATE utf8mb4_0900_ai_ci,
  PRIMARY KEY (`Id`),
  UNIQUE KEY `IX_Sys_PermissionGroups_Name` (`Name`)
) ENGINE=InnoDB DEFAULT CHARSET=utf8mb4 COLLATE=utf8mb4_0900_ai_ci;
/*!40101 SET character_set_client = @saved_cs_client */;

--
-- Dumping data for table `sys_permissiongroups`
--

LOCK TABLES `sys_permissiongroups` WRITE;
/*!40000 ALTER TABLE `sys_permissiongroups` DISABLE KEYS */;
INSERT INTO `sys_permissiongroups` VALUES ('3a0c0384-06b6-8e64-82ea-20a51f1c97fd','AbpIdentity','L:AbpIdentity,Permission:IdentityManagement','{}'),('3a0c0384-06d4-2dd8-e6d3-7f13fd930000','SettingManagement','L:AbpSettingManagement,Permission:SettingManagement','{}'),('3a0c0384-06d4-ee8e-dd43-fe125e2d57aa','FeatureManagement','L:AbpFeatureManagement,Permission:FeatureManagement','{}'),('3a0c0384-06df-fd62-3778-cf42a8293f6c','AbpTenantManagement','L:AbpTenantManagement,Permission:TenantManagement','{}'),('3a0c0384-06df-ffa4-0801-6e72908db98c','BaseService','F:BaseService','{}'),('3a0c03cf-22b6-45d7-2dc5-aca93ccb22d9','AuthServer','F:AuthServer','{}'),('3a0ccdde-f14f-7597-0657-f9889504a004','WorkflowService','F:WorkflowService','{}'),('3a0cce5d-01ec-156e-fe85-d4ac3278b079','FormManagement','F:FormManagement','{}'),('3a0cce5d-01ec-a423-4a88-bf60cc08d8ee','FlowManagement','L:Flow,FlowManagement','{}');
/*!40000 ALTER TABLE `sys_permissiongroups` ENABLE KEYS */;
UNLOCK TABLES;

--
-- Table structure for table `sys_permissions`
--

DROP TABLE IF EXISTS `sys_permissions`;
/*!40101 SET @saved_cs_client     = @@character_set_client */;
/*!50503 SET character_set_client = utf8mb4 */;
CREATE TABLE `sys_permissions` (
  `Id` char(36) CHARACTER SET ascii COLLATE ascii_general_ci NOT NULL,
  `GroupName` varchar(128) CHARACTER SET utf8mb4 COLLATE utf8mb4_0900_ai_ci NOT NULL,
  `Name` varchar(128) CHARACTER SET utf8mb4 COLLATE utf8mb4_0900_ai_ci NOT NULL,
  `ParentName` varchar(128) CHARACTER SET utf8mb4 COLLATE utf8mb4_0900_ai_ci DEFAULT NULL,
  `DisplayName` varchar(256) CHARACTER SET utf8mb4 COLLATE utf8mb4_0900_ai_ci NOT NULL,
  `IsEnabled` tinyint(1) NOT NULL,
  `MultiTenancySide` tinyint unsigned NOT NULL,
  `Providers` varchar(128) CHARACTER SET utf8mb4 COLLATE utf8mb4_0900_ai_ci DEFAULT NULL,
  `StateCheckers` varchar(256) CHARACTER SET utf8mb4 COLLATE utf8mb4_0900_ai_ci DEFAULT NULL,
  `ExtraProperties` longtext CHARACTER SET utf8mb4 COLLATE utf8mb4_0900_ai_ci,
  PRIMARY KEY (`Id`),
  UNIQUE KEY `IX_Sys_Permissions_Name` (`Name`),
  KEY `IX_Sys_Permissions_GroupName` (`GroupName`)
) ENGINE=InnoDB DEFAULT CHARSET=utf8mb4 COLLATE=utf8mb4_0900_ai_ci;
/*!40101 SET character_set_client = @saved_cs_client */;

--
-- Dumping data for table `sys_permissions`
--

LOCK TABLES `sys_permissions` WRITE;
/*!40000 ALTER TABLE `sys_permissions` DISABLE KEYS */;
INSERT INTO `sys_permissions` VALUES ('3a0c0384-06cc-6aef-a4b7-edcf0a1aeb32','AbpIdentity','AbpIdentity.Roles',NULL,'L:AbpIdentity,Permission:RoleManagement',1,3,NULL,NULL,'{}'),('3a0c0384-06d4-06b7-3659-bfcf93f1ceb0','AbpIdentity','AbpIdentity.Users.ManagePermissions','AbpIdentity.Users','L:AbpIdentity,Permission:ChangePermissions',1,3,NULL,NULL,'{}'),('3a0c0384-06d4-1822-e169-3844e386a293','AbpIdentity','AbpIdentity.Roles.Update','AbpIdentity.Roles','L:AbpIdentity,Permission:Edit',1,3,NULL,NULL,'{}'),('3a0c0384-06d4-2592-7258-5b95d8ac9ee7','FeatureManagement','FeatureManagement.ManageHostFeatures',NULL,'L:AbpFeatureManagement,Permission:FeatureManagement.ManageHostFeatures',1,2,NULL,NULL,'{}'),('3a0c0384-06d4-3db4-125d-1a8bcaa88fe5','AbpIdentity','AbpIdentity.Roles.Delete','AbpIdentity.Roles','L:AbpIdentity,Permission:Delete',1,3,NULL,NULL,'{}'),('3a0c0384-06d4-4401-3c30-c73276287f91','AbpIdentity','AbpIdentity.Users',NULL,'L:AbpIdentity,Permission:UserManagement',1,3,NULL,NULL,'{}'),('3a0c0384-06d4-7370-8f84-88c4a6483ac0','SettingManagement','SettingManagement.Emailing',NULL,'L:AbpSettingManagement,Permission:Emailing',1,3,NULL,NULL,'{}'),('3a0c0384-06d4-a8cd-612e-eae671be776b','AbpIdentity','AbpIdentity.Roles.Create','AbpIdentity.Roles','L:AbpIdentity,Permission:Create',1,3,NULL,NULL,'{}'),('3a0c0384-06d4-d4d1-0dc4-c385933730e5','AbpIdentity','AbpIdentity.UserLookup',NULL,'L:AbpIdentity,Permission:UserLookup',1,3,'C',NULL,'{}'),('3a0c0384-06d4-e868-8663-83f630ef8c60','AbpIdentity','AbpIdentity.Roles.ManagePermissions','AbpIdentity.Roles','L:AbpIdentity,Permission:ChangePermissions',1,3,NULL,NULL,'{}'),('3a0c0384-06d4-ec09-fcc7-63b3aad1f212','AbpIdentity','AbpIdentity.Users.Create','AbpIdentity.Users','L:AbpIdentity,Permission:Create',1,3,NULL,NULL,'{}'),('3a0c0384-06d4-f9cc-396b-5e44aab74f8c','AbpIdentity','AbpIdentity.Users.Update','AbpIdentity.Users','L:AbpIdentity,Permission:Edit',1,3,NULL,NULL,'{}'),('3a0c0384-06d4-fc73-322d-0d9e09cab397','AbpIdentity','AbpIdentity.Users.Delete','AbpIdentity.Users','L:AbpIdentity,Permission:Delete',1,3,NULL,NULL,'{}'),('3a0c0384-06df-0c62-5f83-a26bfdae711c','SettingManagement','SettingManagement.Emailing.Test','SettingManagement.Emailing','L:AbpSettingManagement,Permission:EmailingTest',1,3,NULL,NULL,'{}'),('3a0c0384-06df-2951-c609-0b36e8a019f4','AbpTenantManagement','AbpTenantManagement.Tenants.ManageConnectionStrings','AbpTenantManagement.Tenants','L:AbpTenantManagement,Permission:ManageConnectionStrings',1,2,NULL,NULL,'{}'),('3a0c0384-06df-358e-7a3f-3ebbb399a96e','AbpTenantManagement','AbpTenantManagement.Tenants.ManageFeatures','AbpTenantManagement.Tenants','L:AbpTenantManagement,Permission:ManageFeatures',1,2,NULL,NULL,'{}'),('3a0c0384-06df-6a0b-ffc7-310f3f35e96e','AbpTenantManagement','AbpTenantManagement.Tenants.Update','AbpTenantManagement.Tenants','L:AbpTenantManagement,Permission:Edit',1,2,NULL,NULL,'{}'),('3a0c0384-06df-79db-7e66-0dcb1e117298','AbpTenantManagement','AbpTenantManagement.Tenants.Create','AbpTenantManagement.Tenants','L:AbpTenantManagement,Permission:Create',1,2,NULL,NULL,'{}'),('3a0c0384-06df-80c9-8a71-274c3a85abd4','AbpTenantManagement','AbpTenantManagement.Tenants',NULL,'L:AbpTenantManagement,Permission:TenantManagement',1,2,NULL,NULL,'{}'),('3a0c0384-06df-ce57-891a-c40565215c6e','AbpTenantManagement','AbpTenantManagement.Tenants.Delete','AbpTenantManagement.Tenants','L:AbpTenantManagement,Permission:Delete',1,2,NULL,NULL,'{}'),('3a0c4189-e393-0d28-6f19-8fa177130a90','BaseService','BaseService.Menus.Create','BaseService.Menus','F:BaseService.Menus.Create',1,3,NULL,NULL,'{}'),('3a0c4189-e393-4d52-9920-7716d82db839','BaseService','BaseService.Menus',NULL,'F:BaseService.Menus',1,3,NULL,NULL,'{}'),('3a0c4189-e393-52df-f900-8c383fbdc7b0','BaseService','BaseService.Menus.Delete','BaseService.Menus','F:BaseService.Menus.Delete',1,3,NULL,NULL,'{}'),('3a0c4189-e393-6f88-b784-f10ac3b18a33','BaseService','BaseService.Menus.Update','BaseService.Menus','F:BaseService.Menus.Update',1,3,NULL,NULL,'{}'),('3a0c41b0-8261-1b84-2c4d-4ed3fba76c69','BaseService','BaseService.RoleMenus.Create','BaseService.RoleMenus','F:BaseService.RoleMenus.Create',1,3,NULL,NULL,'{}'),('3a0c41b0-8261-c26c-8e39-2d58b200c98e','BaseService','BaseService.RoleMenus',NULL,'F:BaseService.RoleMenus',1,3,NULL,NULL,'{}'),('3a0c41b0-8261-dec6-7503-bd9d6628108f','BaseService','BaseService.RoleMenus.Delete','BaseService.RoleMenus','F:BaseService.RoleMenus.Delete',1,3,NULL,NULL,'{}'),('3a0c41b0-8261-f6da-0846-e4c1a12c75d4','BaseService','BaseService.RoleMenus.Update','BaseService.RoleMenus','F:BaseService.RoleMenus.Update',1,3,NULL,NULL,'{}'),('3a0c8a36-5d6f-6a1a-3d65-d86f353d2e71','BaseService','BaseService.Homes',NULL,'F:BaseService.Homes',1,3,NULL,NULL,'{}'),('3a0cb7db-efee-add7-e821-8c3efeec1bbb','BaseService','BaseService.OrganizationUnits',NULL,'F:BaseService.OrganizationUnits',1,3,NULL,NULL,'{}'),('3a0cb943-4ce1-4ab3-703c-1c82d8f03ae6','BaseService','BaseService.OrganizationUnits.Update','BaseService.OrganizationUnits','F:BaseService.OrganizationUnits.Update',1,3,NULL,NULL,'{}'),('3a0cb943-4ce1-adfd-ba44-478bbfb86c44','BaseService','BaseService.OrganizationUnits.Delete','BaseService.OrganizationUnits','F:BaseService.OrganizationUnits.Delete',1,3,NULL,NULL,'{}'),('3a0cb943-4ce1-f2ee-33ea-d0c979fb5ae2','BaseService','BaseService.OrganizationUnits.Create','BaseService.OrganizationUnits','F:BaseService.OrganizationUnits.Create',1,3,NULL,NULL,'{}'),('3a0cbc47-4fec-049d-cffa-b73d7f4f08e4','BaseService','BaseService.OrganizationUnits.ManagingRole','BaseService.OrganizationUnits','F:BaseService.OrganizationUnits.ManagingRole',1,3,NULL,NULL,'{}'),('3a0cbc47-4fec-ffd7-a9ee-4a2f9a14b1c0','BaseService','BaseService.OrganizationUnits.ManagingUser','BaseService.OrganizationUnits','F:BaseService.OrganizationUnits.ManagingUser',1,3,NULL,NULL,'{}'),('3a0cce4f-73d7-0b1c-65e2-67d09ee047c9','WorkflowService','WorkflowService.PrintTemplates.Create','WorkflowService.PrintTemplates','F:WorkflowService.PrintTemplates.Create',1,3,NULL,NULL,'{}'),('3a0cce4f-73d7-0fe6-4ab6-e6d8974644b3','WorkflowService','WorkflowService.PrintTemplates.Update','WorkflowService.PrintTemplates','F:WorkflowService.PrintTemplates.Update',1,3,NULL,NULL,'{}'),('3a0cce4f-73d7-14c3-54df-a376ffe74192','WorkflowService','WorkflowService.Books',NULL,'F:WorkflowService.Books',1,3,NULL,NULL,'{}'),('3a0cce4f-73d7-160b-14c1-5b4f786430f5','WorkflowService','WorkflowService.PrintTemplates.Delete','WorkflowService.PrintTemplates','F:WorkflowService.PrintTemplates.Delete',1,3,NULL,NULL,'{}'),('3a0cce4f-73d7-26a8-9f53-76c548b307f5','WorkflowService','WorkflowService.Books.Delete','WorkflowService.Books','F:WorkflowService.Books.Delete',1,3,NULL,NULL,'{}'),('3a0cce4f-73d7-3f65-af1e-418fa787e0c7','WorkflowService','WorkflowService.Books.Update','WorkflowService.Books','F:WorkflowService.Books.Update',1,3,NULL,NULL,'{}'),('3a0cce4f-73d7-413c-8d98-3e07a578f1b8','WorkflowService','WorkflowService.Books.Create','WorkflowService.Books','F:WorkflowService.Books.Create',1,3,NULL,NULL,'{}'),('3a0cce4f-73d7-5309-10cd-0c6233afc69a','WorkflowService','WorkflowService.PrintTemplates',NULL,'F:WorkflowService.PrintTemplates',1,3,NULL,NULL,'{}'),('3a0cce5d-01ec-0166-0f6d-c4d89ecd1951','FlowManagement','FlowManagement.WorkFlow',NULL,'L:Flow,WorkFlow',1,3,NULL,NULL,'{}'),('3a0cce5d-01ec-0411-3fe4-eef13a39a3ae','FlowManagement','FlowManagement.Flow.Create','FlowManagement.Flow','L:Flow,Create',1,3,NULL,NULL,'{}'),('3a0cce5d-01ec-0fbe-841c-a423bc081d43','FlowManagement','FlowManagement.WorkFlow.DoWorkFlow','FlowManagement.WorkFlow','L:Flow,DoWorkFlow',1,3,NULL,NULL,'{}'),('3a0cce5d-01ec-15db-425f-4a74f52dc79e','FormManagement','FormManagement.Form',NULL,'F:FormManagement.Form',1,3,NULL,NULL,'{}'),('3a0cce5d-01ec-2607-bbcc-293e93b4c403','FormManagement','FormManagement.Form.Delete','FormManagement.Form','F:FormManagement.Form.Delete',1,3,NULL,NULL,'{}'),('3a0cce5d-01ec-29ad-5a27-fdd2db82eb5d','BaseService','BaseService.Menu.Create','BaseService.Menu','L:BaseService,Create',1,3,NULL,NULL,'{}'),('3a0cce5d-01ec-31ce-9233-346016f1053a','FormManagement','FormManagement.FormBuild.Download','FormManagement.FormBuild','L:Form,下载',1,3,NULL,NULL,'{}'),('3a0cce5d-01ec-35a5-97d7-9897643ef69a','BaseService','BaseService.DataDictionary.Delete','BaseService.DataDictionary','L:BaseService,Delete',1,3,NULL,NULL,'{}'),('3a0cce5d-01ec-3d50-de1b-393a57bfcfe0','FormManagement','FormManagement.FormBuild.Build','FormManagement.FormBuild','L:Form,生成',1,3,NULL,NULL,'{}'),('3a0cce5d-01ec-4d9c-0795-367139b1b582','BaseService','BaseService.Organization.Create','BaseService.Organization','L:BaseService,Create',1,3,NULL,NULL,'{}'),('3a0cce5d-01ec-59aa-6a42-87b04f5066fc','BaseService','BaseService.Job.Delete','BaseService.Job','L:BaseService,Delete',1,3,NULL,NULL,'{}'),('3a0cce5d-01ec-5f53-b807-6c7780149924','FlowManagement','FlowManagement.WorkFlow.Create','FlowManagement.WorkFlow','L:Flow,Create',1,3,NULL,NULL,'{}'),('3a0cce5d-01ec-71db-08b7-f543481deae7','FlowManagement','FlowManagement.Flow.Update','FlowManagement.Flow','L:Flow,Edit',1,3,NULL,NULL,'{}'),('3a0cce5d-01ec-791d-20be-daab64ee5635','FormManagement','FormManagement.Form.Update','FormManagement.Form','F:FormManagement.Form.Update',1,3,NULL,NULL,'{}'),('3a0cce5d-01ec-7cfe-24de-cea2917e1b73','FormManagement','FormManagement.FormBuild',NULL,'L:Form,代码生成',1,3,NULL,NULL,'{}'),('3a0cce5d-01ec-7dcb-fede-da68f4929e85','BaseService','BaseService.Organization',NULL,'L:BaseService,Organization',1,3,NULL,NULL,'{}'),('3a0cce5d-01ec-8565-9c62-4fa67dbf2580','BaseService','BaseService.Menu.Update','BaseService.Menu','L:BaseService,Edit',1,3,NULL,NULL,'{}'),('3a0cce5d-01ec-86cc-37d5-53d0a0fad7d6','FlowManagement','FlowManagement.Flow',NULL,'L:Flow,Flow',1,3,NULL,NULL,'{}'),('3a0cce5d-01ec-8711-89c6-b78244c79ad6','FormManagement','FormManagement.Form.Create','FormManagement.Form','F:FormManagement.Form.Create',1,3,NULL,NULL,'{}'),('3a0cce5d-01ec-8f25-329a-a2f4b8ad7dfd','FlowManagement','FlowManagement.Flow.Delete','FlowManagement.Flow','L:Flow,Delete',1,3,NULL,NULL,'{}'),('3a0cce5d-01ec-9366-884e-bca4ebc79950','BaseService','BaseService.DataDictionary.Create','BaseService.DataDictionary','L:BaseService,Create',1,3,NULL,NULL,'{}'),('3a0cce5d-01ec-9788-c06f-9f011dc43443','BaseService','BaseService.Job.Create','BaseService.Job','L:BaseService,Create',1,3,NULL,NULL,'{}'),('3a0cce5d-01ec-99e7-1c5f-a67590df49ae','BaseService','BaseService.Job',NULL,'L:BaseService,Job',1,3,NULL,NULL,'{}'),('3a0cce5d-01ec-b318-3b6d-a693e68b3c16','BaseService','BaseService.DataDictionary.Update','BaseService.DataDictionary','L:BaseService,Edit',1,3,NULL,NULL,'{}'),('3a0cce5d-01ec-b896-bbaf-0cf534c9c8d9','BaseService','BaseService.Organization.Update','BaseService.Organization','L:BaseService,Edit',1,3,NULL,NULL,'{}'),('3a0cce5d-01ec-cbd0-07a4-9ffc39ebef9f','FormManagement','FormManagement.FormBuild.Update','FormManagement.FormBuild','L:Form,配置',1,3,NULL,NULL,'{}'),('3a0cce5d-01ec-d9b9-8393-33000f87d2af','BaseService','BaseService.Menu',NULL,'L:BaseService,Menu',1,3,NULL,NULL,'{}'),('3a0cce5d-01ec-e0bf-6f30-5635a7f857b2','BaseService','BaseService.DataDictionary',NULL,'L:BaseService,DataDictionary',1,3,NULL,NULL,'{}'),('3a0cce5d-01ec-e846-1922-de31afd9e3ce','BaseService','BaseService.Job.Update','BaseService.Job','L:BaseService,Edit',1,3,NULL,NULL,'{}'),('3a0cce5d-01ec-ea07-95c3-a6c669210e50','BaseService','BaseService.AuditLogging',NULL,'F:BaseService.AuditLogging',1,3,NULL,NULL,'{}'),('3a0cce5d-01ec-fab9-294a-26f4caac1c96','BaseService','BaseService.Organization.Delete','BaseService.Organization','L:BaseService,Delete',1,3,NULL,NULL,'{}'),('3a0cce5d-01ec-fc29-1c29-b24595f1ebac','BaseService','BaseService.Menu.Delete','BaseService.Menu','L:BaseService,Delete',1,3,NULL,NULL,'{}'),('3a0d163e-7c32-3545-99d5-d287b277e198','BaseService','BaseService.SecurityLog',NULL,'F:BaseService.SecurityLog',1,3,NULL,NULL,'{}');
/*!40000 ALTER TABLE `sys_permissions` ENABLE KEYS */;
UNLOCK TABLES;

--
-- Table structure for table `sys_roleclaims`
--

DROP TABLE IF EXISTS `sys_roleclaims`;
/*!40101 SET @saved_cs_client     = @@character_set_client */;
/*!50503 SET character_set_client = utf8mb4 */;
CREATE TABLE `sys_roleclaims` (
  `Id` char(36) CHARACTER SET ascii COLLATE ascii_general_ci NOT NULL,
  `RoleId` char(36) CHARACTER SET ascii COLLATE ascii_general_ci NOT NULL,
  `TenantId` char(36) CHARACTER SET ascii COLLATE ascii_general_ci DEFAULT NULL,
  `ClaimType` varchar(256) CHARACTER SET utf8mb4 COLLATE utf8mb4_0900_ai_ci NOT NULL,
  `ClaimValue` varchar(1024) CHARACTER SET utf8mb4 COLLATE utf8mb4_0900_ai_ci DEFAULT NULL,
  PRIMARY KEY (`Id`),
  KEY `IX_Sys_RoleClaims_RoleId` (`RoleId`),
  CONSTRAINT `FK_Sys_RoleClaims_Sys_Roles_RoleId` FOREIGN KEY (`RoleId`) REFERENCES `sys_roles` (`Id`) ON DELETE CASCADE
) ENGINE=InnoDB DEFAULT CHARSET=utf8mb4 COLLATE=utf8mb4_0900_ai_ci;
/*!40101 SET character_set_client = @saved_cs_client */;

--
-- Dumping data for table `sys_roleclaims`
--

LOCK TABLES `sys_roleclaims` WRITE;
/*!40000 ALTER TABLE `sys_roleclaims` DISABLE KEYS */;
/*!40000 ALTER TABLE `sys_roleclaims` ENABLE KEYS */;
UNLOCK TABLES;

--
-- Table structure for table `sys_roles`
--

DROP TABLE IF EXISTS `sys_roles`;
/*!40101 SET @saved_cs_client     = @@character_set_client */;
/*!50503 SET character_set_client = utf8mb4 */;
CREATE TABLE `sys_roles` (
  `Id` char(36) CHARACTER SET ascii COLLATE ascii_general_ci NOT NULL,
  `TenantId` char(36) CHARACTER SET ascii COLLATE ascii_general_ci DEFAULT NULL,
  `Name` varchar(256) CHARACTER SET utf8mb4 COLLATE utf8mb4_0900_ai_ci NOT NULL,
  `NormalizedName` varchar(256) CHARACTER SET utf8mb4 COLLATE utf8mb4_0900_ai_ci NOT NULL,
  `IsDefault` tinyint(1) NOT NULL,
  `IsStatic` tinyint(1) NOT NULL,
  `IsPublic` tinyint(1) NOT NULL,
  `EntityVersion` int NOT NULL,
  `ExtraProperties` longtext CHARACTER SET utf8mb4 COLLATE utf8mb4_0900_ai_ci,
  `ConcurrencyStamp` varchar(40) CHARACTER SET utf8mb4 COLLATE utf8mb4_0900_ai_ci DEFAULT NULL,
  PRIMARY KEY (`Id`),
  KEY `IX_Sys_Roles_NormalizedName` (`NormalizedName`)
) ENGINE=InnoDB DEFAULT CHARSET=utf8mb4 COLLATE=utf8mb4_0900_ai_ci;
/*!40101 SET character_set_client = @saved_cs_client */;

--
-- Dumping data for table `sys_roles`
--

LOCK TABLES `sys_roles` WRITE;
/*!40000 ALTER TABLE `sys_roles` DISABLE KEYS */;
INSERT INTO `sys_roles` VALUES ('3a0c0381-2f90-1e19-3d67-47d15cf4a678',NULL,'admin','ADMIN',0,1,1,32,'{}','a2c549ababe64fa09f2b08d6bb596e8e'),('3a0c65e4-e5b1-f529-9508-5fdc8e14b417',NULL,'工作人员','工作人员',1,0,1,10,'{}','603c4f85a373409c99dc42402d7bd088'),('3a0c65e6-046f-90e4-0029-20e266e68368',NULL,'销售人员','销售人员',0,0,1,4,'{}','36a7fa5fd6d643d085ab22ecd0f7f95c'),('3a0ce30c-3017-e5f6-253f-68da43b06cc8','3a0ce30c-2fa1-eb65-6c0e-29bf1daadab4','admin','ADMIN',0,1,1,0,'{}','477fa22b05264732b9cd4800fe645edf'),('3a0ce5b6-cb94-792d-afab-24f2d909de5f','3a0ce30c-2fa1-eb65-6c0e-29bf1daadab4','测试人员','测试人员',0,0,0,0,'{}','da392c0bc95d48dd9e2cf8d80ed4868c');
/*!40000 ALTER TABLE `sys_roles` ENABLE KEYS */;
UNLOCK TABLES;

--
-- Table structure for table `sys_securitylogs`
--

DROP TABLE IF EXISTS `sys_securitylogs`;
/*!40101 SET @saved_cs_client     = @@character_set_client */;
/*!50503 SET character_set_client = utf8mb4 */;
CREATE TABLE `sys_securitylogs` (
  `Id` char(36) CHARACTER SET ascii COLLATE ascii_general_ci NOT NULL,
  `TenantId` char(36) CHARACTER SET ascii COLLATE ascii_general_ci DEFAULT NULL,
  `ApplicationName` varchar(96) CHARACTER SET utf8mb4 COLLATE utf8mb4_0900_ai_ci DEFAULT NULL,
  `Identity` varchar(96) CHARACTER SET utf8mb4 COLLATE utf8mb4_0900_ai_ci DEFAULT NULL,
  `Action` varchar(96) CHARACTER SET utf8mb4 COLLATE utf8mb4_0900_ai_ci DEFAULT NULL,
  `UserId` char(36) CHARACTER SET ascii COLLATE ascii_general_ci DEFAULT NULL,
  `UserName` varchar(256) CHARACTER SET utf8mb4 COLLATE utf8mb4_0900_ai_ci DEFAULT NULL,
  `TenantName` varchar(64) CHARACTER SET utf8mb4 COLLATE utf8mb4_0900_ai_ci DEFAULT NULL,
  `ClientId` varchar(64) CHARACTER SET utf8mb4 COLLATE utf8mb4_0900_ai_ci DEFAULT NULL,
  `CorrelationId` varchar(64) CHARACTER SET utf8mb4 COLLATE utf8mb4_0900_ai_ci DEFAULT NULL,
  `ClientIpAddress` varchar(64) CHARACTER SET utf8mb4 COLLATE utf8mb4_0900_ai_ci DEFAULT NULL,
  `BrowserInfo` varchar(512) CHARACTER SET utf8mb4 COLLATE utf8mb4_0900_ai_ci DEFAULT NULL,
  `CreationTime` datetime(6) NOT NULL,
  `ExtraProperties` longtext CHARACTER SET utf8mb4 COLLATE utf8mb4_0900_ai_ci,
  `ConcurrencyStamp` varchar(40) CHARACTER SET utf8mb4 COLLATE utf8mb4_0900_ai_ci DEFAULT NULL,
  PRIMARY KEY (`Id`),
  KEY `IX_Sys_SecurityLogs_TenantId_Action` (`TenantId`,`Action`),
  KEY `IX_Sys_SecurityLogs_TenantId_ApplicationName` (`TenantId`,`ApplicationName`),
  KEY `IX_Sys_SecurityLogs_TenantId_Identity` (`TenantId`,`Identity`),
  KEY `IX_Sys_SecurityLogs_TenantId_UserId` (`TenantId`,`UserId`)
) ENGINE=InnoDB DEFAULT CHARSET=utf8mb4 COLLATE=utf8mb4_0900_ai_ci;
/*!40101 SET character_set_client = @saved_cs_client */;

--
-- Dumping data for table `sys_securitylogs`
--

LOCK TABLES `sys_securitylogs` WRITE;
/*!40000 ALTER TABLE `sys_securitylogs` DISABLE KEYS */;
/*!40000 ALTER TABLE `sys_securitylogs` ENABLE KEYS */;
UNLOCK TABLES;

--
-- Table structure for table `sys_settings`
--

DROP TABLE IF EXISTS `sys_settings`;
/*!40101 SET @saved_cs_client     = @@character_set_client */;
/*!50503 SET character_set_client = utf8mb4 */;
CREATE TABLE `sys_settings` (
  `Id` char(36) CHARACTER SET ascii COLLATE ascii_general_ci NOT NULL,
  `Name` varchar(128) CHARACTER SET utf8mb4 COLLATE utf8mb4_0900_ai_ci NOT NULL,
  `Value` varchar(2048) CHARACTER SET utf8mb4 COLLATE utf8mb4_0900_ai_ci NOT NULL,
  `ProviderName` varchar(64) CHARACTER SET utf8mb4 COLLATE utf8mb4_0900_ai_ci DEFAULT NULL,
  `ProviderKey` varchar(64) CHARACTER SET utf8mb4 COLLATE utf8mb4_0900_ai_ci DEFAULT NULL,
  PRIMARY KEY (`Id`),
  UNIQUE KEY `IX_Sys_Settings_Name_ProviderName_ProviderKey` (`Name`,`ProviderName`,`ProviderKey`)
) ENGINE=InnoDB DEFAULT CHARSET=utf8mb4 COLLATE=utf8mb4_0900_ai_ci;
/*!40101 SET character_set_client = @saved_cs_client */;

--
-- Dumping data for table `sys_settings`
--

LOCK TABLES `sys_settings` WRITE;
/*!40000 ALTER TABLE `sys_settings` DISABLE KEYS */;
/*!40000 ALTER TABLE `sys_settings` ENABLE KEYS */;
UNLOCK TABLES;

--
-- Table structure for table `sys_tenantconnectionstrings`
--

DROP TABLE IF EXISTS `sys_tenantconnectionstrings`;
/*!40101 SET @saved_cs_client     = @@character_set_client */;
/*!50503 SET character_set_client = utf8mb4 */;
CREATE TABLE `sys_tenantconnectionstrings` (
  `TenantId` char(36) CHARACTER SET ascii COLLATE ascii_general_ci NOT NULL,
  `Name` varchar(64) CHARACTER SET utf8mb4 COLLATE utf8mb4_0900_ai_ci NOT NULL,
  `Value` varchar(1024) CHARACTER SET utf8mb4 COLLATE utf8mb4_0900_ai_ci NOT NULL,
  PRIMARY KEY (`TenantId`,`Name`),
  CONSTRAINT `FK_Sys_TenantConnectionStrings_Sys_Tenants_TenantId` FOREIGN KEY (`TenantId`) REFERENCES `sys_tenants` (`Id`) ON DELETE CASCADE
) ENGINE=InnoDB DEFAULT CHARSET=utf8mb4 COLLATE=utf8mb4_0900_ai_ci;
/*!40101 SET character_set_client = @saved_cs_client */;

--
-- Dumping data for table `sys_tenantconnectionstrings`
--

LOCK TABLES `sys_tenantconnectionstrings` WRITE;
/*!40000 ALTER TABLE `sys_tenantconnectionstrings` DISABLE KEYS */;
/*!40000 ALTER TABLE `sys_tenantconnectionstrings` ENABLE KEYS */;
UNLOCK TABLES;

--
-- Table structure for table `sys_tenants`
--

DROP TABLE IF EXISTS `sys_tenants`;
/*!40101 SET @saved_cs_client     = @@character_set_client */;
/*!50503 SET character_set_client = utf8mb4 */;
CREATE TABLE `sys_tenants` (
  `Id` char(36) CHARACTER SET ascii COLLATE ascii_general_ci NOT NULL,
  `Name` varchar(64) CHARACTER SET utf8mb4 COLLATE utf8mb4_0900_ai_ci NOT NULL,
  `EntityVersion` int NOT NULL,
  `ExtraProperties` longtext CHARACTER SET utf8mb4 COLLATE utf8mb4_0900_ai_ci,
  `ConcurrencyStamp` varchar(40) CHARACTER SET utf8mb4 COLLATE utf8mb4_0900_ai_ci DEFAULT NULL,
  `CreationTime` datetime(6) NOT NULL,
  `CreatorId` char(36) CHARACTER SET ascii COLLATE ascii_general_ci DEFAULT NULL,
  `LastModificationTime` datetime(6) DEFAULT NULL,
  `LastModifierId` char(36) CHARACTER SET ascii COLLATE ascii_general_ci DEFAULT NULL,
  `IsDeleted` tinyint(1) NOT NULL DEFAULT '0',
  `DeleterId` char(36) CHARACTER SET ascii COLLATE ascii_general_ci DEFAULT NULL,
  `DeletionTime` datetime(6) DEFAULT NULL,
  PRIMARY KEY (`Id`),
  KEY `IX_Sys_Tenants_Name` (`Name`)
) ENGINE=InnoDB DEFAULT CHARSET=utf8mb4 COLLATE=utf8mb4_0900_ai_ci;
/*!40101 SET character_set_client = @saved_cs_client */;

--
-- Dumping data for table `sys_tenants`
--

LOCK TABLES `sys_tenants` WRITE;
/*!40000 ALTER TABLE `sys_tenants` DISABLE KEYS */;
INSERT INTO `sys_tenants` VALUES ('3a0ce30c-2fa1-eb65-6c0e-29bf1daadab4','ZYZ工作室',0,'{}','6989ec5e806848458db3490b8a00bbaa','2023-08-08 00:40:45.217720','3a0c0381-2b83-5125-2df8-9f50c0e3d11a',NULL,NULL,0,NULL,NULL);
/*!40000 ALTER TABLE `sys_tenants` ENABLE KEYS */;
UNLOCK TABLES;

--
-- Table structure for table `sys_userclaims`
--

DROP TABLE IF EXISTS `sys_userclaims`;
/*!40101 SET @saved_cs_client     = @@character_set_client */;
/*!50503 SET character_set_client = utf8mb4 */;
CREATE TABLE `sys_userclaims` (
  `Id` char(36) CHARACTER SET ascii COLLATE ascii_general_ci NOT NULL,
  `UserId` char(36) CHARACTER SET ascii COLLATE ascii_general_ci NOT NULL,
  `TenantId` char(36) CHARACTER SET ascii COLLATE ascii_general_ci DEFAULT NULL,
  `ClaimType` varchar(256) CHARACTER SET utf8mb4 COLLATE utf8mb4_0900_ai_ci NOT NULL,
  `ClaimValue` varchar(1024) CHARACTER SET utf8mb4 COLLATE utf8mb4_0900_ai_ci DEFAULT NULL,
  PRIMARY KEY (`Id`),
  KEY `IX_Sys_UserClaims_UserId` (`UserId`),
  CONSTRAINT `FK_Sys_UserClaims_Sys_Users_UserId` FOREIGN KEY (`UserId`) REFERENCES `sys_users` (`Id`) ON DELETE CASCADE
) ENGINE=InnoDB DEFAULT CHARSET=utf8mb4 COLLATE=utf8mb4_0900_ai_ci;
/*!40101 SET character_set_client = @saved_cs_client */;

--
-- Dumping data for table `sys_userclaims`
--

LOCK TABLES `sys_userclaims` WRITE;
/*!40000 ALTER TABLE `sys_userclaims` DISABLE KEYS */;
/*!40000 ALTER TABLE `sys_userclaims` ENABLE KEYS */;
UNLOCK TABLES;

--
-- Table structure for table `sys_userdelegations`
--

DROP TABLE IF EXISTS `sys_userdelegations`;
/*!40101 SET @saved_cs_client     = @@character_set_client */;
/*!50503 SET character_set_client = utf8mb4 */;
CREATE TABLE `sys_userdelegations` (
  `Id` char(36) CHARACTER SET ascii COLLATE ascii_general_ci NOT NULL,
  `TenantId` char(36) CHARACTER SET ascii COLLATE ascii_general_ci DEFAULT NULL,
  `SourceUserId` char(36) CHARACTER SET ascii COLLATE ascii_general_ci NOT NULL,
  `TargetUserId` char(36) CHARACTER SET ascii COLLATE ascii_general_ci NOT NULL,
  `StartTime` datetime(6) NOT NULL,
  `EndTime` datetime(6) NOT NULL,
  PRIMARY KEY (`Id`)
) ENGINE=InnoDB DEFAULT CHARSET=utf8mb4 COLLATE=utf8mb4_0900_ai_ci;
/*!40101 SET character_set_client = @saved_cs_client */;

--
-- Dumping data for table `sys_userdelegations`
--

LOCK TABLES `sys_userdelegations` WRITE;
/*!40000 ALTER TABLE `sys_userdelegations` DISABLE KEYS */;
/*!40000 ALTER TABLE `sys_userdelegations` ENABLE KEYS */;
UNLOCK TABLES;

--
-- Table structure for table `sys_userlogins`
--

DROP TABLE IF EXISTS `sys_userlogins`;
/*!40101 SET @saved_cs_client     = @@character_set_client */;
/*!50503 SET character_set_client = utf8mb4 */;
CREATE TABLE `sys_userlogins` (
  `UserId` char(36) CHARACTER SET ascii COLLATE ascii_general_ci NOT NULL,
  `LoginProvider` varchar(64) CHARACTER SET utf8mb4 COLLATE utf8mb4_0900_ai_ci NOT NULL,
  `TenantId` char(36) CHARACTER SET ascii COLLATE ascii_general_ci DEFAULT NULL,
  `ProviderKey` varchar(196) CHARACTER SET utf8mb4 COLLATE utf8mb4_0900_ai_ci NOT NULL,
  `ProviderDisplayName` varchar(128) CHARACTER SET utf8mb4 COLLATE utf8mb4_0900_ai_ci DEFAULT NULL,
  PRIMARY KEY (`UserId`,`LoginProvider`),
  KEY `IX_Sys_UserLogins_LoginProvider_ProviderKey` (`LoginProvider`,`ProviderKey`),
  CONSTRAINT `FK_Sys_UserLogins_Sys_Users_UserId` FOREIGN KEY (`UserId`) REFERENCES `sys_users` (`Id`) ON DELETE CASCADE
) ENGINE=InnoDB DEFAULT CHARSET=utf8mb4 COLLATE=utf8mb4_0900_ai_ci;
/*!40101 SET character_set_client = @saved_cs_client */;

--
-- Dumping data for table `sys_userlogins`
--

LOCK TABLES `sys_userlogins` WRITE;
/*!40000 ALTER TABLE `sys_userlogins` DISABLE KEYS */;
/*!40000 ALTER TABLE `sys_userlogins` ENABLE KEYS */;
UNLOCK TABLES;

--
-- Table structure for table `sys_userorganizationunits`
--

DROP TABLE IF EXISTS `sys_userorganizationunits`;
/*!40101 SET @saved_cs_client     = @@character_set_client */;
/*!50503 SET character_set_client = utf8mb4 */;
CREATE TABLE `sys_userorganizationunits` (
  `UserId` char(36) CHARACTER SET ascii COLLATE ascii_general_ci NOT NULL,
  `OrganizationUnitId` char(36) CHARACTER SET ascii COLLATE ascii_general_ci NOT NULL,
  `TenantId` char(36) CHARACTER SET ascii COLLATE ascii_general_ci DEFAULT NULL,
  `CreationTime` datetime(6) NOT NULL,
  `CreatorId` char(36) CHARACTER SET ascii COLLATE ascii_general_ci DEFAULT NULL,
  PRIMARY KEY (`OrganizationUnitId`,`UserId`),
  KEY `IX_Sys_UserOrganizationUnits_UserId_OrganizationUnitId` (`UserId`,`OrganizationUnitId`),
  CONSTRAINT `FK_Sys_UserOrganizationUnits_Sys_OrganizationUnits_Organization~` FOREIGN KEY (`OrganizationUnitId`) REFERENCES `sys_organizationunits` (`Id`) ON DELETE CASCADE,
  CONSTRAINT `FK_Sys_UserOrganizationUnits_Sys_Users_UserId` FOREIGN KEY (`UserId`) REFERENCES `sys_users` (`Id`) ON DELETE CASCADE
) ENGINE=InnoDB DEFAULT CHARSET=utf8mb4 COLLATE=utf8mb4_0900_ai_ci;
/*!40101 SET character_set_client = @saved_cs_client */;

--
-- Dumping data for table `sys_userorganizationunits`
--

LOCK TABLES `sys_userorganizationunits` WRITE;
/*!40000 ALTER TABLE `sys_userorganizationunits` DISABLE KEYS */;
INSERT INTO `sys_userorganizationunits` VALUES ('3a0c0381-2b83-5125-2df8-9f50c0e3d11a','3a0cb953-6944-c035-c1e7-27e663e9e684',NULL,'2023-07-31 19:48:19.995140','3a0c0381-2b83-5125-2df8-9f50c0e3d11a'),('3a0c0381-2b83-5125-2df8-9f50c0e3d11a','3a0cb954-280f-c290-98cf-a9cf8699749f',NULL,'2023-07-31 19:48:46.486320','3a0c0381-2b83-5125-2df8-9f50c0e3d11a'),('3a0ceb4f-47d5-a1fa-3b1b-73f8432152f8','3a0cb95f-8739-44cd-8e70-84e6cf3fc6ae',NULL,'2023-08-09 15:13:35.546461','3a0c0381-2b83-5125-2df8-9f50c0e3d11a'),('3a0ce30c-2fb5-b847-8888-e87eafba8828','3a0ce58b-b3a0-e05c-3a8b-5ba53038d13a','3a0ce30c-2fa1-eb65-6c0e-29bf1daadab4','2023-08-08 12:58:39.565529','3a0ce30c-2fb5-b847-8888-e87eafba8828');
/*!40000 ALTER TABLE `sys_userorganizationunits` ENABLE KEYS */;
UNLOCK TABLES;

--
-- Table structure for table `sys_userroles`
--

DROP TABLE IF EXISTS `sys_userroles`;
/*!40101 SET @saved_cs_client     = @@character_set_client */;
/*!50503 SET character_set_client = utf8mb4 */;
CREATE TABLE `sys_userroles` (
  `UserId` char(36) CHARACTER SET ascii COLLATE ascii_general_ci NOT NULL,
  `RoleId` char(36) CHARACTER SET ascii COLLATE ascii_general_ci NOT NULL,
  `TenantId` char(36) CHARACTER SET ascii COLLATE ascii_general_ci DEFAULT NULL,
  PRIMARY KEY (`UserId`,`RoleId`),
  KEY `IX_Sys_UserRoles_RoleId_UserId` (`RoleId`,`UserId`),
  CONSTRAINT `FK_Sys_UserRoles_Sys_Roles_RoleId` FOREIGN KEY (`RoleId`) REFERENCES `sys_roles` (`Id`) ON DELETE CASCADE,
  CONSTRAINT `FK_Sys_UserRoles_Sys_Users_UserId` FOREIGN KEY (`UserId`) REFERENCES `sys_users` (`Id`) ON DELETE CASCADE
) ENGINE=InnoDB DEFAULT CHARSET=utf8mb4 COLLATE=utf8mb4_0900_ai_ci;
/*!40101 SET character_set_client = @saved_cs_client */;

--
-- Dumping data for table `sys_userroles`
--

LOCK TABLES `sys_userroles` WRITE;
/*!40000 ALTER TABLE `sys_userroles` DISABLE KEYS */;
INSERT INTO `sys_userroles` VALUES ('3a0c0381-2b83-5125-2df8-9f50c0e3d11a','3a0c0381-2f90-1e19-3d67-47d15cf4a678',NULL),('3a0ce30c-2fb5-b847-8888-e87eafba8828','3a0ce30c-3017-e5f6-253f-68da43b06cc8','3a0ce30c-2fa1-eb65-6c0e-29bf1daadab4'),('3a0ce5b5-d730-4445-2267-aa2826e54ecc','3a0ce5b6-cb94-792d-afab-24f2d909de5f','3a0ce30c-2fa1-eb65-6c0e-29bf1daadab4');
/*!40000 ALTER TABLE `sys_userroles` ENABLE KEYS */;
UNLOCK TABLES;

--
-- Table structure for table `sys_users`
--

DROP TABLE IF EXISTS `sys_users`;
/*!40101 SET @saved_cs_client     = @@character_set_client */;
/*!50503 SET character_set_client = utf8mb4 */;
CREATE TABLE `sys_users` (
  `Id` char(36) CHARACTER SET ascii COLLATE ascii_general_ci NOT NULL,
  `TenantId` char(36) CHARACTER SET ascii COLLATE ascii_general_ci DEFAULT NULL,
  `UserName` varchar(256) CHARACTER SET utf8mb4 COLLATE utf8mb4_0900_ai_ci NOT NULL,
  `NormalizedUserName` varchar(256) CHARACTER SET utf8mb4 COLLATE utf8mb4_0900_ai_ci NOT NULL,
  `Name` varchar(64) CHARACTER SET utf8mb4 COLLATE utf8mb4_0900_ai_ci DEFAULT NULL,
  `Surname` varchar(64) CHARACTER SET utf8mb4 COLLATE utf8mb4_0900_ai_ci DEFAULT NULL,
  `Email` varchar(256) CHARACTER SET utf8mb4 COLLATE utf8mb4_0900_ai_ci NOT NULL,
  `NormalizedEmail` varchar(256) CHARACTER SET utf8mb4 COLLATE utf8mb4_0900_ai_ci NOT NULL,
  `EmailConfirmed` tinyint(1) NOT NULL DEFAULT '0',
  `PasswordHash` varchar(256) CHARACTER SET utf8mb4 COLLATE utf8mb4_0900_ai_ci DEFAULT NULL,
  `SecurityStamp` varchar(256) CHARACTER SET utf8mb4 COLLATE utf8mb4_0900_ai_ci NOT NULL,
  `IsExternal` tinyint(1) NOT NULL DEFAULT '0',
  `PhoneNumber` varchar(16) CHARACTER SET utf8mb4 COLLATE utf8mb4_0900_ai_ci DEFAULT NULL,
  `PhoneNumberConfirmed` tinyint(1) NOT NULL DEFAULT '0',
  `IsActive` tinyint(1) NOT NULL,
  `TwoFactorEnabled` tinyint(1) NOT NULL DEFAULT '0',
  `LockoutEnd` datetime(6) DEFAULT NULL,
  `LockoutEnabled` tinyint(1) NOT NULL DEFAULT '0',
  `AccessFailedCount` int NOT NULL DEFAULT '0',
  `ShouldChangePasswordOnNextLogin` tinyint(1) NOT NULL,
  `EntityVersion` int NOT NULL,
  `LastPasswordChangeTime` datetime(6) DEFAULT NULL,
  `ExtraProperties` longtext CHARACTER SET utf8mb4 COLLATE utf8mb4_0900_ai_ci,
  `ConcurrencyStamp` varchar(40) CHARACTER SET utf8mb4 COLLATE utf8mb4_0900_ai_ci DEFAULT NULL,
  `CreationTime` datetime(6) NOT NULL,
  `CreatorId` char(36) CHARACTER SET ascii COLLATE ascii_general_ci DEFAULT NULL,
  `LastModificationTime` datetime(6) DEFAULT NULL,
  `LastModifierId` char(36) CHARACTER SET ascii COLLATE ascii_general_ci DEFAULT NULL,
  `IsDeleted` tinyint(1) NOT NULL DEFAULT '0',
  `DeleterId` char(36) CHARACTER SET ascii COLLATE ascii_general_ci DEFAULT NULL,
  `DeletionTime` datetime(6) DEFAULT NULL,
  PRIMARY KEY (`Id`),
  KEY `IX_Sys_Users_Email` (`Email`),
  KEY `IX_Sys_Users_NormalizedEmail` (`NormalizedEmail`),
  KEY `IX_Sys_Users_NormalizedUserName` (`NormalizedUserName`),
  KEY `IX_Sys_Users_UserName` (`UserName`)
) ENGINE=InnoDB DEFAULT CHARSET=utf8mb4 COLLATE=utf8mb4_0900_ai_ci;
/*!40101 SET character_set_client = @saved_cs_client */;

--
-- Dumping data for table `sys_users`
--

LOCK TABLES `sys_users` WRITE;
/*!40000 ALTER TABLE `sys_users` DISABLE KEYS */;
INSERT INTO `sys_users` VALUES ('3a0c0381-2b83-5125-2df8-9f50c0e3d11a',NULL,'admin','ADMIN','admin',NULL,'admin@abp.io','ADMIN@ABP.IO',0,'AQAAAAIAAYagAAAAEOXl2MrO4VPMUQWwnvmsA5nmTAYZ7r75zwtotjesClI6oK/S9p/IXmKWvdXRMBNRlQ==','G52ZEGZHZCOKDLYINMO3AS5K32WHEA2L',0,NULL,0,1,0,NULL,1,0,0,3,'2023-06-25 06:53:35.865866','{}','486f16df2bd74a65b72a6abe20d3d1c2','2023-06-25 14:53:36.121420',NULL,'2023-08-02 13:10:35.534075',NULL,0,NULL,NULL),('3a0c36d3-8e9c-2afe-4a28-15a5ae9d252b',NULL,'Rex','REX','雷克斯',NULL,'rex@example.com','REX@EXAMPLE.COM',0,'AQAAAAIAAYagAAAAEA12Uca/ZVk18DDj58T2nLihF0N4ndIYA5dOI3oFZT6Xcxlo+r/RaT2OZWus+vC5HQ==','BAMFQLG6DBSMUHTZPOY5TQUR32U77HOG',0,NULL,0,1,0,NULL,1,0,0,9,'2023-07-05 06:04:12.918685','{}','dced791d104c4964ab3a095bd4d0591d','2023-07-05 14:04:12.987694',NULL,'2023-08-07 10:48:09.657213','3a0c0381-2b83-5125-2df8-9f50c0e3d11a',1,'3a0c0381-2b83-5125-2df8-9f50c0e3d11a','2023-08-07 10:48:09.648724'),('3a0ce30c-2fb5-b847-8888-e87eafba8828','3a0ce30c-2fa1-eb65-6c0e-29bf1daadab4','admin','ADMIN','admin',NULL,'zyz@126.com','ZYZ@126.COM',0,'AQAAAAIAAYagAAAAEB8sbx6CqKMpopn0mHvivolNU6Qt8b/kJtVlo1Q4qQ81cbzLm9nyo6UuxI7VMz1q9A==','TJ3XO3VXQLTKEQLQVGU2CFDZCX5MFH5O',0,NULL,0,1,0,NULL,1,0,0,1,'2023-08-07 16:40:45.326316','{}','b69f5985182a42eb870440fce0b195aa','2023-08-08 00:40:45.329702',NULL,'2023-08-08 00:40:45.352489',NULL,0,NULL,NULL),('3a0ce5b5-d730-4445-2267-aa2826e54ecc','3a0ce30c-2fa1-eb65-6c0e-29bf1daadab4','zhangsan','ZHANGSAN','张叁','','zhangsan@qq.com','ZHANGSAN@QQ.COM',0,'AQAAAAIAAYagAAAAEN1572oQqDuKBdcBv+cFMJ7ZKQaB1wRA2U54eLnv06VJaUS0TeY2SZDfK/gvidrHBg==','LFC4QS6LJLLDJXFCYRN2VTDOZUTZH3WB',0,'',0,1,0,NULL,1,0,0,13,'2023-08-08 05:05:18.214932','{}','071ed6c992ad4a379953e6152b07a4ce','2023-08-08 13:05:18.221573','3a0ce30c-2fb5-b847-8888-e87eafba8828','2023-08-08 13:18:18.638854','3a0ce30c-2fb5-b847-8888-e87eafba8828',0,NULL,NULL),('3a0ceb4f-47d5-a1fa-3b1b-73f8432152f8',NULL,'Xb','XB','小冰','','xb@gmail.com','XB@GMAIL.COM',0,'AQAAAAIAAYagAAAAEAeeitgtd7j4lMxXDE+HWKKB8CgNcJPuOYUQisXtLc/pEsXxxtayfcpifgFRQKkk5Q==','TZU6Z35OWKMUHQEWE6N6BVAHTPWZZD3G',0,'',0,1,0,NULL,1,0,0,6,'2023-08-09 07:11:00.153148','{}','b50366366dc842a1b12d04016e218172','2023-08-09 15:11:00.182717','3a0c0381-2b83-5125-2df8-9f50c0e3d11a','2023-08-09 15:11:00.262269','3a0c0381-2b83-5125-2df8-9f50c0e3d11a',0,NULL,NULL);
/*!40000 ALTER TABLE `sys_users` ENABLE KEYS */;
UNLOCK TABLES;

--
-- Table structure for table `sys_usertokens`
--

DROP TABLE IF EXISTS `sys_usertokens`;
/*!40101 SET @saved_cs_client     = @@character_set_client */;
/*!50503 SET character_set_client = utf8mb4 */;
CREATE TABLE `sys_usertokens` (
  `UserId` char(36) CHARACTER SET ascii COLLATE ascii_general_ci NOT NULL,
  `LoginProvider` varchar(64) CHARACTER SET utf8mb4 COLLATE utf8mb4_0900_ai_ci NOT NULL,
  `Name` varchar(128) CHARACTER SET utf8mb4 COLLATE utf8mb4_0900_ai_ci NOT NULL,
  `TenantId` char(36) CHARACTER SET ascii COLLATE ascii_general_ci DEFAULT NULL,
  `Value` longtext CHARACTER SET utf8mb4 COLLATE utf8mb4_0900_ai_ci,
  PRIMARY KEY (`UserId`,`LoginProvider`,`Name`),
  CONSTRAINT `FK_Sys_UserTokens_Sys_Users_UserId` FOREIGN KEY (`UserId`) REFERENCES `sys_users` (`Id`) ON DELETE CASCADE
) ENGINE=InnoDB DEFAULT CHARSET=utf8mb4 COLLATE=utf8mb4_0900_ai_ci;
/*!40101 SET character_set_client = @saved_cs_client */;

--
-- Dumping data for table `sys_usertokens`
--

LOCK TABLES `sys_usertokens` WRITE;
/*!40000 ALTER TABLE `sys_usertokens` DISABLE KEYS */;
/*!40000 ALTER TABLE `sys_usertokens` ENABLE KEYS */;
UNLOCK TABLES;

--
-- Dumping routines for database 'rex.microservice'
--
/*!40103 SET TIME_ZONE=@OLD_TIME_ZONE */;

/*!40101 SET SQL_MODE=@OLD_SQL_MODE */;
/*!40014 SET FOREIGN_KEY_CHECKS=@OLD_FOREIGN_KEY_CHECKS */;
/*!40014 SET UNIQUE_CHECKS=@OLD_UNIQUE_CHECKS */;
/*!40101 SET CHARACTER_SET_CLIENT=@OLD_CHARACTER_SET_CLIENT */;
/*!40101 SET CHARACTER_SET_RESULTS=@OLD_CHARACTER_SET_RESULTS */;
/*!40101 SET COLLATION_CONNECTION=@OLD_COLLATION_CONNECTION */;
/*!40111 SET SQL_NOTES=@OLD_SQL_NOTES */;

-- Dump completed on 2023-08-18  0:56:44
